zip_code,borough,county_name,period,rent_index
11368,Queens,Queens County,2026-04-30,2299.143092367597
11368,Queens,Queens County,2026-05-31,2391.171546391186
11368,Queens,Queens County,2026-06-30,2270.3207380824733
11368,Queens,Queens County,2026-07-31,2369.444444444445
11385,Queens,Queens County,2016-05-31,2230.17277738394
11385,Queens,Queens County,2016-06-30,2253.5593059730195
11385,Queens,Queens County,2016-07-31,2282.47774450238
11385,Queens,Queens County,2016-08-31,2307.3271804862175
11385,Queens,Queens County,2016-09-30,2304.060008749818
11385,Queens,Queens County,2016-10-31,2314.160454673635
11385,Queens,Queens County,2016-11-30,2286.580173304213
11385,Queens,Queens County,2016-12-31,2279.6056273237114
11385,Queens,Queens County,2017-01-31,2263.8362780346615
11385,Queens,Queens County,2017-02-28,2269.8222394466093
11385,Queens,Queens County,2017-03-31,2280.7155078183187
11385,Queens,Queens County,2017-04-30,2271.730846753182
11385,Queens,Queens County,2017-05-31,2298.1327101205256
11385,Queens,Queens County,2017-06-30,2289.667668063337
11385,Queens,Queens County,2017-07-31,2317.7898646861927
11385,Queens,Queens County,2017-08-31,2318.580220529569
11385,Queens,Queens County,2017-09-30,2360.186685664356
11385,Queens,Queens County,2017-10-31,2328.880629538932
11385,Queens,Queens County,2017-11-30,2321.5780413681473
11385,Queens,Queens County,2017-12-31,2289.6629456679943
11385,Queens,Queens County,2018-01-31,2283.791182081627
11385,Queens,Queens County,2018-02-28,2268.3142397661795
11385,Queens,Queens County,2018-03-31,2272.246540362667
11385,Queens,Queens County,2018-04-30,2289.5060817321882
11385,Queens,Queens County,2018-05-31,2304.0340208377525
11385,Queens,Queens County,2018-06-30,2319.861809353397
11385,Queens,Queens County,2018-07-31,2326.932030390342
11385,Queens,Queens County,2018-08-31,2338.5229118935135
11385,Queens,Queens County,2018-09-30,2340.618899598726
11385,Queens,Queens County,2018-10-31,2359.1890807890936
11385,Queens,Queens County,2018-11-30,2343.3055766019615
11385,Queens,Queens County,2018-12-31,2345.426063014714
11385,Queens,Queens County,2019-01-31,2325.2779836657005
11385,Queens,Queens County,2019-02-28,2354.6793944922283
11385,Queens,Queens County,2019-03-31,2343.1478197892143
11385,Queens,Queens County,2019-04-30,2363.26524737777
11385,Queens,Queens County,2019-05-31,2346.0120778594314
11385,Queens,Queens County,2019-06-30,2407.130117748692
11385,Queens,Queens County,2019-07-31,2438.035020442532
11385,Queens,Queens County,2019-08-31,2463.4243497834436
11385,Queens,Queens County,2019-09-30,2442.458800600622
11385,Queens,Queens County,2019-10-31,2419.1769860391105
11385,Queens,Queens County,2019-11-30,2447.7241725673275
11385,Queens,Queens County,2019-12-31,2460.6830837127486
11385,Queens,Queens County,2020-01-31,2480.6200196095847
11385,Queens,Queens County,2020-02-29,2479.726112436511
11385,Queens,Queens County,2020-03-31,2456.536281857552
11385,Queens,Queens County,2020-04-30,2439.5373326565095
11385,Queens,Queens County,2020-05-31,2441.0714004957435
11385,Queens,Queens County,2020-06-30,2440.663878948172
11385,Queens,Queens County,2020-07-31,2437.5996197177524
11385,Queens,Queens County,2020-08-31,2386.914546566013
11385,Queens,Queens County,2020-09-30,2361.660866162856
11385,Queens,Queens County,2020-10-31,2331.101526114892
11385,Queens,Queens County,2020-11-30,2293.537883827149
11385,Queens,Queens County,2020-12-31,2258.741141894283
11385,Queens,Queens County,2021-01-31,2238.09339419098
11385,Queens,Queens County,2021-02-28,2237.815964734047
11385,Queens,Queens County,2021-03-31,2243.765985732114
11385,Queens,Queens County,2021-04-30,2245.9003674164496
11385,Queens,Queens County,2021-05-31,2278.26642018211
11385,Queens,Queens County,2021-06-30,2308.491681838854
11385,Queens,Queens County,2021-07-31,2362.7295981617917
11385,Queens,Queens County,2021-08-31,2395.544091671452
11385,Queens,Queens County,2021-09-30,2447.920720307119
11385,Queens,Queens County,2021-10-31,2483.6695202065407
11385,Queens,Queens County,2021-11-30,2508.4557021748155
11385,Queens,Queens County,2021-12-31,2522.65218910671
11385,Queens,Queens County,2022-01-31,2530.4823295597334
11385,Queens,Queens County,2022-02-28,2550.8974970185204
11385,Queens,Queens County,2022-03-31,2570.2151163957774
11385,Queens,Queens County,2022-04-30,2615.862896743572
11385,Queens,Queens County,2022-05-31,2672.523531079238
11385,Queens,Queens County,2022-06-30,2775.517697286598
11385,Queens,Queens County,2022-07-31,2835.2384269872136
11385,Queens,Queens County,2022-08-31,2899.6629661980546
11385,Queens,Queens County,2022-09-30,2903.6862068784885
11385,Queens,Queens County,2022-10-31,2925.842180226733
11385,Queens,Queens County,2022-11-30,2897.00400994403
11385,Queens,Queens County,2022-12-31,2873.748436259516
11385,Queens,Queens County,2023-01-31,2826.7312691926004
11385,Queens,Queens County,2023-02-28,2823.041015799576
11385,Queens,Queens County,2023-03-31,2832.300884097304
11385,Queens,Queens County,2023-04-30,2864.324403015909
11385,Queens,Queens County,2023-05-31,2894.032081435093
11385,Queens,Queens County,2023-06-30,2917.8451404338252
11385,Queens,Queens County,2023-07-31,2937.7293401483175
11385,Queens,Queens County,2023-08-31,2956.5050565411143
11385,Queens,Queens County,2023-09-30,2980.741071886966
11385,Queens,Queens County,2023-10-31,2991.5363654123807
11385,Queens,Queens County,2023-11-30,2983.2465386953977
11385,Queens,Queens County,2023-12-31,2945.0822767204227
11385,Queens,Queens County,2024-01-31,2933.2542127194533
11385,Queens,Queens County,2024-02-29,2944.636156948104
11385,Queens,Queens County,2024-03-31,2995.9048820215157
11385,Queens,Queens County,2024-04-30,3010.651531641178
11385,Queens,Queens County,2024-05-31,3052.657058450882
11385,Queens,Queens County,2024-06-30,3076.351378439824
11385,Queens,Queens County,2024-07-31,3138.088982453744
11385,Queens,Queens County,2024-08-31,3147.801647685297
11385,Queens,Queens County,2024-09-30,3119.8507236761925
11385,Queens,Queens County,2024-10-31,3064.990149627246
11385,Queens,Queens County,2024-11-30,3006.0450491986685
11385,Queens,Queens County,2024-12-31,2983.610409442762
11385,Queens,Queens County,2025-01-31,3040.624731773565
11385,Queens,Queens County,2025-02-28,3081.834881993994
11385,Queens,Queens County,2025-03-31,3132.065704849455
11385,Queens,Queens County,2025-04-30,3127.9904245066264
11385,Queens,Queens County,2025-05-31,3184.9866265852115
11385,Queens,Queens County,2025-06-30,3230.4965831644004
11385,Queens,Queens County,2025-07-31,3280.939072112444
11385,Queens,Queens County,2025-08-31,3254.0497192745797
11385,Queens,Queens County,2025-09-30,3239.9199374169775
11385,Queens,Queens County,2025-10-31,3203.8337534439142
11385,Queens,Queens County,2025-11-30,3194.774402215748
11385,Queens,Queens County,2025-12-31,3151.555650438556
11385,Queens,Queens County,2026-01-31,3190.176954852937
11385,Queens,Queens County,2026-02-28,3239.6074150077884
11385,Queens,Queens County,2026-03-31,3293.943827896345
11385,Queens,Queens County,2026-04-30,3320.406262764204
11385,Queens,Queens County,2026-05-31,3388.076148386767
11385,Queens,Queens County,2026-06-30,3457.1334335370175
11385,Queens,Queens County,2026-07-31,3456.875631313131
11208,Brooklyn,Kings County,2022-03-31,2131.9185161674927
11208,Brooklyn,Kings County,2022-04-30,2163.8281269101744
11208,Brooklyn,Kings County,2022-05-31,2236.614838828064
11208,Brooklyn,Kings County,2022-06-30,2273.5686526440736
11208,Brooklyn,Kings County,2022-07-31,2232.286184659176
11208,Brooklyn,Kings County,2022-08-31,2232.877968161302
11208,Brooklyn,Kings County,2022-09-30,2210.1689005230514
11208,Brooklyn,Kings County,2022-10-31,2242.2247474617016
11208,Brooklyn,Kings County,2022-11-30,2269.574800860686
11208,Brooklyn,Kings County,2022-12-31,2292.334962762646
11208,Brooklyn,Kings County,2023-01-31,2346.623245840115
11208,Brooklyn,Kings County,2023-02-28,2360.6997053009
11208,Brooklyn,Kings County,2023-03-31,2363.5632260970433
11208,Brooklyn,Kings County,2023-04-30,2380.497383874003
11208,Brooklyn,Kings County,2023-05-31,2390.103107110368
11208,Brooklyn,Kings County,2023-06-30,2440.7988808103987
11208,Brooklyn,Kings County,2023-07-31,2440.5360052476535
11208,Brooklyn,Kings County,2023-08-31,2452.76391575324
11208,Brooklyn,Kings County,2023-09-30,2441.583451727833
11208,Brooklyn,Kings County,2023-10-31,2421.5211527588012
11208,Brooklyn,Kings County,2023-11-30,2433.53848751445
11208,Brooklyn,Kings County,2023-12-31,2458.085281504342
11208,Brooklyn,Kings County,2024-01-31,2508.8999816841674
11208,Brooklyn,Kings County,2024-02-29,2549.6277402837604
11208,Brooklyn,Kings County,2024-03-31,2577.1944839381126
11208,Brooklyn,Kings County,2024-04-30,2542.5451408655977
11208,Brooklyn,Kings County,2024-05-31,2504.193983661609
11208,Brooklyn,Kings County,2024-06-30,2523.5714989988774
11208,Brooklyn,Kings County,2024-07-31,2508.505383686462
11208,Brooklyn,Kings County,2024-08-31,2606.7910844483745
11208,Brooklyn,Kings County,2024-09-30,2621.2755755639837
11208,Brooklyn,Kings County,2024-10-31,2847.1323892360265
11208,Brooklyn,Kings County,2024-11-30,2954.3343070569463
11208,Brooklyn,Kings County,2024-12-31,2895.7867130721634
11208,Brooklyn,Kings County,2025-01-31,2817.8238165140688
11208,Brooklyn,Kings County,2025-02-28,2742.885020551546
11208,Brooklyn,Kings County,2025-03-31,2841.6007855864955
11208,Brooklyn,Kings County,2025-04-30,2810.6086075880967
11208,Brooklyn,Kings County,2025-05-31,2692.619362022472
11208,Brooklyn,Kings County,2025-06-30,2755.2194818306207
11208,Brooklyn,Kings County,2025-07-31,2831.251241364342
11208,Brooklyn,Kings County,2025-08-31,2943.0442011161863
11208,Brooklyn,Kings County,2025-09-30,2992.8283504880733
11208,Brooklyn,Kings County,2025-10-31,3058.4200032553586
11208,Brooklyn,Kings County,2025-11-30,3089.87901612062
11208,Brooklyn,Kings County,2025-12-31,2969.182359715025
11208,Brooklyn,Kings County,2026-01-31,2890.1297975586226
11208,Brooklyn,Kings County,2026-02-28,2936.4149303691447
11208,Brooklyn,Kings County,2026-03-31,2985.6417891171627
11208,Brooklyn,Kings County,2026-04-30,2988.4969686582654
11208,Brooklyn,Kings County,2026-05-31,3033.451307737455
11208,Brooklyn,Kings County,2026-06-30,3058.1231076489967
11208,Brooklyn,Kings County,2026-07-31,3258.790476190476
11236,Brooklyn,Kings County,2025-08-31,2610.094324742786
11236,Brooklyn,Kings County,2025-09-30,2663.5214069344174
11236,Brooklyn,Kings County,2025-10-31,2713.1560712461333
11236,Brooklyn,Kings County,2025-11-30,2757.2917566905353
11236,Brooklyn,Kings County,2025-12-31,2668.3930763533754
11236,Brooklyn,Kings County,2026-01-31,2746.503430802188
11236,Brooklyn,Kings County,2026-02-28,2738.254704701793
11236,Brooklyn,Kings County,2026-03-31,2758.617552203542
11236,Brooklyn,Kings County,2026-04-30,2806.5447236309697
11236,Brooklyn,Kings County,2026-05-31,2833.273536953684
11236,Brooklyn,Kings County,2026-06-30,2952.8168620574215
11236,Brooklyn,Kings County,2026-07-31,2933.277777777778
10467,Bronx,Bronx County,2016-05-31,1244.262516677961
10467,Bronx,Bronx County,2016-06-30,1227.9773471696146
10467,Bronx,Bronx County,2016-07-31,1250.1729067034414
10467,Bronx,Bronx County,2016-08-31,1215.6369168773879
10467,Bronx,Bronx County,2016-09-30,1233.008053483905
10467,Bronx,Bronx County,2016-10-31,1214.03677747222
10467,Bronx,Bronx County,2016-11-30,1205.9599101144404
10467,Bronx,Bronx County,2016-12-31,1195.6309943928486
10467,Bronx,Bronx County,2017-01-31,1244.6118568370487
10467,Bronx,Bronx County,2017-02-28,1266.784753415902
10467,Bronx,Bronx County,2017-03-31,1323.9682478620587
10467,Bronx,Bronx County,2017-04-30,1320.649992118757
10467,Bronx,Bronx County,2017-05-31,1341.6113340389227
10467,Bronx,Bronx County,2017-06-30,1315.9076029381015
10467,Bronx,Bronx County,2017-07-31,1317.3991656245128
10467,Bronx,Bronx County,2017-08-31,1285.9807045135549
10467,Bronx,Bronx County,2017-09-30,1283.3276286326798
10467,Bronx,Bronx County,2017-10-31,1301.6812236932178
10467,Bronx,Bronx County,2017-11-30,1329.7195217229041
10467,Bronx,Bronx County,2017-12-31,1332.7593659950792
10467,Bronx,Bronx County,2018-01-31,1303.3150109163923
10467,Bronx,Bronx County,2018-02-28,1342.6326913181072
10467,Bronx,Bronx County,2018-03-31,1367.6633659231063
10467,Bronx,Bronx County,2018-04-30,1406.4132697055188
10467,Bronx,Bronx County,2018-05-31,1405.1807478592955
10467,Bronx,Bronx County,2018-06-30,1404.6477532555193
10467,Bronx,Bronx County,2018-07-31,1420.8640831184232
10467,Bronx,Bronx County,2018-08-31,1416.4626957780645
10467,Bronx,Bronx County,2018-09-30,1442.8090452748786
10467,Bronx,Bronx County,2018-10-31,1455.5098135520625
10467,Bronx,Bronx County,2018-11-30,1459.0460277517848
10467,Bronx,Bronx County,2018-12-31,1481.0355679722988
10467,Bronx,Bronx County,2019-01-31,1470.0780617283317
10467,Bronx,Bronx County,2019-02-28,1465.87944167126
10467,Bronx,Bronx County,2019-03-31,1446.4315377216037
10467,Bronx,Bronx County,2019-04-30,1442.3854131361434
10467,Bronx,Bronx County,2019-05-31,1450.993993364621
10467,Bronx,Bronx County,2019-06-30,1447.4679113648317
10467,Bronx,Bronx County,2019-07-31,1488.3541220557213
10467,Bronx,Bronx County,2019-08-31,1500.1675172354296
10467,Bronx,Bronx County,2019-09-30,1552.645635001231
10467,Bronx,Bronx County,2019-10-31,1551.7492828257698
10467,Bronx,Bronx County,2019-11-30,1531.0025021176289
10467,Bronx,Bronx County,2019-12-31,1505.917755039685
10467,Bronx,Bronx County,2020-01-31,1508.7741330533568
10467,Bronx,Bronx County,2020-02-29,1549.7421772455602
10467,Bronx,Bronx County,2020-03-31,1557.392236955818
10467,Bronx,Bronx County,2020-04-30,1538.2417776664988
10467,Bronx,Bronx County,2020-05-31,1496.5046398431114
10467,Bronx,Bronx County,2020-06-30,1497.4608052107224
10467,Bronx,Bronx County,2020-07-31,1547.3998890453302
10467,Bronx,Bronx County,2020-08-31,1604.822559197929
10467,Bronx,Bronx County,2020-09-30,1630.2655218937305
10467,Bronx,Bronx County,2020-10-31,1623.8120920355045
10467,Bronx,Bronx County,2020-11-30,1646.0528671272568
10467,Bronx,Bronx County,2020-12-31,1601.8762232135782
10467,Bronx,Bronx County,2021-01-31,1608.5243231390723
10467,Bronx,Bronx County,2021-02-28,1566.6020061208442
10467,Bronx,Bronx County,2021-03-31,1597.0343132692715
10467,Bronx,Bronx County,2021-04-30,1553.5284235111255
10467,Bronx,Bronx County,2021-05-31,1579.2743160866896
10467,Bronx,Bronx County,2021-06-30,1587.1421780672395
10467,Bronx,Bronx County,2021-07-31,1624.3749008367881
10467,Bronx,Bronx County,2021-08-31,1613.520401942836
10467,Bronx,Bronx County,2021-09-30,1640.012866778961
10467,Bronx,Bronx County,2021-10-31,1655.082771725616
10467,Bronx,Bronx County,2021-11-30,1666.1745159805173
10467,Bronx,Bronx County,2021-12-31,1607.4479633045405
10467,Bronx,Bronx County,2022-01-31,1610.924601758244
10467,Bronx,Bronx County,2022-02-28,1656.2478147893853
10467,Bronx,Bronx County,2022-03-31,1722.2735843225735
10467,Bronx,Bronx County,2022-04-30,1755.5089355757402
10467,Bronx,Bronx County,2022-05-31,1749.6515441540573
10467,Bronx,Bronx County,2022-06-30,1752.9097478572878
10467,Bronx,Bronx County,2022-07-31,1774.5698457089504
10467,Bronx,Bronx County,2022-08-31,1776.6029254509986
10467,Bronx,Bronx County,2022-09-30,1767.594131472376
10467,Bronx,Bronx County,2022-10-31,1732.8726416335426
10467,Bronx,Bronx County,2022-11-30,1748.786285975492
10467,Bronx,Bronx County,2022-12-31,1741.5659458379428
10467,Bronx,Bronx County,2023-01-31,1778.289091726933
10467,Bronx,Bronx County,2023-02-28,1784.37360644685
10467,Bronx,Bronx County,2023-03-31,1822.644661160879
10467,Bronx,Bronx County,2023-04-30,1808.3123226181654
10467,Bronx,Bronx County,2023-05-31,1846.233470563371
10467,Bronx,Bronx County,2023-06-30,1903.2770506421045
10467,Bronx,Bronx County,2023-07-31,1943.8879796324716
10467,Bronx,Bronx County,2023-08-31,1954.9617308098125
10467,Bronx,Bronx County,2023-09-30,2012.5229153929706
10467,Bronx,Bronx County,2023-10-31,2022.7549901910515
10467,Bronx,Bronx County,2023-11-30,2056.337617790008
10467,Bronx,Bronx County,2023-12-31,1982.3818093581947
10467,Bronx,Bronx County,2024-01-31,1988.933950411334
10467,Bronx,Bronx County,2024-02-29,1979.5890682974546
10467,Bronx,Bronx County,2024-03-31,1990.6969338722843
10467,Bronx,Bronx County,2024-04-30,2040.1024633475565
10467,Bronx,Bronx County,2024-05-31,2043.5442613996179
10467,Bronx,Bronx County,2024-06-30,2086.350506132591
10467,Bronx,Bronx County,2024-07-31,2080.991887122925
10467,Bronx,Bronx County,2024-08-31,2041.1767643607345
10467,Bronx,Bronx County,2024-09-30,1976.3166268141617
10467,Bronx,Bronx County,2024-10-31,2004.0804870006627
10467,Bronx,Bronx County,2024-11-30,2071.4599246470634
10467,Bronx,Bronx County,2024-12-31,2161.6389451499845
10467,Bronx,Bronx County,2025-01-31,2180.0863445855157
10467,Bronx,Bronx County,2025-02-28,2184.6808509833286
10467,Bronx,Bronx County,2025-03-31,2117.429576899181
10467,Bronx,Bronx County,2025-04-30,2034.4990168303523
10467,Bronx,Bronx County,2025-05-31,2018.9671097851678
10467,Bronx,Bronx County,2025-06-30,2147.2397181826295
10467,Bronx,Bronx County,2025-07-31,2241.9762980727123
10467,Bronx,Bronx County,2025-08-31,2300.394673753968
10467,Bronx,Bronx County,2025-09-30,2236.4719907910144
10467,Bronx,Bronx County,2025-10-31,2280.928349215968
10467,Bronx,Bronx County,2025-11-30,2262.760581024099
10467,Bronx,Bronx County,2025-12-31,2270.940536521552
10467,Bronx,Bronx County,2026-01-31,2200.4292375247373
10467,Bronx,Bronx County,2026-02-28,2250.6622021802273
10467,Bronx,Bronx County,2026-03-31,2286.9377035463444
10467,Bronx,Bronx County,2026-04-30,2295.872079893894
10467,Bronx,Bronx County,2026-05-31,2307.2522701626044
10467,Bronx,Bronx County,2026-06-30,2366.3987628226437
10467,Bronx,Bronx County,2026-07-31,2371.797619047619
11373,Queens,Queens County,2021-04-30,2011.4349861539783
11373,Queens,Queens County,2021-05-31,2010.2679414751617
11373,Queens,Queens County,2021-06-30,2047.8787412903541
11373,Queens,Queens County,2021-07-31,2069.710519400636
11373,Queens,Queens County,2021-08-31,2069.436863819792
11373,Queens,Queens County,2021-09-30,2108.8937957690096
11373,Queens,Queens County,2021-10-31,2078.4938738139713
11373,Queens,Queens County,2021-11-30,2122.538883454619
11373,Queens,Queens County,2021-12-31,2078.736627262061
11373,Queens,Queens County,2022-01-31,2084.2677479972285
11373,Queens,Queens County,2022-02-28,2130.043892946963
11373,Queens,Queens County,2022-03-31,2176.4075239667613
11373,Queens,Queens County,2022-04-30,2230.3341534233705
11373,Queens,Queens County,2022-05-31,2236.907509415016
11373,Queens,Queens County,2022-06-30,2288.314705725688
11373,Queens,Queens County,2022-07-31,2341.468486671548
11373,Queens,Queens County,2022-08-31,2332.244632460431
11373,Queens,Queens County,2022-09-30,2308.403408552611
11373,Queens,Queens County,2022-10-31,2296.219480321716
11373,Queens,Queens County,2022-11-30,2304.454113985913
11373,Queens,Queens County,2022-12-31,2324.4718129954226
11373,Queens,Queens County,2023-01-31,2345.3555958418115
11373,Queens,Queens County,2023-02-28,2332.874301526054
11373,Queens,Queens County,2023-03-31,2334.2594249044905
11373,Queens,Queens County,2023-04-30,2316.224130223735
11373,Queens,Queens County,2023-05-31,2361.035704330831
11373,Queens,Queens County,2023-06-30,2388.177522738592
11373,Queens,Queens County,2023-07-31,2427.333137162909
11373,Queens,Queens County,2023-08-31,2448.8969525986195
11373,Queens,Queens County,2023-09-30,2439.425448547796
11373,Queens,Queens County,2023-10-31,2449.0916628933105
11373,Queens,Queens County,2023-11-30,2445.0722365711495
11373,Queens,Queens County,2023-12-31,2437.4648527724353
11373,Queens,Queens County,2024-01-31,2430.121260662738
11373,Queens,Queens County,2024-02-29,2423.9282660628514
11373,Queens,Queens County,2024-03-31,2451.246952311704
11373,Queens,Queens County,2024-04-30,2507.166980861779
11373,Queens,Queens County,2024-05-31,2542.4501906798355
11373,Queens,Queens County,2024-06-30,2581.5484325044617
11373,Queens,Queens County,2024-07-31,2611.0161552625686
11373,Queens,Queens County,2024-08-31,2615.9575799264844
11373,Queens,Queens County,2024-09-30,2648.75050725746
11373,Queens,Queens County,2024-10-31,2534.5910020153137
11373,Queens,Queens County,2024-11-30,2552.9373805822092
11373,Queens,Queens County,2024-12-31,2485.7023850624264
11373,Queens,Queens County,2025-01-31,2518.2460242137904
11373,Queens,Queens County,2025-02-28,2507.4233075392613
11373,Queens,Queens County,2025-03-31,2540.2711936504015
11373,Queens,Queens County,2025-04-30,2541.7357111393376
11373,Queens,Queens County,2025-05-31,2541.403339551582
11373,Queens,Queens County,2025-06-30,2559.084036684369
11373,Queens,Queens County,2025-07-31,2604.0380791523294
11373,Queens,Queens County,2025-08-31,2634.5120937829033
11373,Queens,Queens County,2025-09-30,2644.55300247528
11373,Queens,Queens County,2025-10-31,2666.655836115705
11373,Queens,Queens County,2025-11-30,2688.168722441332
11373,Queens,Queens County,2025-12-31,2760.700338197827
11373,Queens,Queens County,2026-01-31,2763.810947186796
11373,Queens,Queens County,2026-02-28,2726.2236360459688
11373,Queens,Queens County,2026-03-31,2709.3750168979846
11373,Queens,Queens County,2026-04-30,2757.653448316605
11373,Queens,Queens County,2026-05-31,2839.7238690562262
11373,Queens,Queens County,2026-06-30,2806.7282764051492
11373,Queens,Queens County,2026-07-31,2823.0
11226,Brooklyn,Kings County,2015-01-31,1920.2484013603998
11226,Brooklyn,Kings County,2015-02-28,1945.1996390445158
11226,Brooklyn,Kings County,2015-03-31,2034.0529627955991
11226,Brooklyn,Kings County,2015-04-30,2037.6065491034187
11226,Brooklyn,Kings County,2015-05-31,2052.082553696831
11226,Brooklyn,Kings County,2015-06-30,2034.0840925206767
11226,Brooklyn,Kings County,2015-07-31,2055.2060856567236
11226,Brooklyn,Kings County,2015-08-31,2072.4630556989423
11226,Brooklyn,Kings County,2015-09-30,2095.380507698375
11226,Brooklyn,Kings County,2015-10-31,2094.542281962653
11226,Brooklyn,Kings County,2015-11-30,2092.646770216077
11226,Brooklyn,Kings County,2015-12-31,2086.300126376163
11226,Brooklyn,Kings County,2016-01-31,2091.2313396672935
11226,Brooklyn,Kings County,2016-02-29,2083.2932190667184
11226,Brooklyn,Kings County,2016-03-31,2133.457512985482
11226,Brooklyn,Kings County,2016-04-30,2152.270934389582
11226,Brooklyn,Kings County,2016-05-31,2178.060053483934
11226,Brooklyn,Kings County,2016-06-30,2203.218473375748
11226,Brooklyn,Kings County,2016-07-31,2242.120481347889
11226,Brooklyn,Kings County,2016-08-31,2246.8796523618335
11226,Brooklyn,Kings County,2016-09-30,2209.9691673883863
11226,Brooklyn,Kings County,2016-10-31,2180.7594811896943
11226,Brooklyn,Kings County,2016-11-30,2213.7085458612382
11226,Brooklyn,Kings County,2016-12-31,2227.834845854324
11226,Brooklyn,Kings County,2017-01-31,2237.5178116182165
11226,Brooklyn,Kings County,2017-02-28,2228.155070845833
11226,Brooklyn,Kings County,2017-03-31,2234.1872875365502
11226,Brooklyn,Kings County,2017-04-30,2228.285075498481
11226,Brooklyn,Kings County,2017-05-31,2232.0948903265526
11226,Brooklyn,Kings County,2017-06-30,2255.1518703997594
11226,Brooklyn,Kings County,2017-07-31,2279.9243191467926
11226,Brooklyn,Kings County,2017-08-31,2281.7886421927437
11226,Brooklyn,Kings County,2017-09-30,2272.7992887508026
11226,Brooklyn,Kings County,2017-10-31,2252.161470465673
11226,Brooklyn,Kings County,2017-11-30,2230.5708802472577
11226,Brooklyn,Kings County,2017-12-31,2213.535472925724
11226,Brooklyn,Kings County,2018-01-31,2220.460978486277
11226,Brooklyn,Kings County,2018-02-28,2250.7658272194026
11226,Brooklyn,Kings County,2018-03-31,2275.9956149682635
11226,Brooklyn,Kings County,2018-04-30,2303.799678476059
11226,Brooklyn,Kings County,2018-05-31,2309.603665528759
11226,Brooklyn,Kings County,2018-06-30,2319.1883745986606
11226,Brooklyn,Kings County,2018-07-31,2337.0724411649962
11226,Brooklyn,Kings County,2018-08-31,2366.9782430006903
11226,Brooklyn,Kings County,2018-09-30,2383.70066480192
11226,Brooklyn,Kings County,2018-10-31,2363.946879362819
11226,Brooklyn,Kings County,2018-11-30,2342.431862066618
11226,Brooklyn,Kings County,2018-12-31,2318.4451944156676
11226,Brooklyn,Kings County,2019-01-31,2332.600915532838
11226,Brooklyn,Kings County,2019-02-28,2326.153664373991
11226,Brooklyn,Kings County,2019-03-31,2355.427314368812
11226,Brooklyn,Kings County,2019-04-30,2344.603499638753
11226,Brooklyn,Kings County,2019-05-31,2372.835926641319
11226,Brooklyn,Kings County,2019-06-30,2374.075598616133
11226,Brooklyn,Kings County,2019-07-31,2399.6877343112205
11226,Brooklyn,Kings County,2019-08-31,2420.066470674979
11226,Brooklyn,Kings County,2019-09-30,2432.363206287037
11226,Brooklyn,Kings County,2019-10-31,2430.924076815788
11226,Brooklyn,Kings County,2019-11-30,2397.6160692193766
11226,Brooklyn,Kings County,2019-12-31,2369.7314790561045
11226,Brooklyn,Kings County,2020-01-31,2376.8829878873617
11226,Brooklyn,Kings County,2020-02-29,2373.9235240591274
11226,Brooklyn,Kings County,2020-03-31,2404.7378639044045
11226,Brooklyn,Kings County,2020-04-30,2396.6788838554703
11226,Brooklyn,Kings County,2020-05-31,2410.918468878053
11226,Brooklyn,Kings County,2020-06-30,2398.839558655357
11226,Brooklyn,Kings County,2020-07-31,2403.6457865442176
11226,Brooklyn,Kings County,2020-08-31,2373.0926549080023
11226,Brooklyn,Kings County,2020-09-30,2335.832358788335
11226,Brooklyn,Kings County,2020-10-31,2299.6336476926444
11226,Brooklyn,Kings County,2020-11-30,2285.002930763557
11226,Brooklyn,Kings County,2020-12-31,2246.971668041439
11226,Brooklyn,Kings County,2021-01-31,2207.2485895086993
11226,Brooklyn,Kings County,2021-02-28,2206.6235179212517
11226,Brooklyn,Kings County,2021-03-31,2233.982165665962
11226,Brooklyn,Kings County,2021-04-30,2275.2966935419936
11226,Brooklyn,Kings County,2021-05-31,2300.2191432581544
11226,Brooklyn,Kings County,2021-06-30,2327.8283172105484
11226,Brooklyn,Kings County,2021-07-31,2368.922184337007
11226,Brooklyn,Kings County,2021-08-31,2391.2121711458267
11226,Brooklyn,Kings County,2021-09-30,2428.770907424796
11226,Brooklyn,Kings County,2021-10-31,2432.230259041528
11226,Brooklyn,Kings County,2021-11-30,2448.6049531008034
11226,Brooklyn,Kings County,2021-12-31,2450.511109002989
11226,Brooklyn,Kings County,2022-01-31,2476.4413364766133
11226,Brooklyn,Kings County,2022-02-28,2512.7528767133276
11226,Brooklyn,Kings County,2022-03-31,2552.1486703731903
11226,Brooklyn,Kings County,2022-04-30,2585.4105337940855
11226,Brooklyn,Kings County,2022-05-31,2626.2107475087682
11226,Brooklyn,Kings County,2022-06-30,2680.335652143688
11226,Brooklyn,Kings County,2022-07-31,2718.4552096273974
11226,Brooklyn,Kings County,2022-08-31,2726.8717618541414
11226,Brooklyn,Kings County,2022-09-30,2725.0800515555466
11226,Brooklyn,Kings County,2022-10-31,2728.8919663748243
11226,Brooklyn,Kings County,2022-11-30,2724.7317090591137
11226,Brooklyn,Kings County,2022-12-31,2690.892495195758
11226,Brooklyn,Kings County,2023-01-31,2686.8165806664474
11226,Brooklyn,Kings County,2023-02-28,2683.2698306514358
11226,Brooklyn,Kings County,2023-03-31,2722.4938893451063
11226,Brooklyn,Kings County,2023-04-30,2740.6210372207734
11226,Brooklyn,Kings County,2023-05-31,2768.2681433688854
11226,Brooklyn,Kings County,2023-06-30,2788.1853324895683
11226,Brooklyn,Kings County,2023-07-31,2800.4867941396
11226,Brooklyn,Kings County,2023-08-31,2810.4088923004715
11226,Brooklyn,Kings County,2023-09-30,2791.6246231996292
11226,Brooklyn,Kings County,2023-10-31,2776.5402419604166
11226,Brooklyn,Kings County,2023-11-30,2755.7912508392997
11226,Brooklyn,Kings County,2023-12-31,2760.4955143208626
11226,Brooklyn,Kings County,2024-01-31,2773.1622066144573
11226,Brooklyn,Kings County,2024-02-29,2774.6288872628443
11226,Brooklyn,Kings County,2024-03-31,2772.4713465185637
11226,Brooklyn,Kings County,2024-04-30,2782.768496048415
11226,Brooklyn,Kings County,2024-05-31,2818.76624962565
11226,Brooklyn,Kings County,2024-06-30,2849.1515650516267
11226,Brooklyn,Kings County,2024-07-31,2883.2678641532084
11226,Brooklyn,Kings County,2024-08-31,2889.9044203918297
11226,Brooklyn,Kings County,2024-09-30,2872.580796102644
11226,Brooklyn,Kings County,2024-10-31,2816.2851287084186
11226,Brooklyn,Kings County,2024-11-30,2786.549571507669
11226,Brooklyn,Kings County,2024-12-31,2767.929218079793
11226,Brooklyn,Kings County,2025-01-31,2801.268886545027
11226,Brooklyn,Kings County,2025-02-28,2804.194416172557
11226,Brooklyn,Kings County,2025-03-31,2838.3320328831915
11226,Brooklyn,Kings County,2025-04-30,2850.714148378296
11226,Brooklyn,Kings County,2025-05-31,2904.845476678908
11226,Brooklyn,Kings County,2025-06-30,2934.640690839451
11226,Brooklyn,Kings County,2025-07-31,2959.6218554967513
11226,Brooklyn,Kings County,2025-08-31,2960.949737048644
11226,Brooklyn,Kings County,2025-09-30,2961.0118431418136
11226,Brooklyn,Kings County,2025-10-31,2949.96581155433
11226,Brooklyn,Kings County,2025-11-30,2931.6926723910337
11226,Brooklyn,Kings County,2025-12-31,2910.5379613441874
11226,Brooklyn,Kings County,2026-01-31,2899.8099237515394
11226,Brooklyn,Kings County,2026-02-28,2920.057007788456
11226,Brooklyn,Kings County,2026-03-31,2949.9764644218862
11226,Brooklyn,Kings County,2026-04-30,2975.817748287351
11226,Brooklyn,Kings County,2026-05-31,2989.6993334274675
11226,Brooklyn,Kings County,2026-06-30,3022.2769200150483
11226,Brooklyn,Kings County,2026-07-31,3056.391516996448
11207,Brooklyn,Kings County,2015-01-31,1882.180996494891
11207,Brooklyn,Kings County,2015-02-28,1779.5705135032167
11207,Brooklyn,Kings County,2015-03-31,1714.0120988672877
11207,Brooklyn,Kings County,2015-04-30,1744.6302784533427
11207,Brooklyn,Kings County,2015-05-31,1842.1492735766192
11207,Brooklyn,Kings County,2015-06-30,1969.783831518154
11207,Brooklyn,Kings County,2015-07-31,1980.4520886844957
11207,Brooklyn,Kings County,2015-08-31,1966.6141076842591
11207,Brooklyn,Kings County,2015-09-30,1995.6176436607739
11207,Brooklyn,Kings County,2015-10-31,1986.4257205712613
11207,Brooklyn,Kings County,2015-11-30,2019.5933887457277
11207,Brooklyn,Kings County,2015-12-31,1974.2847260521469
11207,Brooklyn,Kings County,2016-01-31,1992.4446169117489
11207,Brooklyn,Kings County,2016-02-29,2013.2239058420457
11207,Brooklyn,Kings County,2016-03-31,2085.2914594424046
11207,Brooklyn,Kings County,2016-04-30,2103.799774195382
11207,Brooklyn,Kings County,2016-05-31,2075.2347528650785
11207,Brooklyn,Kings County,2016-06-30,2057.2279006344115
11207,Brooklyn,Kings County,2016-07-31,2062.59922580968
11207,Brooklyn,Kings County,2016-08-31,2086.271176343626
11207,Brooklyn,Kings County,2016-09-30,2073.021474568237
11207,Brooklyn,Kings County,2016-10-31,2069.3136826957675
11207,Brooklyn,Kings County,2016-11-30,2077.158787967528
11207,Brooklyn,Kings County,2016-12-31,2071.4359041788257
11207,Brooklyn,Kings County,2017-01-31,2070.2296562974366
11207,Brooklyn,Kings County,2017-02-28,2049.8058436423835
11207,Brooklyn,Kings County,2017-03-31,2038.266486699632
11207,Brooklyn,Kings County,2017-04-30,2034.0524027132665
11207,Brooklyn,Kings County,2017-05-31,2020.532773938927
11207,Brooklyn,Kings County,2017-06-30,2044.0352918309663
11207,Brooklyn,Kings County,2017-07-31,2061.0484085890253
11207,Brooklyn,Kings County,2017-08-31,2100.4109500699687
11207,Brooklyn,Kings County,2017-09-30,2127.986989155616
11207,Brooklyn,Kings County,2017-10-31,2149.903194432724
11207,Brooklyn,Kings County,2017-11-30,2128.786975154737
11207,Brooklyn,Kings County,2017-12-31,2132.4626665857986
11207,Brooklyn,Kings County,2018-01-31,2108.398902585686
11207,Brooklyn,Kings County,2018-02-28,2115.316583133726
11207,Brooklyn,Kings County,2018-03-31,2114.472114143877
11207,Brooklyn,Kings County,2018-04-30,2179.149105390856
11207,Brooklyn,Kings County,2018-05-31,2200.3859431506744
11207,Brooklyn,Kings County,2018-06-30,2210.601462505884
11207,Brooklyn,Kings County,2018-07-31,2180.9694022783997
11207,Brooklyn,Kings County,2018-08-31,2203.7511899036035
11207,Brooklyn,Kings County,2018-09-30,2203.521248315955
11207,Brooklyn,Kings County,2018-10-31,2184.0365176904343
11207,Brooklyn,Kings County,2018-11-30,2192.164557926384
11207,Brooklyn,Kings County,2018-12-31,2193.3136438451825
11207,Brooklyn,Kings County,2019-01-31,2222.102894333906
11207,Brooklyn,Kings County,2019-02-28,2217.349172430556
11207,Brooklyn,Kings County,2019-03-31,2250.3897002197655
11207,Brooklyn,Kings County,2019-04-30,2225.004911468828
11207,Brooklyn,Kings County,2019-05-31,2253.8260036211386
11207,Brooklyn,Kings County,2019-06-30,2251.419561064206
11207,Brooklyn,Kings County,2019-07-31,2295.7401093087356
11207,Brooklyn,Kings County,2019-08-31,2291.7886699945934
11207,Brooklyn,Kings County,2019-09-30,2302.05206309317
11207,Brooklyn,Kings County,2019-10-31,2300.3694548897424
11207,Brooklyn,Kings County,2019-11-30,2314.2592619903926
11207,Brooklyn,Kings County,2019-12-31,2337.217397890294
11207,Brooklyn,Kings County,2020-01-31,2358.226654147963
11207,Brooklyn,Kings County,2020-02-29,2365.9428411626327
11207,Brooklyn,Kings County,2020-03-31,2347.169413278622
11207,Brooklyn,Kings County,2020-04-30,2356.661359254638
11207,Brooklyn,Kings County,2020-05-31,2359.0765314130467
11207,Brooklyn,Kings County,2020-06-30,2350.140350778418
11207,Brooklyn,Kings County,2020-07-31,2315.465625332773
11207,Brooklyn,Kings County,2020-08-31,2280.749084254159
11207,Brooklyn,Kings County,2020-09-30,2228.532340254505
11207,Brooklyn,Kings County,2020-10-31,2181.7974901811767
11207,Brooklyn,Kings County,2020-11-30,2131.4787968560554
11207,Brooklyn,Kings County,2020-12-31,2131.382594286039
11207,Brooklyn,Kings County,2021-01-31,2063.850808111931
11207,Brooklyn,Kings County,2021-02-28,2038.425815526158
11207,Brooklyn,Kings County,2021-03-31,2027.0792397595378
11207,Brooklyn,Kings County,2021-04-30,2076.8078084751737
11207,Brooklyn,Kings County,2021-05-31,2160.4509160571542
11207,Brooklyn,Kings County,2021-06-30,2216.8573715129505
11207,Brooklyn,Kings County,2021-07-31,2289.578742567751
11207,Brooklyn,Kings County,2021-08-31,2308.802184020835
11207,Brooklyn,Kings County,2021-09-30,2338.074732217547
11207,Brooklyn,Kings County,2021-10-31,2372.3162994086088
11207,Brooklyn,Kings County,2021-11-30,2379.199467913797
11207,Brooklyn,Kings County,2021-12-31,2425.1605000442933
11207,Brooklyn,Kings County,2022-01-31,2428.357170828487
11207,Brooklyn,Kings County,2022-02-28,2446.564013509046
11207,Brooklyn,Kings County,2022-03-31,2417.4171669750567
11207,Brooklyn,Kings County,2022-04-30,2466.4072366513897
11207,Brooklyn,Kings County,2022-05-31,2583.5685174642667
11207,Brooklyn,Kings County,2022-06-30,2697.4903446260364
11207,Brooklyn,Kings County,2022-07-31,2773.9240961116006
11207,Brooklyn,Kings County,2022-08-31,2785.8155968581914
11207,Brooklyn,Kings County,2022-09-30,2849.2901825283493
11207,Brooklyn,Kings County,2022-10-31,2860.2025746515897
11207,Brooklyn,Kings County,2022-11-30,2853.0683731516615
11207,Brooklyn,Kings County,2022-12-31,2827.4233651474724
11207,Brooklyn,Kings County,2023-01-31,2785.429745166766
11207,Brooklyn,Kings County,2023-02-28,2775.027887982534
11207,Brooklyn,Kings County,2023-03-31,2712.1160448074693
11207,Brooklyn,Kings County,2023-04-30,2733.5179932679175
11207,Brooklyn,Kings County,2023-05-31,2755.144010513013
11207,Brooklyn,Kings County,2023-06-30,2824.086563497423
11207,Brooklyn,Kings County,2023-07-31,2878.2402992102143
11207,Brooklyn,Kings County,2023-08-31,2916.9797682297653
11207,Brooklyn,Kings County,2023-09-30,3001.8639119677787
11207,Brooklyn,Kings County,2023-10-31,2999.6468179071308
11207,Brooklyn,Kings County,2023-11-30,2963.5292446499957
11207,Brooklyn,Kings County,2023-12-31,2885.8200118485192
11207,Brooklyn,Kings County,2024-01-31,2869.069737241377
11207,Brooklyn,Kings County,2024-02-29,2889.97325989361
11207,Brooklyn,Kings County,2024-03-31,2895.844228952362
11207,Brooklyn,Kings County,2024-04-30,2940.160599554303
11207,Brooklyn,Kings County,2024-05-31,2983.11917098021
11207,Brooklyn,Kings County,2024-06-30,3022.8600554867953
11207,Brooklyn,Kings County,2024-07-31,3027.991284701541
11207,Brooklyn,Kings County,2024-08-31,3041.3922099755405
11207,Brooklyn,Kings County,2024-09-30,3023.917342452236
11207,Brooklyn,Kings County,2024-10-31,3032.07217141425
11207,Brooklyn,Kings County,2024-11-30,2990.585065504353
11207,Brooklyn,Kings County,2024-12-31,2935.814698679898
11207,Brooklyn,Kings County,2025-01-31,2965.714591916953
11207,Brooklyn,Kings County,2025-02-28,3016.7501304575617
11207,Brooklyn,Kings County,2025-03-31,3074.4960259516274
11207,Brooklyn,Kings County,2025-04-30,3073.271055740843
11207,Brooklyn,Kings County,2025-05-31,3092.8616330663476
11207,Brooklyn,Kings County,2025-06-30,3144.7810624629683
11207,Brooklyn,Kings County,2025-07-31,3137.853589246293
11207,Brooklyn,Kings County,2025-08-31,3159.351408502686
11207,Brooklyn,Kings County,2025-09-30,3179.819566426833
11207,Brooklyn,Kings County,2025-10-31,3209.239766191182
11207,Brooklyn,Kings County,2025-11-30,3222.5998599337468
11207,Brooklyn,Kings County,2025-12-31,3278.1029132707527
11207,Brooklyn,Kings County,2026-01-31,3292.891532781457
11207,Brooklyn,Kings County,2026-02-28,3265.5988184427997
11207,Brooklyn,Kings County,2026-03-31,3220.7913480534326
11207,Brooklyn,Kings County,2026-04-30,3209.8708718709254
11207,Brooklyn,Kings County,2026-05-31,3303.543585867489
11207,Brooklyn,Kings County,2026-06-30,3358.770046883103
11207,Brooklyn,Kings County,2026-07-31,3417.888146040778
10025,Manhattan,New York County,2015-01-31,3137.989377014959
10025,Manhattan,New York County,2015-02-28,3139.022181453907
10025,Manhattan,New York County,2015-03-31,3138.2987315974556
10025,Manhattan,New York County,2015-04-30,3163.7787146208107
10025,Manhattan,New York County,2015-05-31,3184.1883611010594
10025,Manhattan,New York County,2015-06-30,3212.9612442414304
10025,Manhattan,New York County,2015-07-31,3222.5994316983147
10025,Manhattan,New York County,2015-08-31,3220.6752639295973
10025,Manhattan,New York County,2015-09-30,3217.047780064806
10025,Manhattan,New York County,2015-10-31,3221.3531252995645
10025,Manhattan,New York County,2015-11-30,3225.8966215079167
10025,Manhattan,New York County,2015-12-31,3222.4848902285466
10025,Manhattan,New York County,2016-01-31,3209.7976191099287
10025,Manhattan,New York County,2016-02-29,3207.0558670246583
10025,Manhattan,New York County,2016-03-31,3221.356216766916
10025,Manhattan,New York County,2016-04-30,3230.758021710168
10025,Manhattan,New York County,2016-05-31,3248.0043517282115
10025,Manhattan,New York County,2016-06-30,3258.432414498281
10025,Manhattan,New York County,2016-07-31,3295.149723397447
10025,Manhattan,New York County,2016-08-31,3310.2945482298073
10025,Manhattan,New York County,2016-09-30,3314.8467913905315
10025,Manhattan,New York County,2016-10-31,3271.7990596393406
10025,Manhattan,New York County,2016-11-30,3223.863176183406
10025,Manhattan,New York County,2016-12-31,3169.777456756994
10025,Manhattan,New York County,2017-01-31,3175.128934005931
10025,Manhattan,New York County,2017-02-28,3187.1008483358314
10025,Manhattan,New York County,2017-03-31,3197.8468266184136
10025,Manhattan,New York County,2017-04-30,3207.0923217774816
10025,Manhattan,New York County,2017-05-31,3246.1558592658
10025,Manhattan,New York County,2017-06-30,3291.8096418244677
10025,Manhattan,New York County,2017-07-31,3314.481146395177
10025,Manhattan,New York County,2017-08-31,3300.5532924097706
10025,Manhattan,New York County,2017-09-30,3299.1054729829802
10025,Manhattan,New York County,2017-10-31,3253.7472518633413
10025,Manhattan,New York County,2017-11-30,3227.1833481122067
10025,Manhattan,New York County,2017-12-31,3186.282629064425
10025,Manhattan,New York County,2018-01-31,3168.263040242246
10025,Manhattan,New York County,2018-02-28,3176.52405954925
10025,Manhattan,New York County,2018-03-31,3192.473743473997
10025,Manhattan,New York County,2018-04-30,3236.841759620906
10025,Manhattan,New York County,2018-05-31,3267.0482066059917
10025,Manhattan,New York County,2018-06-30,3298.360746660761
10025,Manhattan,New York County,2018-07-31,3326.322779834861
10025,Manhattan,New York County,2018-08-31,3328.834222233006
10025,Manhattan,New York County,2018-09-30,3326.719297537806
10025,Manhattan,New York County,2018-10-31,3319.832269191037
10025,Manhattan,New York County,2018-11-30,3316.468400327658
10025,Manhattan,New York County,2018-12-31,3342.344271643896
10025,Manhattan,New York County,2019-01-31,3316.0014444230355
10025,Manhattan,New York County,2019-02-28,3303.3502438397472
10025,Manhattan,New York County,2019-03-31,3272.383624185593
10025,Manhattan,New York County,2019-04-30,3318.380685893452
10025,Manhattan,New York County,2019-05-31,3361.5931483660825
10025,Manhattan,New York County,2019-06-30,3406.794220626921
10025,Manhattan,New York County,2019-07-31,3432.816564234164
10025,Manhattan,New York County,2019-08-31,3454.9599167686365
10025,Manhattan,New York County,2019-09-30,3458.0684083976694
10025,Manhattan,New York County,2019-10-31,3442.8936150005397
10025,Manhattan,New York County,2019-11-30,3412.954397119335
10025,Manhattan,New York County,2019-12-31,3400.721497384679
10025,Manhattan,New York County,2020-01-31,3386.044248469717
10025,Manhattan,New York County,2020-02-29,3406.0834651408545
10025,Manhattan,New York County,2020-03-31,3420.0536635849057
10025,Manhattan,New York County,2020-04-30,3395.990865193786
10025,Manhattan,New York County,2020-05-31,3347.6973501535767
10025,Manhattan,New York County,2020-06-30,3267.540634545965
10025,Manhattan,New York County,2020-07-31,3225.9200067653646
10025,Manhattan,New York County,2020-08-31,3137.3530350478272
10025,Manhattan,New York County,2020-09-30,3036.353821412917
10025,Manhattan,New York County,2020-10-31,2953.645515200225
10025,Manhattan,New York County,2020-11-30,2900.9144566508135
10025,Manhattan,New York County,2020-12-31,2873.0525406406746
10025,Manhattan,New York County,2021-01-31,2875.0861849062085
10025,Manhattan,New York County,2021-02-28,2884.812416614652
10025,Manhattan,New York County,2021-03-31,2942.765786354647
10025,Manhattan,New York County,2021-04-30,2991.0659087660533
10025,Manhattan,New York County,2021-05-31,3094.330111772663
10025,Manhattan,New York County,2021-06-30,3190.017924819051
10025,Manhattan,New York County,2021-07-31,3283.1201111657374
10025,Manhattan,New York County,2021-08-31,3366.399988878903
10025,Manhattan,New York County,2021-09-30,3424.796140376908
10025,Manhattan,New York County,2021-10-31,3461.8460271688405
10025,Manhattan,New York County,2021-11-30,3488.20585347054
10025,Manhattan,New York County,2021-12-31,3531.3240055784895
10025,Manhattan,New York County,2022-01-31,3578.316039471337
10025,Manhattan,New York County,2022-02-28,3633.2004911962636
10025,Manhattan,New York County,2022-03-31,3653.840104147353
10025,Manhattan,New York County,2022-04-30,3700.472065914467
10025,Manhattan,New York County,2022-05-31,3752.3419007668417
10025,Manhattan,New York County,2022-06-30,3842.9339068489367
10025,Manhattan,New York County,2022-07-31,3915.0383039020135
10025,Manhattan,New York County,2022-08-31,3969.729863052773
10025,Manhattan,New York County,2022-09-30,3989.2256790633724
10025,Manhattan,New York County,2022-10-31,3947.734279394956
10025,Manhattan,New York County,2022-11-30,3890.7579027310694
10025,Manhattan,New York County,2022-12-31,3843.7906846851083
10025,Manhattan,New York County,2023-01-31,3846.3002270370594
10025,Manhattan,New York County,2023-02-28,3842.222437508703
10025,Manhattan,New York County,2023-03-31,3852.8729984790616
10025,Manhattan,New York County,2023-04-30,3899.1012973614334
10025,Manhattan,New York County,2023-05-31,3969.6362921934046
10025,Manhattan,New York County,2023-06-30,4043.867768806345
10025,Manhattan,New York County,2023-07-31,4091.5994903543124
10025,Manhattan,New York County,2023-08-31,4107.133750735961
10025,Manhattan,New York County,2023-09-30,4108.5384782995125
10025,Manhattan,New York County,2023-10-31,4037.4406710314383
10025,Manhattan,New York County,2023-11-30,3955.3830703433705
10025,Manhattan,New York County,2023-12-31,3871.3471068311424
10025,Manhattan,New York County,2024-01-31,3864.8688857544953
10025,Manhattan,New York County,2024-02-29,3905.3126828083105
10025,Manhattan,New York County,2024-03-31,3956.7040479407347
10025,Manhattan,New York County,2024-04-30,4033.401417088322
10025,Manhattan,New York County,2024-05-31,4106.945315316945
10025,Manhattan,New York County,2024-06-30,4191.671991767312
10025,Manhattan,New York County,2024-07-31,4240.695744815621
10025,Manhattan,New York County,2024-08-31,4272.020641369669
10025,Manhattan,New York County,2024-09-30,4251.4199500347295
10025,Manhattan,New York County,2024-10-31,4213.696303161897
10025,Manhattan,New York County,2024-11-30,4155.74195419227
10025,Manhattan,New York County,2024-12-31,4128.040433359607
10025,Manhattan,New York County,2025-01-31,4127.001335469215
10025,Manhattan,New York County,2025-02-28,4170.590435115504
10025,Manhattan,New York County,2025-03-31,4213.694845794987
10025,Manhattan,New York County,2025-04-30,4261.486543574768
10025,Manhattan,New York County,2025-05-31,4298.940477424475
10025,Manhattan,New York County,2025-06-30,4376.081105171361
10025,Manhattan,New York County,2025-07-31,4437.2294048374015
10025,Manhattan,New York County,2025-08-31,4488.219299626007
10025,Manhattan,New York County,2025-09-30,4476.059213684324
10025,Manhattan,New York County,2025-10-31,4455.000698625109
10025,Manhattan,New York County,2025-11-30,4371.039742725362
10025,Manhattan,New York County,2025-12-31,4306.159129104347
10025,Manhattan,New York County,2026-01-31,4314.168977819664
10025,Manhattan,New York County,2026-02-28,4378.22423557028
10025,Manhattan,New York County,2026-03-31,4479.654733324323
10025,Manhattan,New York County,2026-04-30,4513.009414848035
10025,Manhattan,New York County,2026-05-31,4593.7689269187595
10025,Manhattan,New York County,2026-06-30,4650.3097273319845
10025,Manhattan,New York County,2026-07-31,4726.827777777778
11214,Brooklyn,Kings County,2019-01-31,1953.6309562428298
11214,Brooklyn,Kings County,2019-02-28,1960.9728022793424
11214,Brooklyn,Kings County,2019-03-31,1910.618613400344
11214,Brooklyn,Kings County,2019-04-30,1904.9799962343236
11214,Brooklyn,Kings County,2019-05-31,1870.5938391578397
11214,Brooklyn,Kings County,2019-06-30,1865.4703542993293
11214,Brooklyn,Kings County,2019-07-31,1884.3660055538917
11214,Brooklyn,Kings County,2019-08-31,1885.5142690197476
11214,Brooklyn,Kings County,2019-09-30,1878.2216439249528
11214,Brooklyn,Kings County,2019-10-31,1891.352588512704
11214,Brooklyn,Kings County,2019-11-30,1896.0158176209536
11214,Brooklyn,Kings County,2019-12-31,1936.5164139888211
11214,Brooklyn,Kings County,2020-01-31,1935.708843366325
11214,Brooklyn,Kings County,2020-02-29,1936.1939275589834
11214,Brooklyn,Kings County,2020-03-31,1936.6131222919873
11214,Brooklyn,Kings County,2020-04-30,1865.589362858276
11214,Brooklyn,Kings County,2020-05-31,1856.6081200553201
11214,Brooklyn,Kings County,2020-06-30,1800.9045322183604
11214,Brooklyn,Kings County,2020-07-31,1846.4080572529056
11214,Brooklyn,Kings County,2020-08-31,1879.1022511505307
11214,Brooklyn,Kings County,2020-09-30,1917.9846397673023
11214,Brooklyn,Kings County,2020-10-31,1935.463486569904
11214,Brooklyn,Kings County,2020-11-30,1940.499293249347
11214,Brooklyn,Kings County,2020-12-31,1933.714155881052
11214,Brooklyn,Kings County,2021-01-31,1920.226331071736
11214,Brooklyn,Kings County,2021-02-28,1890.6747086069988
11214,Brooklyn,Kings County,2021-03-31,1864.557783325991
11214,Brooklyn,Kings County,2021-04-30,1874.7889519376222
11214,Brooklyn,Kings County,2021-05-31,1890.995801478211
11214,Brooklyn,Kings County,2021-06-30,1919.9634402712759
11214,Brooklyn,Kings County,2021-07-31,1931.0478036463505
11214,Brooklyn,Kings County,2021-08-31,1954.1963288762108
11214,Brooklyn,Kings County,2021-09-30,1961.2624041531749
11214,Brooklyn,Kings County,2021-10-31,1964.1131049587545
11214,Brooklyn,Kings County,2021-11-30,1937.8628190057118
11214,Brooklyn,Kings County,2021-12-31,2009.0615555218176
11214,Brooklyn,Kings County,2022-01-31,2027.3424240147122
11214,Brooklyn,Kings County,2022-02-28,2094.2846660222685
11214,Brooklyn,Kings County,2022-03-31,2076.202794303182
11214,Brooklyn,Kings County,2022-04-30,2114.278884680656
11214,Brooklyn,Kings County,2022-05-31,2101.2125449642435
11214,Brooklyn,Kings County,2022-06-30,2066.0435795254607
11214,Brooklyn,Kings County,2022-07-31,2072.697103989269
11214,Brooklyn,Kings County,2022-08-31,2123.152735860181
11214,Brooklyn,Kings County,2022-09-30,2160.962006885145
11214,Brooklyn,Kings County,2022-10-31,2166.7369516406948
11214,Brooklyn,Kings County,2022-11-30,2151.7531575860844
11214,Brooklyn,Kings County,2022-12-31,2171.291859421246
11214,Brooklyn,Kings County,2023-01-31,2173.803623110452
11214,Brooklyn,Kings County,2023-02-28,2213.101601538579
11214,Brooklyn,Kings County,2023-03-31,2232.7822706358234
11214,Brooklyn,Kings County,2023-04-30,2254.337785953191
11214,Brooklyn,Kings County,2023-05-31,2286.943133917371
11214,Brooklyn,Kings County,2023-06-30,2291.7720258158915
11214,Brooklyn,Kings County,2023-07-31,2322.56832216358
11214,Brooklyn,Kings County,2023-08-31,2305.614903412262
11214,Brooklyn,Kings County,2023-09-30,2326.6389405930713
11214,Brooklyn,Kings County,2023-10-31,2324.212418657148
11214,Brooklyn,Kings County,2023-11-30,2334.4540163611605
11214,Brooklyn,Kings County,2023-12-31,2321.3142665826144
11214,Brooklyn,Kings County,2024-01-31,2347.5252246192026
11214,Brooklyn,Kings County,2024-02-29,2370.4103031767518
11214,Brooklyn,Kings County,2024-03-31,2400.182409213005
11214,Brooklyn,Kings County,2024-04-30,2424.253929038659
11214,Brooklyn,Kings County,2024-05-31,2442.7989904232268
11214,Brooklyn,Kings County,2024-06-30,2425.380848972896
11214,Brooklyn,Kings County,2024-07-31,2417.843703605699
11214,Brooklyn,Kings County,2024-08-31,2422.9805684309267
11214,Brooklyn,Kings County,2024-09-30,2497.058260266323
11214,Brooklyn,Kings County,2024-10-31,2531.464207147594
11214,Brooklyn,Kings County,2024-11-30,2529.1748840989026
11214,Brooklyn,Kings County,2024-12-31,2470.6964096944375
11214,Brooklyn,Kings County,2025-01-31,2439.172463687338
11214,Brooklyn,Kings County,2025-02-28,2456.79668404447
11214,Brooklyn,Kings County,2025-03-31,2490.6510302375273
11214,Brooklyn,Kings County,2025-04-30,2524.3068830890966
11214,Brooklyn,Kings County,2025-05-31,2505.6489183687627
11214,Brooklyn,Kings County,2025-06-30,2519.9129934821717
11214,Brooklyn,Kings County,2025-07-31,2508.13848427846
11214,Brooklyn,Kings County,2025-08-31,2529.3693904711026
11214,Brooklyn,Kings County,2025-09-30,2597.1988158460063
11214,Brooklyn,Kings County,2025-10-31,2640.54736146117
11214,Brooklyn,Kings County,2025-11-30,2645.0117074470722
11214,Brooklyn,Kings County,2025-12-31,2563.733593974339
11214,Brooklyn,Kings County,2026-01-31,2549.5876503732748
11214,Brooklyn,Kings County,2026-02-28,2577.407084718667
11214,Brooklyn,Kings County,2026-03-31,2645.9603089828333
11214,Brooklyn,Kings County,2026-04-30,2600.309469556762
11214,Brooklyn,Kings County,2026-05-31,2568.6332443256215
11214,Brooklyn,Kings County,2026-06-30,2502.3229069093823
11214,Brooklyn,Kings County,2026-07-31,2560.1071428571427
11234,Brooklyn,Kings County,2024-12-31,2497.1601856462385
11234,Brooklyn,Kings County,2025-01-31,2469.995867392186
11234,Brooklyn,Kings County,2025-02-28,2473.1395310661073
11234,Brooklyn,Kings County,2025-03-31,2465.176993710012
11234,Brooklyn,Kings County,2025-04-30,2535.0032937905216
11234,Brooklyn,Kings County,2025-05-31,2512.5127442215467
11234,Brooklyn,Kings County,2025-06-30,2411.429932715152
11234,Brooklyn,Kings County,2025-07-31,2447.802343647053
11234,Brooklyn,Kings County,2025-08-31,2532.684781681675
11234,Brooklyn,Kings County,2025-09-30,2656.061332909364
11234,Brooklyn,Kings County,2025-10-31,2595.352402169125
11234,Brooklyn,Kings County,2025-11-30,2545.4410986128555
11234,Brooklyn,Kings County,2025-12-31,2638.032433522319
11234,Brooklyn,Kings County,2026-01-31,2695.791179108907
11234,Brooklyn,Kings County,2026-02-28,2893.2870267882795
11234,Brooklyn,Kings County,2026-03-31,2901.9353056069376
11234,Brooklyn,Kings County,2026-04-30,2922.716828242009
11234,Brooklyn,Kings County,2026-05-31,2698.3914350813725
11234,Brooklyn,Kings County,2026-06-30,2624.4087089313143
11234,Brooklyn,Kings County,2026-07-31,2575.873015873016
10314,Staten Island,Richmond County,2021-03-31,1794.7673687118984
10314,Staten Island,Richmond County,2021-04-30,1799.810105472774
10314,Staten Island,Richmond County,2021-05-31,1846.5045237505412
10314,Staten Island,Richmond County,2021-06-30,1870.170969318401
10314,Staten Island,Richmond County,2021-07-31,1941.7588603481456
10314,Staten Island,Richmond County,2021-08-31,1915.3889650760093
10314,Staten Island,Richmond County,2021-09-30,1937.9414104780697
10314,Staten Island,Richmond County,2021-10-31,1903.9140553854063
10314,Staten Island,Richmond County,2021-11-30,1943.2173956063712
10314,Staten Island,Richmond County,2021-12-31,1945.8252643094054
10314,Staten Island,Richmond County,2022-01-31,1937.150092103618
10314,Staten Island,Richmond County,2022-02-28,1935.9312203877848
10314,Staten Island,Richmond County,2022-03-31,1947.281930670991
10314,Staten Island,Richmond County,2022-04-30,1959.6781483526452
10314,Staten Island,Richmond County,2022-05-31,1974.459281300945
10314,Staten Island,Richmond County,2022-06-30,1991.292676489168
10314,Staten Island,Richmond County,2022-07-31,1993.7661940161222
10314,Staten Island,Richmond County,2022-08-31,1995.641021170548
10314,Staten Island,Richmond County,2022-09-30,2060.6806483279447
10314,Staten Island,Richmond County,2022-10-31,2117.3933453765626
10314,Staten Island,Richmond County,2022-11-30,2159.2777245978
10314,Staten Island,Richmond County,2022-12-31,2133.2216876253033
10314,Staten Island,Richmond County,2023-01-31,2149.5118634343908
10314,Staten Island,Richmond County,2023-02-28,2122.472990458278
10314,Staten Island,Richmond County,2023-03-31,2113.5509718797953
10314,Staten Island,Richmond County,2023-04-30,2103.473235683184
10314,Staten Island,Richmond County,2023-05-31,2146.810378528976
10314,Staten Island,Richmond County,2023-06-30,2179.9865443217273
10314,Staten Island,Richmond County,2023-07-31,2217.360290316326
10314,Staten Island,Richmond County,2023-08-31,2230.510942580181
10314,Staten Island,Richmond County,2023-09-30,2237.3054193186076
10314,Staten Island,Richmond County,2023-10-31,2259.8585188327406
10314,Staten Island,Richmond County,2023-11-30,2253.6438800528736
10314,Staten Island,Richmond County,2023-12-31,2191.473374739465
10314,Staten Island,Richmond County,2024-01-31,2173.921349176486
10314,Staten Island,Richmond County,2024-02-29,2189.6115440278513
10314,Staten Island,Richmond County,2024-03-31,2307.8370035647695
10314,Staten Island,Richmond County,2024-04-30,2315.385859985021
10314,Staten Island,Richmond County,2024-05-31,2295.840635403894
10314,Staten Island,Richmond County,2024-06-30,2308.544191589759
10314,Staten Island,Richmond County,2024-07-31,2351.6264767462003
10314,Staten Island,Richmond County,2024-08-31,2476.708352155944
10314,Staten Island,Richmond County,2024-09-30,2455.847975649502
10314,Staten Island,Richmond County,2024-10-31,2473.060139994068
10314,Staten Island,Richmond County,2024-11-30,2448.948552855206
10314,Staten Island,Richmond County,2024-12-31,2551.8368591132567
10314,Staten Island,Richmond County,2025-01-31,2578.785005333599
10314,Staten Island,Richmond County,2025-02-28,2568.8006992566866
10314,Staten Island,Richmond County,2025-03-31,2490.63674110478
10314,Staten Island,Richmond County,2025-04-30,2482.751758122386
10314,Staten Island,Richmond County,2025-05-31,2496.833472741296
10314,Staten Island,Richmond County,2025-06-30,2522.57088146674
10314,Staten Island,Richmond County,2025-07-31,2534.079742961502
10314,Staten Island,Richmond County,2025-08-31,2500.7393953060596
10314,Staten Island,Richmond County,2025-09-30,2527.171028137774
10314,Staten Island,Richmond County,2025-10-31,2530.6883778537435
10314,Staten Island,Richmond County,2025-11-30,2557.377863701431
10314,Staten Island,Richmond County,2025-12-31,2556.0472018102023
10314,Staten Island,Richmond County,2026-01-31,2593.772888567608
10314,Staten Island,Richmond County,2026-02-28,2617.2801589153546
10314,Staten Island,Richmond County,2026-03-31,2581.9084572652673
10314,Staten Island,Richmond County,2026-04-30,2586.3762470703036
10314,Staten Island,Richmond County,2026-05-31,2580.76109243509
10314,Staten Island,Richmond County,2026-06-30,2660.7643722765056
10314,Staten Island,Richmond County,2026-07-31,2677.738888888889
11220,Brooklyn,Kings County,2018-01-31,1881.1636540398563
11220,Brooklyn,Kings County,2018-02-28,1897.5209106041284
11220,Brooklyn,Kings County,2018-03-31,1912.8363385231405
11220,Brooklyn,Kings County,2018-04-30,1909.788982791863
11220,Brooklyn,Kings County,2018-05-31,1934.2365616347408
11220,Brooklyn,Kings County,2018-06-30,1951.733766549703
11220,Brooklyn,Kings County,2018-07-31,1950.1384227697129
11220,Brooklyn,Kings County,2018-08-31,1926.2125688879332
11220,Brooklyn,Kings County,2018-09-30,1914.3506638664715
11220,Brooklyn,Kings County,2018-10-31,1907.335995424948
11220,Brooklyn,Kings County,2018-11-30,1909.1063341939807
11220,Brooklyn,Kings County,2018-12-31,1926.842301473755
11220,Brooklyn,Kings County,2019-01-31,1909.2231964901396
11220,Brooklyn,Kings County,2019-03-31,1932.3551529670212
11220,Brooklyn,Kings County,2019-04-30,1965.1402660652675
11220,Brooklyn,Kings County,2019-05-31,1974.9493829922353
11220,Brooklyn,Kings County,2019-06-30,1981.5498167895885
11220,Brooklyn,Kings County,2019-07-31,1980.0513288793982
11220,Brooklyn,Kings County,2019-08-31,1988.9004026039777
11220,Brooklyn,Kings County,2019-09-30,1985.1429956162553
11220,Brooklyn,Kings County,2019-10-31,1976.0991880189401
11220,Brooklyn,Kings County,2019-11-30,1940.122612247991
11220,Brooklyn,Kings County,2019-12-31,1933.1503886819305
11220,Brooklyn,Kings County,2020-01-31,1936.4458457573
11220,Brooklyn,Kings County,2020-02-29,1959.2151644925686
11220,Brooklyn,Kings County,2020-03-31,1991.56437163237
11220,Brooklyn,Kings County,2020-04-30,1993.8518785242493
11220,Brooklyn,Kings County,2020-05-31,2003.113359131702
11220,Brooklyn,Kings County,2020-06-30,1993.5015101897532
11220,Brooklyn,Kings County,2020-07-31,1998.533603287841
11220,Brooklyn,Kings County,2020-08-31,1988.5772165597589
11220,Brooklyn,Kings County,2020-09-30,1950.0798253564794
11220,Brooklyn,Kings County,2020-10-31,1945.874404974764
11220,Brooklyn,Kings County,2020-11-30,1936.6585623703743
11220,Brooklyn,Kings County,2020-12-31,1946.1609973490552
11220,Brooklyn,Kings County,2021-01-31,1924.9825483305876
11220,Brooklyn,Kings County,2021-02-28,1922.470977171488
11220,Brooklyn,Kings County,2021-03-31,1911.9431197512874
11220,Brooklyn,Kings County,2021-04-30,1925.4448242406659
11220,Brooklyn,Kings County,2021-05-31,1931.7003208951535
11220,Brooklyn,Kings County,2021-06-30,1937.7602885874512
11220,Brooklyn,Kings County,2021-07-31,1925.04101979967
11220,Brooklyn,Kings County,2021-08-31,1941.9246036052466
11220,Brooklyn,Kings County,2021-09-30,1971.1546034891041
11220,Brooklyn,Kings County,2021-10-31,2004.0832618873505
11220,Brooklyn,Kings County,2021-11-30,2004.6034393768691
11220,Brooklyn,Kings County,2021-12-31,2006.7317793187156
11220,Brooklyn,Kings County,2022-01-31,2042.6733194589087
11220,Brooklyn,Kings County,2022-02-28,2080.8699170218474
11220,Brooklyn,Kings County,2022-03-31,2106.3787323862716
11220,Brooklyn,Kings County,2022-04-30,2086.828425546786
11220,Brooklyn,Kings County,2022-05-31,2091.635026988555
11220,Brooklyn,Kings County,2022-06-30,2095.406660077885
11220,Brooklyn,Kings County,2022-07-31,2147.6692303421482
11220,Brooklyn,Kings County,2022-08-31,2188.150250619464
11220,Brooklyn,Kings County,2022-09-30,2218.7799849672892
11220,Brooklyn,Kings County,2022-10-31,2247.464046567521
11220,Brooklyn,Kings County,2022-11-30,2221.6039137635244
11220,Brooklyn,Kings County,2022-12-31,2201.3549871717896
11220,Brooklyn,Kings County,2023-01-31,2185.7970830239087
11220,Brooklyn,Kings County,2023-02-28,2253.087563832162
11220,Brooklyn,Kings County,2023-03-31,2304.5985998510155
11220,Brooklyn,Kings County,2023-04-30,2295.961312021629
11220,Brooklyn,Kings County,2023-05-31,2273.8562846868685
11220,Brooklyn,Kings County,2023-06-30,2284.018809342186
11220,Brooklyn,Kings County,2023-07-31,2303.8139699785943
11220,Brooklyn,Kings County,2023-08-31,2287.413680864001
11220,Brooklyn,Kings County,2023-09-30,2317.2429682424063
11220,Brooklyn,Kings County,2023-10-31,2321.9134907852763
11220,Brooklyn,Kings County,2023-11-30,2333.6882097698376
11220,Brooklyn,Kings County,2023-12-31,2278.817525815145
11220,Brooklyn,Kings County,2024-01-31,2301.095655442615
11220,Brooklyn,Kings County,2024-02-29,2316.7469184343254
11220,Brooklyn,Kings County,2024-03-31,2349.1740592766046
11220,Brooklyn,Kings County,2024-04-30,2367.304192326974
11220,Brooklyn,Kings County,2024-05-31,2363.5997312434506
11220,Brooklyn,Kings County,2024-06-30,2379.7184574926073
11220,Brooklyn,Kings County,2024-07-31,2373.038166499561
11220,Brooklyn,Kings County,2024-08-31,2391.3565062304187
11220,Brooklyn,Kings County,2024-09-30,2403.429653447944
11220,Brooklyn,Kings County,2024-10-31,2420.07195719737
11220,Brooklyn,Kings County,2024-11-30,2419.2316954184544
11220,Brooklyn,Kings County,2024-12-31,2446.6447081368706
11220,Brooklyn,Kings County,2025-01-31,2444.4661536099484
11220,Brooklyn,Kings County,2025-02-28,2430.4803920326904
11220,Brooklyn,Kings County,2025-03-31,2399.328877533254
11220,Brooklyn,Kings County,2025-04-30,2419.104178868242
11220,Brooklyn,Kings County,2025-05-31,2454.421908150507
11220,Brooklyn,Kings County,2025-06-30,2503.8761200135946
11220,Brooklyn,Kings County,2025-07-31,2529.9617237159086
11220,Brooklyn,Kings County,2025-08-31,2553.6843881978743
11220,Brooklyn,Kings County,2025-09-30,2554.8020914334206
11220,Brooklyn,Kings County,2025-10-31,2558.7529118741113
11220,Brooklyn,Kings County,2025-11-30,2548.4442700453274
11220,Brooklyn,Kings County,2025-12-31,2539.489619754402
11220,Brooklyn,Kings County,2026-01-31,2559.4448537501585
11220,Brooklyn,Kings County,2026-02-28,2608.6668296674275
11220,Brooklyn,Kings County,2026-03-31,2647.643979035144
11220,Brooklyn,Kings County,2026-04-30,2632.7007328975956
11220,Brooklyn,Kings County,2026-05-31,2697.7125995125243
11220,Brooklyn,Kings County,2026-06-30,2714.083422675496
11220,Brooklyn,Kings County,2026-07-31,2739.645502645503
11219,Brooklyn,Kings County,2026-03-31,2502.833040547428
11219,Brooklyn,Kings County,2026-04-30,2558.4326133130758
11219,Brooklyn,Kings County,2026-05-31,2623.3841388950627
11219,Brooklyn,Kings County,2026-06-30,2698.1332686022297
11219,Brooklyn,Kings County,2026-07-31,2727.6666666666665
11206,Brooklyn,Kings County,2015-01-31,2447.7317371095337
11206,Brooklyn,Kings County,2015-02-28,2453.026031253507
11206,Brooklyn,Kings County,2015-03-31,2507.1445781514662
11206,Brooklyn,Kings County,2015-04-30,2552.0887831301716
11206,Brooklyn,Kings County,2015-05-31,2615.246347750822
11206,Brooklyn,Kings County,2015-06-30,2668.668544902417
11206,Brooklyn,Kings County,2015-07-31,2702.183376371476
11206,Brooklyn,Kings County,2015-08-31,2721.2047621313945
11206,Brooklyn,Kings County,2015-09-30,2720.024402693864
11206,Brooklyn,Kings County,2015-10-31,2694.230676256113
11206,Brooklyn,Kings County,2015-11-30,2702.985830976852
11206,Brooklyn,Kings County,2015-12-31,2674.17341285082
11206,Brooklyn,Kings County,2016-01-31,2679.6243493841794
11206,Brooklyn,Kings County,2016-02-29,2605.922930686859
11206,Brooklyn,Kings County,2016-03-31,2594.3872471470418
11206,Brooklyn,Kings County,2016-04-30,2611.423543282081
11206,Brooklyn,Kings County,2016-05-31,2691.7852493287087
11206,Brooklyn,Kings County,2016-06-30,2740.69782280391
11206,Brooklyn,Kings County,2016-07-31,2737.3606086409936
11206,Brooklyn,Kings County,2016-08-31,2740.9005443699075
11206,Brooklyn,Kings County,2016-09-30,2729.4367978004943
11206,Brooklyn,Kings County,2016-10-31,2743.8773734632136
11206,Brooklyn,Kings County,2016-11-30,2712.215249441391
11206,Brooklyn,Kings County,2016-12-31,2731.991074936866
11206,Brooklyn,Kings County,2017-01-31,2711.3582704825835
11206,Brooklyn,Kings County,2017-02-28,2709.5615916240545
11206,Brooklyn,Kings County,2017-03-31,2671.809856520418
11206,Brooklyn,Kings County,2017-04-30,2684.1288690564165
11206,Brooklyn,Kings County,2017-05-31,2685.991164968163
11206,Brooklyn,Kings County,2017-06-30,2710.276326083076
11206,Brooklyn,Kings County,2017-07-31,2734.4096403112576
11206,Brooklyn,Kings County,2017-08-31,2750.187220069174
11206,Brooklyn,Kings County,2017-09-30,2739.768942360484
11206,Brooklyn,Kings County,2017-10-31,2696.1477213381186
11206,Brooklyn,Kings County,2017-11-30,2699.795874874837
11206,Brooklyn,Kings County,2017-12-31,2710.563365878461
11206,Brooklyn,Kings County,2018-01-31,2704.7888906197636
11206,Brooklyn,Kings County,2018-02-28,2678.0418516095046
11206,Brooklyn,Kings County,2018-03-31,2672.182596757031
11206,Brooklyn,Kings County,2018-04-30,2708.988931993943
11206,Brooklyn,Kings County,2018-05-31,2719.2075208458396
11206,Brooklyn,Kings County,2018-06-30,2730.9741462412003
11206,Brooklyn,Kings County,2018-07-31,2739.4959886229058
11206,Brooklyn,Kings County,2018-08-31,2760.787422545114
11206,Brooklyn,Kings County,2018-09-30,2749.173037188935
11206,Brooklyn,Kings County,2018-10-31,2730.640449349976
11206,Brooklyn,Kings County,2018-11-30,2698.6772988940616
11206,Brooklyn,Kings County,2018-12-31,2697.347906746902
11206,Brooklyn,Kings County,2019-01-31,2685.72508007829
11206,Brooklyn,Kings County,2019-02-28,2697.9711826915845
11206,Brooklyn,Kings County,2019-03-31,2693.731471194743
11206,Brooklyn,Kings County,2019-04-30,2727.2697400634597
11206,Brooklyn,Kings County,2019-05-31,2753.72134794163
11206,Brooklyn,Kings County,2019-06-30,2785.1370379205296
11206,Brooklyn,Kings County,2019-07-31,2814.0296985278947
11206,Brooklyn,Kings County,2019-08-31,2846.473955510546
11206,Brooklyn,Kings County,2019-09-30,2885.3801699919136
11206,Brooklyn,Kings County,2019-10-31,2899.0573473736595
11206,Brooklyn,Kings County,2019-11-30,2911.1301881489953
11206,Brooklyn,Kings County,2019-12-31,2907.375055425122
11206,Brooklyn,Kings County,2020-01-31,2929.9704560320274
11206,Brooklyn,Kings County,2020-02-29,2919.410100704432
11206,Brooklyn,Kings County,2020-03-31,2925.3991779116022
11206,Brooklyn,Kings County,2020-04-30,2883.9241908038944
11206,Brooklyn,Kings County,2020-05-31,2858.6565759080254
11206,Brooklyn,Kings County,2020-06-30,2816.718591301938
11206,Brooklyn,Kings County,2020-07-31,2785.499241153057
11206,Brooklyn,Kings County,2020-08-31,2735.014720163453
11206,Brooklyn,Kings County,2020-09-30,2669.3696239906317
11206,Brooklyn,Kings County,2020-10-31,2589.450138258352
11206,Brooklyn,Kings County,2020-11-30,2528.740742526204
11206,Brooklyn,Kings County,2020-12-31,2512.4203104385742
11206,Brooklyn,Kings County,2021-01-31,2516.1012595413854
11206,Brooklyn,Kings County,2021-02-28,2535.2760893582727
11206,Brooklyn,Kings County,2021-03-31,2523.400276025305
11206,Brooklyn,Kings County,2021-04-30,2544.6861003266768
11206,Brooklyn,Kings County,2021-05-31,2570.9111149782475
11206,Brooklyn,Kings County,2021-06-30,2664.6176803616695
11206,Brooklyn,Kings County,2021-07-31,2753.7818027105204
11206,Brooklyn,Kings County,2021-08-31,2875.371141866768
11206,Brooklyn,Kings County,2021-09-30,2991.602132650585
11206,Brooklyn,Kings County,2021-10-31,3053.3339811413016
11206,Brooklyn,Kings County,2021-11-30,3095.239397791748
11206,Brooklyn,Kings County,2021-12-31,3083.446590644555
11206,Brooklyn,Kings County,2022-01-31,3105.430137289674
11206,Brooklyn,Kings County,2022-02-28,3155.6041625679513
11206,Brooklyn,Kings County,2022-03-31,3209.288451343527
11206,Brooklyn,Kings County,2022-04-30,3301.1218294676087
11206,Brooklyn,Kings County,2022-05-31,3354.974800440232
11206,Brooklyn,Kings County,2022-06-30,3414.3634854743063
11206,Brooklyn,Kings County,2022-07-31,3443.3933177778463
11206,Brooklyn,Kings County,2022-08-31,3491.994814191463
11206,Brooklyn,Kings County,2022-09-30,3520.376507349516
11206,Brooklyn,Kings County,2022-10-31,3515.048047745601
11206,Brooklyn,Kings County,2022-11-30,3452.6286270121905
11206,Brooklyn,Kings County,2022-12-31,3381.0042240843213
11206,Brooklyn,Kings County,2023-01-31,3400.534256340164
11206,Brooklyn,Kings County,2023-02-28,3455.603620772061
11206,Brooklyn,Kings County,2023-03-31,3496.0594155994854
11206,Brooklyn,Kings County,2023-04-30,3512.6823454341106
11206,Brooklyn,Kings County,2023-05-31,3524.0221799831506
11206,Brooklyn,Kings County,2023-06-30,3578.108460661948
11206,Brooklyn,Kings County,2023-07-31,3615.5038337115325
11206,Brooklyn,Kings County,2023-08-31,3628.00538907647
11206,Brooklyn,Kings County,2023-09-30,3629.4700342778515
11206,Brooklyn,Kings County,2023-10-31,3596.5744489861336
11206,Brooklyn,Kings County,2023-11-30,3519.6583292117543
11206,Brooklyn,Kings County,2023-12-31,3455.465701331539
11206,Brooklyn,Kings County,2024-01-31,3437.4098798851655
11206,Brooklyn,Kings County,2024-02-29,3471.807206923164
11206,Brooklyn,Kings County,2024-03-31,3555.6369677185507
11206,Brooklyn,Kings County,2024-04-30,3591.220653525073
11206,Brooklyn,Kings County,2024-05-31,3659.409670843784
11206,Brooklyn,Kings County,2024-06-30,3670.399194778651
11206,Brooklyn,Kings County,2024-07-31,3706.228392857911
11206,Brooklyn,Kings County,2024-08-31,3695.426980244904
11206,Brooklyn,Kings County,2024-09-30,3650.0451579921564
11206,Brooklyn,Kings County,2024-10-31,3627.333225745792
11206,Brooklyn,Kings County,2024-11-30,3606.172227609574
11206,Brooklyn,Kings County,2024-12-31,3603.584351671236
11206,Brooklyn,Kings County,2025-01-31,3604.1158802200057
11206,Brooklyn,Kings County,2025-02-28,3582.251716319042
11206,Brooklyn,Kings County,2025-03-31,3635.3411592107354
11206,Brooklyn,Kings County,2025-04-30,3661.5342143221246
11206,Brooklyn,Kings County,2025-05-31,3747.963710226259
11206,Brooklyn,Kings County,2025-06-30,3786.746049652198
11206,Brooklyn,Kings County,2025-07-31,3830.2558980897925
11206,Brooklyn,Kings County,2025-08-31,3853.334756377428
11206,Brooklyn,Kings County,2025-09-30,3829.7596009641366
11206,Brooklyn,Kings County,2025-10-31,3818.4214169496463
11206,Brooklyn,Kings County,2025-11-30,3751.040273081329
11206,Brooklyn,Kings County,2025-12-31,3721.7830367030265
11206,Brooklyn,Kings County,2026-01-31,3711.302518037346
11206,Brooklyn,Kings County,2026-02-28,3771.5719714586467
11206,Brooklyn,Kings County,2026-03-31,3808.386087550305
11206,Brooklyn,Kings County,2026-04-30,3852.2636065860047
11206,Brooklyn,Kings County,2026-05-31,3912.5985756609693
11206,Brooklyn,Kings County,2026-06-30,3985.1565375595533
11206,Brooklyn,Kings County,2026-07-31,4030.066298185941
11221,Brooklyn,Kings County,2015-01-31,2091.3987193479925
11221,Brooklyn,Kings County,2015-02-28,2133.3497358546233
11221,Brooklyn,Kings County,2015-03-31,2153.652327401452
11221,Brooklyn,Kings County,2015-04-30,2194.861121040603
11221,Brooklyn,Kings County,2015-05-31,2201.141635422413
11221,Brooklyn,Kings County,2015-06-30,2228.687248853422
11221,Brooklyn,Kings County,2015-07-31,2252.9011333656103
11221,Brooklyn,Kings County,2015-08-31,2276.532805107129
11221,Brooklyn,Kings County,2015-09-30,2293.6646554324047
11221,Brooklyn,Kings County,2015-10-31,2326.5209032487815
11221,Brooklyn,Kings County,2015-11-30,2316.2762464988236
11221,Brooklyn,Kings County,2015-12-31,2315.2245566540364
11221,Brooklyn,Kings County,2016-01-31,2284.9582715753763
11221,Brooklyn,Kings County,2016-02-29,2295.089208935435
11221,Brooklyn,Kings County,2016-03-31,2318.8224166978594
11221,Brooklyn,Kings County,2016-04-30,2322.7045234794796
11221,Brooklyn,Kings County,2016-05-31,2323.093306545029
11221,Brooklyn,Kings County,2016-06-30,2301.513955195815
11221,Brooklyn,Kings County,2016-07-31,2344.350266878875
11221,Brooklyn,Kings County,2016-08-31,2374.7988544845707
11221,Brooklyn,Kings County,2016-09-30,2408.4064469950226
11221,Brooklyn,Kings County,2016-10-31,2363.839686580859
11221,Brooklyn,Kings County,2016-11-30,2367.7646156996657
11221,Brooklyn,Kings County,2016-12-31,2363.8693144866056
11221,Brooklyn,Kings County,2017-01-31,2364.1279327381994
11221,Brooklyn,Kings County,2017-02-28,2326.3955327702665
11221,Brooklyn,Kings County,2017-03-31,2302.5690968905064
11221,Brooklyn,Kings County,2017-04-30,2352.1008492892943
11221,Brooklyn,Kings County,2017-05-31,2401.940304104903
11221,Brooklyn,Kings County,2017-06-30,2435.2498397862328
11221,Brooklyn,Kings County,2017-07-31,2432.8186782493585
11221,Brooklyn,Kings County,2017-08-31,2456.5931163470937
11221,Brooklyn,Kings County,2017-09-30,2458.853946611231
11221,Brooklyn,Kings County,2017-10-31,2457.139652051925
11221,Brooklyn,Kings County,2017-11-30,2424.5099407428575
11221,Brooklyn,Kings County,2017-12-31,2402.7153641864793
11221,Brooklyn,Kings County,2018-01-31,2408.675939879148
11221,Brooklyn,Kings County,2018-02-28,2400.9791474955427
11221,Brooklyn,Kings County,2018-03-31,2419.989997513156
11221,Brooklyn,Kings County,2018-04-30,2432.0257147824645
11221,Brooklyn,Kings County,2018-05-31,2468.3800850725734
11221,Brooklyn,Kings County,2018-06-30,2485.054746481024
11221,Brooklyn,Kings County,2018-07-31,2502.4096716626696
11221,Brooklyn,Kings County,2018-08-31,2512.8122354461243
11221,Brooklyn,Kings County,2018-09-30,2509.38504991316
11221,Brooklyn,Kings County,2018-10-31,2498.491857425767
11221,Brooklyn,Kings County,2018-11-30,2486.313369564885
11221,Brooklyn,Kings County,2018-12-31,2451.0118208570416
11221,Brooklyn,Kings County,2019-01-31,2455.6537260295217
11221,Brooklyn,Kings County,2019-02-28,2452.564237250337
11221,Brooklyn,Kings County,2019-03-31,2514.5775771354497
11221,Brooklyn,Kings County,2019-04-30,2524.6092787965904
11221,Brooklyn,Kings County,2019-05-31,2559.14811023436
11221,Brooklyn,Kings County,2019-06-30,2556.3628521781206
11221,Brooklyn,Kings County,2019-07-31,2577.5932941182764
11221,Brooklyn,Kings County,2019-08-31,2590.195210351583
11221,Brooklyn,Kings County,2019-09-30,2615.078717789853
11221,Brooklyn,Kings County,2019-10-31,2624.136023424092
11221,Brooklyn,Kings County,2019-11-30,2622.0768316569206
11221,Brooklyn,Kings County,2019-12-31,2609.5415709794115
11221,Brooklyn,Kings County,2020-01-31,2614.1690297993537
11221,Brooklyn,Kings County,2020-02-29,2622.8096709037086
11221,Brooklyn,Kings County,2020-03-31,2639.573281803525
11221,Brooklyn,Kings County,2020-04-30,2624.882611431358
11221,Brooklyn,Kings County,2020-05-31,2620.414190581948
11221,Brooklyn,Kings County,2020-06-30,2588.138936932955
11221,Brooklyn,Kings County,2020-07-31,2562.029475160175
11221,Brooklyn,Kings County,2020-08-31,2514.653328938204
11221,Brooklyn,Kings County,2020-09-30,2465.1579602687816
11221,Brooklyn,Kings County,2020-10-31,2426.0185526809823
11221,Brooklyn,Kings County,2020-11-30,2390.100382605369
11221,Brooklyn,Kings County,2020-12-31,2365.4542022983524
11221,Brooklyn,Kings County,2021-01-31,2338.4907694963113
11221,Brooklyn,Kings County,2021-02-28,2333.646960473798
11221,Brooklyn,Kings County,2021-03-31,2350.6329169263486
11221,Brooklyn,Kings County,2021-04-30,2387.2481323141137
11221,Brooklyn,Kings County,2021-05-31,2420.722896603646
11221,Brooklyn,Kings County,2021-06-30,2466.848524916486
11221,Brooklyn,Kings County,2021-07-31,2523.0005337250427
11221,Brooklyn,Kings County,2021-08-31,2586.573237012729
11221,Brooklyn,Kings County,2021-09-30,2642.6745528842443
11221,Brooklyn,Kings County,2021-10-31,2653.426183158913
11221,Brooklyn,Kings County,2021-11-30,2676.6245113222562
11221,Brooklyn,Kings County,2021-12-31,2689.3424523322196
11221,Brooklyn,Kings County,2022-01-31,2747.158939145098
11221,Brooklyn,Kings County,2022-02-28,2767.231779602264
11221,Brooklyn,Kings County,2022-03-31,2811.5168409689527
11221,Brooklyn,Kings County,2022-04-30,2858.7126046782605
11221,Brooklyn,Kings County,2022-05-31,2935.052765618255
11221,Brooklyn,Kings County,2022-06-30,3020.90290677895
11221,Brooklyn,Kings County,2022-07-31,3086.482494928067
11221,Brooklyn,Kings County,2022-08-31,3145.183118157788
11221,Brooklyn,Kings County,2022-09-30,3146.7857800423394
11221,Brooklyn,Kings County,2022-10-31,3130.8561831039856
11221,Brooklyn,Kings County,2022-11-30,3071.596663433552
11221,Brooklyn,Kings County,2022-12-31,3020.0958168608377
11221,Brooklyn,Kings County,2023-01-31,2990.353688724643
11221,Brooklyn,Kings County,2023-02-28,3019.6602962127367
11221,Brooklyn,Kings County,2023-03-31,3065.125963322647
11221,Brooklyn,Kings County,2023-04-30,3108.3859506095914
11221,Brooklyn,Kings County,2023-05-31,3141.4713864650357
11221,Brooklyn,Kings County,2023-06-30,3178.6181608615716
11221,Brooklyn,Kings County,2023-07-31,3208.027964205538
11221,Brooklyn,Kings County,2023-08-31,3223.8165564540454
11221,Brooklyn,Kings County,2023-09-30,3223.702737252188
11221,Brooklyn,Kings County,2023-10-31,3204.9308187995166
11221,Brooklyn,Kings County,2023-11-30,3172.792294590873
11221,Brooklyn,Kings County,2023-12-31,3133.203059965574
11221,Brooklyn,Kings County,2024-01-31,3132.7394983360286
11221,Brooklyn,Kings County,2024-02-29,3135.786564699688
11221,Brooklyn,Kings County,2024-03-31,3173.7075675835254
11221,Brooklyn,Kings County,2024-04-30,3213.7006706629027
11221,Brooklyn,Kings County,2024-05-31,3276.6730061942385
11221,Brooklyn,Kings County,2024-06-30,3332.3540376726737
11221,Brooklyn,Kings County,2024-07-31,3352.549124916882
11221,Brooklyn,Kings County,2024-08-31,3347.2038777389926
11221,Brooklyn,Kings County,2024-09-30,3297.865759322075
11221,Brooklyn,Kings County,2024-10-31,3293.5044237561215
11221,Brooklyn,Kings County,2024-11-30,3252.45182421353
11221,Brooklyn,Kings County,2024-12-31,3246.9045721762577
11221,Brooklyn,Kings County,2025-01-31,3212.0037041367887
11221,Brooklyn,Kings County,2025-02-28,3264.8377195330527
11221,Brooklyn,Kings County,2025-03-31,3321.1764336661404
11221,Brooklyn,Kings County,2025-04-30,3393.363582872476
11221,Brooklyn,Kings County,2025-05-31,3411.6229292693365
11221,Brooklyn,Kings County,2025-06-30,3444.006292268471
11221,Brooklyn,Kings County,2025-07-31,3454.200636234148
11221,Brooklyn,Kings County,2025-08-31,3467.5850883943904
11221,Brooklyn,Kings County,2025-09-30,3461.8053694818036
11221,Brooklyn,Kings County,2025-10-31,3443.5683255068643
11221,Brooklyn,Kings County,2025-11-30,3408.1782277548755
11221,Brooklyn,Kings County,2025-12-31,3379.010145530602
11221,Brooklyn,Kings County,2026-01-31,3401.6542994403103
11221,Brooklyn,Kings County,2026-02-28,3440.1601640481704
11221,Brooklyn,Kings County,2026-03-31,3487.061185136294
11221,Brooklyn,Kings County,2026-04-30,3508.955953173294
11221,Brooklyn,Kings County,2026-05-31,3576.6892339169954
11221,Brooklyn,Kings County,2026-06-30,3630.190151871256
11221,Brooklyn,Kings County,2026-07-31,3669.1697152200472
10456,Bronx,Bronx County,2025-10-31,2089.3476751333837
10456,Bronx,Bronx County,2025-11-30,2183.2258731279976
10456,Bronx,Bronx County,2025-12-31,2254.2743192677503
10456,Bronx,Bronx County,2026-01-31,2061.7742064889785
10456,Bronx,Bronx County,2026-02-28,2085.2633599911
10456,Bronx,Bronx County,2026-03-31,1998.7528183933919
10456,Bronx,Bronx County,2026-04-30,2181.9609180354487
10456,Bronx,Bronx County,2026-05-31,2219.247630612007
10456,Bronx,Bronx County,2026-06-30,2415.0569553105097
10456,Bronx,Bronx County,2026-07-31,2496.972222222222
11223,Brooklyn,Kings County,2020-05-31,2028.6210507438595
11223,Brooklyn,Kings County,2020-06-30,2014.6091735460552
11223,Brooklyn,Kings County,2020-07-31,1946.1408244378283
11223,Brooklyn,Kings County,2020-08-31,1966.048262096929
11223,Brooklyn,Kings County,2020-09-30,1962.63591860267
11223,Brooklyn,Kings County,2020-10-31,1941.7579198371554
11223,Brooklyn,Kings County,2020-11-30,1859.5817449976441
11223,Brooklyn,Kings County,2020-12-31,1902.9352257370379
11223,Brooklyn,Kings County,2021-01-31,1910.261586772581
11223,Brooklyn,Kings County,2021-02-28,2019.6952267557622
11223,Brooklyn,Kings County,2021-03-31,1982.0077137357332
11223,Brooklyn,Kings County,2021-04-30,2007.027013359105
11223,Brooklyn,Kings County,2021-05-31,1973.144859763167
11223,Brooklyn,Kings County,2021-06-30,1976.0171418398652
11223,Brooklyn,Kings County,2021-07-31,1988.1432455003483
11223,Brooklyn,Kings County,2021-08-31,2031.69080811
11223,Brooklyn,Kings County,2021-09-30,2073.6513816330225
11223,Brooklyn,Kings County,2021-10-31,2061.498391455931
11223,Brooklyn,Kings County,2021-11-30,2066.2112570453596
11223,Brooklyn,Kings County,2021-12-31,2039.2974639357747
11223,Brooklyn,Kings County,2022-01-31,2038.2993386156286
11223,Brooklyn,Kings County,2022-02-28,2030.8390276346584
11223,Brooklyn,Kings County,2022-03-31,2072.0017563316
11223,Brooklyn,Kings County,2022-04-30,2035.1338003629664
11223,Brooklyn,Kings County,2022-05-31,2060.2395823757324
11223,Brooklyn,Kings County,2022-06-30,2071.9368176241956
11223,Brooklyn,Kings County,2022-07-31,2212.462602149158
11223,Brooklyn,Kings County,2022-08-31,2229.5140495065175
11223,Brooklyn,Kings County,2022-09-30,2272.6256730105724
11223,Brooklyn,Kings County,2022-10-31,2275.012780551391
11223,Brooklyn,Kings County,2022-11-30,2308.820751803182
11223,Brooklyn,Kings County,2022-12-31,2281.774732026007
11223,Brooklyn,Kings County,2023-01-31,2267.013407465043
11223,Brooklyn,Kings County,2023-02-28,2265.7625219041483
11223,Brooklyn,Kings County,2023-03-31,2309.8775665893745
11223,Brooklyn,Kings County,2023-04-30,2318.3342918266303
11223,Brooklyn,Kings County,2023-05-31,2328.8082395223973
11223,Brooklyn,Kings County,2023-06-30,2321.657045118832
11223,Brooklyn,Kings County,2023-07-31,2376.128720948833
11223,Brooklyn,Kings County,2023-08-31,2380.7044049496203
11223,Brooklyn,Kings County,2023-09-30,2383.555959136294
11223,Brooklyn,Kings County,2023-10-31,2345.875876635044
11223,Brooklyn,Kings County,2023-11-30,2340.450674309486
11223,Brooklyn,Kings County,2023-12-31,2383.1205053934796
11223,Brooklyn,Kings County,2024-01-31,2438.885952124344
11223,Brooklyn,Kings County,2024-02-29,2473.7108906201765
11223,Brooklyn,Kings County,2024-03-31,2429.4002350067285
11223,Brooklyn,Kings County,2024-04-30,2440.929751381958
11223,Brooklyn,Kings County,2024-05-31,2499.2531894682907
11223,Brooklyn,Kings County,2024-06-30,2602.0323785091755
11223,Brooklyn,Kings County,2024-07-31,2628.627777837085
11223,Brooklyn,Kings County,2024-08-31,2621.6572990219756
11223,Brooklyn,Kings County,2024-09-30,2599.719381917397
11223,Brooklyn,Kings County,2024-10-31,2510.40265378194
11223,Brooklyn,Kings County,2024-11-30,2501.8064195623356
11223,Brooklyn,Kings County,2024-12-31,2497.203587398009
11223,Brooklyn,Kings County,2025-01-31,2562.9572341119074
11223,Brooklyn,Kings County,2025-02-28,2566.5428651852208
11223,Brooklyn,Kings County,2025-03-31,2569.960475679327
11223,Brooklyn,Kings County,2025-04-30,2563.8154788082206
11223,Brooklyn,Kings County,2025-05-31,2551.13588614123
11223,Brooklyn,Kings County,2025-06-30,2551.438657816405
11223,Brooklyn,Kings County,2025-07-31,2571.9340912780162
11223,Brooklyn,Kings County,2025-08-31,2647.14424552275
11223,Brooklyn,Kings County,2025-09-30,2660.4695006188786
11223,Brooklyn,Kings County,2025-10-31,2592.132291952998
11223,Brooklyn,Kings County,2025-11-30,2537.0000144784235
11223,Brooklyn,Kings County,2025-12-31,2488.5825705731
11223,Brooklyn,Kings County,2026-01-31,2621.4386113134083
11223,Brooklyn,Kings County,2026-02-28,2742.4712718994338
11223,Brooklyn,Kings County,2026-03-31,2849.067487198285
11223,Brooklyn,Kings County,2026-04-30,2814.8448363703674
11223,Brooklyn,Kings County,2026-05-31,2673.1490312610817
11223,Brooklyn,Kings County,2026-06-30,2658.99037997058
11223,Brooklyn,Kings County,2026-07-31,2644.0
11230,Brooklyn,Kings County,2016-05-31,2064.523233956592
11230,Brooklyn,Kings County,2016-06-30,2084.9919792240894
11230,Brooklyn,Kings County,2016-07-31,2056.7722408396417
11230,Brooklyn,Kings County,2016-08-31,2084.1556666551432
11230,Brooklyn,Kings County,2016-09-30,2096.724180611766
11230,Brooklyn,Kings County,2016-10-31,2122.93810479034
11230,Brooklyn,Kings County,2016-11-30,2111.082507416662
11230,Brooklyn,Kings County,2016-12-31,2064.743960677307
11230,Brooklyn,Kings County,2017-01-31,2069.182203641964
11230,Brooklyn,Kings County,2017-02-28,2092.5016935870317
11230,Brooklyn,Kings County,2017-03-31,2142.2124393563754
11230,Brooklyn,Kings County,2017-04-30,2172.4853932949827
11230,Brooklyn,Kings County,2017-05-31,2169.1575375745856
11230,Brooklyn,Kings County,2017-06-30,2142.84819196829
11230,Brooklyn,Kings County,2017-07-31,2127.9551546254183
11230,Brooklyn,Kings County,2017-08-31,2109.880899746
11230,Brooklyn,Kings County,2017-09-30,2126.6602694905578
11230,Brooklyn,Kings County,2017-10-31,2184.5428299080136
11230,Brooklyn,Kings County,2017-11-30,2205.289573402579
11230,Brooklyn,Kings County,2017-12-31,2194.982356300139
11230,Brooklyn,Kings County,2018-01-31,2137.3373880521312
11230,Brooklyn,Kings County,2018-02-28,2145.7169217557125
11230,Brooklyn,Kings County,2018-03-31,2157.747277042172
11230,Brooklyn,Kings County,2018-04-30,2165.0126700242217
11230,Brooklyn,Kings County,2018-05-31,2173.993400910938
11230,Brooklyn,Kings County,2018-06-30,2192.5732097313467
11230,Brooklyn,Kings County,2018-07-31,2199.276490785549
11230,Brooklyn,Kings County,2018-08-31,2206.3670564683785
11230,Brooklyn,Kings County,2018-09-30,2206.732500947849
11230,Brooklyn,Kings County,2018-10-31,2227.042942817564
11230,Brooklyn,Kings County,2018-11-30,2224.3958277775214
11230,Brooklyn,Kings County,2018-12-31,2182.3386494749902
11230,Brooklyn,Kings County,2019-01-31,2170.6695365529445
11230,Brooklyn,Kings County,2019-02-28,2178.4730186109914
11230,Brooklyn,Kings County,2019-03-31,2237.0887743464364
11230,Brooklyn,Kings County,2019-04-30,2235.629032543267
11230,Brooklyn,Kings County,2019-05-31,2268.8371826896487
11230,Brooklyn,Kings County,2019-06-30,2251.078129802281
11230,Brooklyn,Kings County,2019-07-31,2272.9422350653977
11230,Brooklyn,Kings County,2019-08-31,2256.076954055683
11230,Brooklyn,Kings County,2019-09-30,2273.072484806169
11230,Brooklyn,Kings County,2019-10-31,2260.1239809889826
11230,Brooklyn,Kings County,2019-11-30,2284.144902600521
11230,Brooklyn,Kings County,2019-12-31,2305.477633281646
11230,Brooklyn,Kings County,2020-01-31,2298.129944436043
11230,Brooklyn,Kings County,2020-02-29,2267.9303942930737
11230,Brooklyn,Kings County,2020-03-31,2232.915874676915
11230,Brooklyn,Kings County,2020-04-30,2270.8253585179696
11230,Brooklyn,Kings County,2020-05-31,2280.898105160219
11230,Brooklyn,Kings County,2020-06-30,2291.722138571772
11230,Brooklyn,Kings County,2020-07-31,2294.8400203004976
11230,Brooklyn,Kings County,2020-08-31,2284.07307014147
11230,Brooklyn,Kings County,2020-09-30,2270.3964119149196
11230,Brooklyn,Kings County,2020-10-31,2213.6942312405713
11230,Brooklyn,Kings County,2020-11-30,2190.561383378567
11230,Brooklyn,Kings County,2020-12-31,2148.0810452004016
11230,Brooklyn,Kings County,2021-01-31,2120.604122920878
11230,Brooklyn,Kings County,2021-02-28,2109.2752269668126
11230,Brooklyn,Kings County,2021-03-31,2129.9300511115785
11230,Brooklyn,Kings County,2021-04-30,2155.612380478362
11230,Brooklyn,Kings County,2021-05-31,2188.0984371311015
11230,Brooklyn,Kings County,2021-06-30,2225.3060388939975
11230,Brooklyn,Kings County,2021-07-31,2277.6219951002968
11230,Brooklyn,Kings County,2021-08-31,2296.2667532503947
11230,Brooklyn,Kings County,2021-09-30,2308.545959807853
11230,Brooklyn,Kings County,2021-10-31,2288.1119674255433
11230,Brooklyn,Kings County,2021-11-30,2295.225056678316
11230,Brooklyn,Kings County,2021-12-31,2307.74359530379
11230,Brooklyn,Kings County,2022-01-31,2354.230388201593
11230,Brooklyn,Kings County,2022-02-28,2385.655807083621
11230,Brooklyn,Kings County,2022-03-31,2402.132215383855
11230,Brooklyn,Kings County,2022-04-30,2411.3678267315477
11230,Brooklyn,Kings County,2022-05-31,2424.133430850282
11230,Brooklyn,Kings County,2022-06-30,2462.155670092347
11230,Brooklyn,Kings County,2022-07-31,2456.0160065463688
11230,Brooklyn,Kings County,2022-08-31,2459.3787537279686
11230,Brooklyn,Kings County,2022-09-30,2462.740188831636
11230,Brooklyn,Kings County,2022-10-31,2550.313464317605
11230,Brooklyn,Kings County,2022-11-30,2599.5151345620516
11230,Brooklyn,Kings County,2022-12-31,2585.6462209823967
11230,Brooklyn,Kings County,2023-01-31,2529.7997268913577
11230,Brooklyn,Kings County,2023-02-28,2517.158475300161
11230,Brooklyn,Kings County,2023-03-31,2552.813453608586
11230,Brooklyn,Kings County,2023-04-30,2574.3813963928487
11230,Brooklyn,Kings County,2023-05-31,2599.1977876202827
11230,Brooklyn,Kings County,2023-06-30,2603.8772351577554
11230,Brooklyn,Kings County,2023-07-31,2591.200490142515
11230,Brooklyn,Kings County,2023-08-31,2580.875229530207
11230,Brooklyn,Kings County,2023-09-30,2605.184669005844
11230,Brooklyn,Kings County,2023-10-31,2658.30047904318
11230,Brooklyn,Kings County,2023-11-30,2722.5338201074987
11230,Brooklyn,Kings County,2023-12-31,2748.649471371289
11230,Brooklyn,Kings County,2024-01-31,2735.734859484954
11230,Brooklyn,Kings County,2024-02-29,2679.3654166010447
11230,Brooklyn,Kings County,2024-03-31,2642.1903030515755
11230,Brooklyn,Kings County,2024-04-30,2636.447581406211
11230,Brooklyn,Kings County,2024-05-31,2655.236520237139
11230,Brooklyn,Kings County,2024-06-30,2697.5228523337264
11230,Brooklyn,Kings County,2024-07-31,2724.241620382954
11230,Brooklyn,Kings County,2024-08-31,2718.066902794577
11230,Brooklyn,Kings County,2024-09-30,2670.202139678966
11230,Brooklyn,Kings County,2024-10-31,2647.3287195880716
11230,Brooklyn,Kings County,2024-11-30,2656.833780319488
11230,Brooklyn,Kings County,2024-12-31,2690.6936836510918
11230,Brooklyn,Kings County,2025-01-31,2700.7645888342226
11230,Brooklyn,Kings County,2025-02-28,2657.9358276906573
11230,Brooklyn,Kings County,2025-03-31,2634.9890862935495
11230,Brooklyn,Kings County,2025-04-30,2603.432959634221
11230,Brooklyn,Kings County,2025-05-31,2653.8876481065295
11230,Brooklyn,Kings County,2025-06-30,2711.1616543289983
11230,Brooklyn,Kings County,2025-07-31,2775.553610703253
11230,Brooklyn,Kings County,2025-08-31,2784.9099428006903
11230,Brooklyn,Kings County,2025-09-30,2740.395870669912
11230,Brooklyn,Kings County,2025-10-31,2739.4151496311447
11230,Brooklyn,Kings County,2025-11-30,2759.367607841352
11230,Brooklyn,Kings County,2025-12-31,2778.066771465834
11230,Brooklyn,Kings County,2026-01-31,2801.967007462596
11230,Brooklyn,Kings County,2026-02-28,2768.755055023549
11230,Brooklyn,Kings County,2026-03-31,2765.6909817958567
11230,Brooklyn,Kings County,2026-04-30,2722.2127246412715
11230,Brooklyn,Kings County,2026-05-31,2759.045931391684
11230,Brooklyn,Kings County,2026-06-30,2795.279594019279
11230,Brooklyn,Kings County,2026-07-31,2820.6938401559455
10458,Bronx,Bronx County,2015-12-31,1261.4862226038015
10458,Bronx,Bronx County,2016-02-29,1303.2742437124882
10458,Bronx,Bronx County,2016-03-31,1276.880951684169
10458,Bronx,Bronx County,2016-05-31,1266.272459500333
10458,Bronx,Bronx County,2016-06-30,1282.433200511939
10458,Bronx,Bronx County,2016-07-31,1287.7015363959856
10458,Bronx,Bronx County,2016-08-31,1293.1471666601603
10458,Bronx,Bronx County,2016-09-30,1328.4643120047213
10458,Bronx,Bronx County,2016-10-31,1335.2507910446802
10458,Bronx,Bronx County,2016-11-30,1356.9577139780583
10458,Bronx,Bronx County,2016-12-31,1373.6335501141739
10458,Bronx,Bronx County,2017-01-31,1387.3139451073168
10458,Bronx,Bronx County,2017-02-28,1411.3876867787296
10458,Bronx,Bronx County,2017-03-31,1394.2539175227525
10458,Bronx,Bronx County,2017-04-30,1417.528405186997
10458,Bronx,Bronx County,2017-05-31,1430.1728880931757
10458,Bronx,Bronx County,2017-06-30,1425.8129875747006
10458,Bronx,Bronx County,2017-07-31,1432.1745882099908
10458,Bronx,Bronx County,2017-08-31,1417.058392122973
10458,Bronx,Bronx County,2017-09-30,1424.1182790919
10458,Bronx,Bronx County,2017-10-31,1405.8575095779358
10458,Bronx,Bronx County,2017-11-30,1409.283908548494
10458,Bronx,Bronx County,2017-12-31,1406.8155089848494
10458,Bronx,Bronx County,2018-01-31,1420.2261863814228
10458,Bronx,Bronx County,2018-02-28,1435.3186848949324
10458,Bronx,Bronx County,2018-03-31,1476.3176291774503
10458,Bronx,Bronx County,2018-04-30,1453.4273939621748
10458,Bronx,Bronx County,2018-05-31,1496.7902639427039
10458,Bronx,Bronx County,2018-06-30,1490.2494366946416
10458,Bronx,Bronx County,2018-07-31,1535.8668169344671
10458,Bronx,Bronx County,2018-08-31,1479.7716098122935
10458,Bronx,Bronx County,2018-09-30,1517.0433205701634
10458,Bronx,Bronx County,2018-10-31,1551.8934319398622
10458,Bronx,Bronx County,2018-11-30,1609.0885637920105
10458,Bronx,Bronx County,2018-12-31,1592.3507741040278
10458,Bronx,Bronx County,2019-01-31,1536.5832247825922
10458,Bronx,Bronx County,2019-02-28,1524.066620899435
10458,Bronx,Bronx County,2019-03-31,1516.4112855763856
10458,Bronx,Bronx County,2019-04-30,1550.8177392187133
10458,Bronx,Bronx County,2019-05-31,1545.3302114384578
10458,Bronx,Bronx County,2019-06-30,1579.8229930053587
10458,Bronx,Bronx County,2019-07-31,1573.4757284678046
10458,Bronx,Bronx County,2019-08-31,1593.711267154826
10458,Bronx,Bronx County,2019-09-30,1583.3822103859325
10458,Bronx,Bronx County,2019-10-31,1594.2057247908126
10458,Bronx,Bronx County,2019-11-30,1606.138095269777
10458,Bronx,Bronx County,2019-12-31,1606.3694673741898
10458,Bronx,Bronx County,2020-01-31,1607.35198959605
10458,Bronx,Bronx County,2020-02-29,1606.0086653070398
10458,Bronx,Bronx County,2020-04-30,1637.6980035885776
10458,Bronx,Bronx County,2020-05-31,1662.6505159255807
10458,Bronx,Bronx County,2020-06-30,1659.533553135031
10458,Bronx,Bronx County,2020-07-31,1667.9203698362999
10458,Bronx,Bronx County,2020-08-31,1658.406259299199
10458,Bronx,Bronx County,2020-09-30,1687.465437350171
10458,Bronx,Bronx County,2020-10-31,1663.9119208431468
10458,Bronx,Bronx County,2020-11-30,1668.8040286842286
10458,Bronx,Bronx County,2020-12-31,1655.3616183658287
10458,Bronx,Bronx County,2021-01-31,1662.9685051375993
10458,Bronx,Bronx County,2021-02-28,1697.1771258965894
10458,Bronx,Bronx County,2021-03-31,1699.1788277399046
10458,Bronx,Bronx County,2021-04-30,1728.2956669985515
10458,Bronx,Bronx County,2021-05-31,1718.091267685926
10458,Bronx,Bronx County,2021-06-30,1714.8123808755397
10458,Bronx,Bronx County,2021-07-31,1708.2004568801226
10458,Bronx,Bronx County,2021-08-31,1683.7336485192725
10458,Bronx,Bronx County,2021-09-30,1682.9386296699586
10458,Bronx,Bronx County,2021-10-31,1699.6778687053777
10458,Bronx,Bronx County,2021-11-30,1707.654042367408
10458,Bronx,Bronx County,2021-12-31,1698.8566643492372
10458,Bronx,Bronx County,2022-01-31,1725.773499465435
10458,Bronx,Bronx County,2022-02-28,1744.7934667872873
10458,Bronx,Bronx County,2022-03-31,1789.4192609740676
10458,Bronx,Bronx County,2022-04-30,1780.3316891589832
10458,Bronx,Bronx County,2022-05-31,1781.9961779296368
10458,Bronx,Bronx County,2022-06-30,1786.0136175019356
10458,Bronx,Bronx County,2022-07-31,1799.3600657009185
10458,Bronx,Bronx County,2022-08-31,1786.5719965898866
10458,Bronx,Bronx County,2022-09-30,1839.1936808623502
10458,Bronx,Bronx County,2022-10-31,1856.9125810920323
10458,Bronx,Bronx County,2022-11-30,1894.4255593864043
10458,Bronx,Bronx County,2022-12-31,1865.8609948144183
10458,Bronx,Bronx County,2023-01-31,1876.2790427164286
10458,Bronx,Bronx County,2023-02-28,1903.5527271968679
10458,Bronx,Bronx County,2023-03-31,1916.8316611579482
10458,Bronx,Bronx County,2023-04-30,1931.6650248535107
10458,Bronx,Bronx County,2023-05-31,1929.417504101381
10458,Bronx,Bronx County,2023-06-30,1924.3912966907924
10458,Bronx,Bronx County,2023-07-31,1951.1335458249266
10458,Bronx,Bronx County,2023-08-31,1993.8023341339306
10458,Bronx,Bronx County,2023-09-30,1986.7000634688382
10458,Bronx,Bronx County,2023-10-31,2032.99326354326
10458,Bronx,Bronx County,2023-11-30,2012.1978126647214
10458,Bronx,Bronx County,2023-12-31,2076.1545194315977
10458,Bronx,Bronx County,2024-01-31,2083.787671393029
10458,Bronx,Bronx County,2024-02-29,2185.8011240349783
10458,Bronx,Bronx County,2024-04-30,2443.2105627842443
10458,Bronx,Bronx County,2024-05-31,2453.4639171312024
10458,Bronx,Bronx County,2024-06-30,2294.6373498544795
10458,Bronx,Bronx County,2024-07-31,2303.043156743824
10458,Bronx,Bronx County,2024-08-31,2304.157627442782
10458,Bronx,Bronx County,2024-09-30,2268.463097131298
10458,Bronx,Bronx County,2024-10-31,2278.9163188524876
10458,Bronx,Bronx County,2024-11-30,2335.6526476572985
10458,Bronx,Bronx County,2024-12-31,2463.9822353616846
10458,Bronx,Bronx County,2025-01-31,2466.693260638057
10458,Bronx,Bronx County,2025-02-28,2413.257456109292
10458,Bronx,Bronx County,2025-03-31,2345.1068810064344
10458,Bronx,Bronx County,2025-04-30,2377.7905360714094
10458,Bronx,Bronx County,2025-05-31,2381.150177614888
10458,Bronx,Bronx County,2025-06-30,2287.4086727988783
10458,Bronx,Bronx County,2025-07-31,2276.089257462303
10458,Bronx,Bronx County,2025-08-31,2269.0952198495283
10458,Bronx,Bronx County,2025-09-30,2361.8004781154627
10458,Bronx,Bronx County,2025-10-31,2352.919413999944
10458,Bronx,Bronx County,2025-11-30,2391.576114900963
10458,Bronx,Bronx County,2025-12-31,2422.8360918006056
10458,Bronx,Bronx County,2026-01-31,2437.947298853498
10458,Bronx,Bronx County,2026-02-28,2494.7425607719842
10458,Bronx,Bronx County,2026-03-31,2518.2941381925516
10458,Bronx,Bronx County,2026-04-30,2565.8001336689053
10458,Bronx,Bronx County,2026-05-31,2636.200243239554
10458,Bronx,Bronx County,2026-06-30,2635.90843794511
10458,Bronx,Bronx County,2026-07-31,2771.56507936508
11377,Queens,Queens County,2020-09-30,2212.601164561497
11377,Queens,Queens County,2020-10-31,2197.356185481351
11377,Queens,Queens County,2020-11-30,2214.486642367836
11377,Queens,Queens County,2020-12-31,2194.306197129589
11377,Queens,Queens County,2021-01-31,2193.688644085729
11377,Queens,Queens County,2021-02-28,2158.5423745380067
11377,Queens,Queens County,2021-03-31,2190.5942854686527
11377,Queens,Queens County,2021-04-30,2208.5352052529543
11377,Queens,Queens County,2021-05-31,2206.6173278311126
11377,Queens,Queens County,2021-06-30,2193.0890712164064
11377,Queens,Queens County,2021-07-31,2174.443101026745
11377,Queens,Queens County,2021-08-31,2198.141841002998
11377,Queens,Queens County,2021-09-30,2202.362123540597
11377,Queens,Queens County,2021-10-31,2214.0161964020713
11377,Queens,Queens County,2021-11-30,2215.776263529573
11377,Queens,Queens County,2021-12-31,2230.2570467120768
11377,Queens,Queens County,2022-01-31,2288.568900602268
11377,Queens,Queens County,2022-02-28,2313.90502307144
11377,Queens,Queens County,2022-03-31,2352.9376994620825
11377,Queens,Queens County,2022-04-30,2293.356052634603
11377,Queens,Queens County,2022-05-31,2327.701147444934
11377,Queens,Queens County,2022-06-30,2336.206321390343
11377,Queens,Queens County,2022-07-31,2458.984128603507
11377,Queens,Queens County,2022-08-31,2499.9454258300357
11377,Queens,Queens County,2022-09-30,2557.8081454230514
11377,Queens,Queens County,2022-10-31,2521.6965147073442
11377,Queens,Queens County,2022-11-30,2526.302329981962
11377,Queens,Queens County,2022-12-31,2513.213483833235
11377,Queens,Queens County,2023-01-31,2512.948467814932
11377,Queens,Queens County,2023-02-28,2519.3521405032966
11377,Queens,Queens County,2023-03-31,2522.700793703991
11377,Queens,Queens County,2023-04-30,2526.4829847506253
11377,Queens,Queens County,2023-05-31,2556.4565373323735
11377,Queens,Queens County,2023-06-30,2605.6554068172104
11377,Queens,Queens County,2023-07-31,2673.591902260596
11377,Queens,Queens County,2023-08-31,2685.2565915206555
11377,Queens,Queens County,2023-09-30,2699.5010219686565
11377,Queens,Queens County,2023-10-31,2677.5569048943557
11377,Queens,Queens County,2023-11-30,2688.9770332518633
11377,Queens,Queens County,2023-12-31,2675.895292232869
11377,Queens,Queens County,2024-01-31,2736.5170643932092
11377,Queens,Queens County,2024-02-29,2701.891781707474
11377,Queens,Queens County,2024-03-31,2708.694662000708
11377,Queens,Queens County,2024-04-30,2673.6786300285717
11377,Queens,Queens County,2024-05-31,2689.912563439353
11377,Queens,Queens County,2024-06-30,2709.0594490400017
11377,Queens,Queens County,2024-07-31,2726.7375284152545
11377,Queens,Queens County,2024-08-31,2774.399605762692
11377,Queens,Queens County,2024-09-30,2761.991381057709
11377,Queens,Queens County,2024-10-31,2780.4190891413864
11377,Queens,Queens County,2024-11-30,2761.2282296459252
11377,Queens,Queens County,2024-12-31,2802.455836612163
11377,Queens,Queens County,2025-01-31,2776.4688383634575
11377,Queens,Queens County,2025-02-28,2776.920659061592
11377,Queens,Queens County,2025-03-31,2786.4314377002293
11377,Queens,Queens County,2025-04-30,2799.431146365464
11377,Queens,Queens County,2025-05-31,2802.3350857535715
11377,Queens,Queens County,2025-06-30,2803.835176800284
11377,Queens,Queens County,2025-07-31,2908.384932336812
11377,Queens,Queens County,2025-08-31,3005.2472218638413
11377,Queens,Queens County,2025-09-30,3037.766232198095
11377,Queens,Queens County,2025-10-31,2981.140864085811
11377,Queens,Queens County,2025-11-30,2886.0724844461934
11377,Queens,Queens County,2025-12-31,2884.3298615267827
11377,Queens,Queens County,2026-01-31,2867.3049215236624
11377,Queens,Queens County,2026-02-28,2941.8706949001244
11377,Queens,Queens County,2026-03-31,2950.1128458792114
11377,Queens,Queens County,2026-04-30,3004.7922210286247
11377,Queens,Queens County,2026-05-31,2978.9500404861665
11377,Queens,Queens County,2026-06-30,2995.8309025263043
11377,Queens,Queens County,2026-07-31,3033.2450142450143
11235,Brooklyn,Kings County,2015-01-31,1621.1496403627973
11235,Brooklyn,Kings County,2015-02-28,1662.4111531635133
11235,Brooklyn,Kings County,2015-03-31,1681.3637953867449
11235,Brooklyn,Kings County,2015-04-30,1712.6807815684977
11235,Brooklyn,Kings County,2015-05-31,1692.390588867281
11235,Brooklyn,Kings County,2015-06-30,1697.7811322372913
11235,Brooklyn,Kings County,2015-07-31,1700.7223735628295
11235,Brooklyn,Kings County,2015-08-31,1692.076710983678
11235,Brooklyn,Kings County,2015-09-30,1704.3075448739723
11235,Brooklyn,Kings County,2015-10-31,1738.0836202529176
11235,Brooklyn,Kings County,2015-11-30,1789.7850393263204
11235,Brooklyn,Kings County,2015-12-31,1758.8460417663848
11235,Brooklyn,Kings County,2016-01-31,1759.9160387732609
11235,Brooklyn,Kings County,2016-02-29,1751.2753655187664
11235,Brooklyn,Kings County,2016-03-31,1794.0891666735622
11235,Brooklyn,Kings County,2016-04-30,1776.851033213114
11235,Brooklyn,Kings County,2016-05-31,1766.5464498494625
11235,Brooklyn,Kings County,2016-06-30,1760.2783336786174
11235,Brooklyn,Kings County,2016-07-31,1780.2834911920845
11235,Brooklyn,Kings County,2016-08-31,1795.563557777216
11235,Brooklyn,Kings County,2016-09-30,1811.9321987855985
11235,Brooklyn,Kings County,2016-10-31,1834.4997662083085
11235,Brooklyn,Kings County,2016-11-30,1858.8931606253059
11235,Brooklyn,Kings County,2016-12-31,1878.04173366689
11235,Brooklyn,Kings County,2017-01-31,1890.3139127555312
11235,Brooklyn,Kings County,2017-02-28,1885.6509976285283
11235,Brooklyn,Kings County,2017-03-31,1865.9676642381633
11235,Brooklyn,Kings County,2017-04-30,1832.377745206488
11235,Brooklyn,Kings County,2017-05-31,1822.5688474006595
11235,Brooklyn,Kings County,2017-06-30,1843.5753745776547
11235,Brooklyn,Kings County,2017-07-31,1894.8042294277745
11235,Brooklyn,Kings County,2017-08-31,1920.8156797506451
11235,Brooklyn,Kings County,2017-09-30,1928.8316426450292
11235,Brooklyn,Kings County,2017-10-31,1904.4282822232497
11235,Brooklyn,Kings County,2017-11-30,1874.7088124592406
11235,Brooklyn,Kings County,2017-12-31,1859.9857020142072
11235,Brooklyn,Kings County,2018-01-31,1844.2422415779433
11235,Brooklyn,Kings County,2018-02-28,1869.0658570202993
11235,Brooklyn,Kings County,2018-03-31,1888.0831761855732
11235,Brooklyn,Kings County,2018-04-30,1919.1966810413708
11235,Brooklyn,Kings County,2018-05-31,1917.5592293918376
11235,Brooklyn,Kings County,2018-06-30,1911.0888128864844
11235,Brooklyn,Kings County,2018-07-31,1912.9573542613
11235,Brooklyn,Kings County,2018-08-31,1914.5964328620241
11235,Brooklyn,Kings County,2018-09-30,1911.475632565101
11235,Brooklyn,Kings County,2018-10-31,1904.365611865287
11235,Brooklyn,Kings County,2018-11-30,1906.8292758042464
11235,Brooklyn,Kings County,2018-12-31,1887.4591397186452
11235,Brooklyn,Kings County,2019-01-31,1897.9117031308854
11235,Brooklyn,Kings County,2019-02-28,1897.050055030304
11235,Brooklyn,Kings County,2019-03-31,1935.6904131808642
11235,Brooklyn,Kings County,2019-04-30,1944.6257392902905
11235,Brooklyn,Kings County,2019-05-31,1963.882652570235
11235,Brooklyn,Kings County,2019-06-30,1972.8225973330814
11235,Brooklyn,Kings County,2019-07-31,1974.8499198858945
11235,Brooklyn,Kings County,2019-08-31,1989.899236112106
11235,Brooklyn,Kings County,2019-09-30,2020.1111280580333
11235,Brooklyn,Kings County,2019-10-31,2036.2286556958597
11235,Brooklyn,Kings County,2019-11-30,2052.1918970074075
11235,Brooklyn,Kings County,2019-12-31,2006.4356870843665
11235,Brooklyn,Kings County,2020-01-31,2010.4428606436989
11235,Brooklyn,Kings County,2020-02-29,2015.2500858696212
11235,Brooklyn,Kings County,2020-03-31,2021.6328423003613
11235,Brooklyn,Kings County,2020-04-30,2006.4187299081889
11235,Brooklyn,Kings County,2020-05-31,1986.2498004455308
11235,Brooklyn,Kings County,2020-06-30,1994.4830460323067
11235,Brooklyn,Kings County,2020-07-31,1993.0729139991722
11235,Brooklyn,Kings County,2020-08-31,1991.1141870416932
11235,Brooklyn,Kings County,2020-09-30,1976.1927736385267
11235,Brooklyn,Kings County,2020-10-31,1979.3811858140302
11235,Brooklyn,Kings County,2020-11-30,1939.3329043651286
11235,Brooklyn,Kings County,2020-12-31,1924.96980200643
11235,Brooklyn,Kings County,2021-01-31,1885.8341839151758
11235,Brooklyn,Kings County,2021-02-28,1878.4115921871091
11235,Brooklyn,Kings County,2021-03-31,1916.4343050789364
11235,Brooklyn,Kings County,2021-04-30,1937.9143909254021
11235,Brooklyn,Kings County,2021-05-31,1987.6017205842372
11235,Brooklyn,Kings County,2021-06-30,1974.5509762316665
11235,Brooklyn,Kings County,2021-07-31,2019.4195851280817
11235,Brooklyn,Kings County,2021-08-31,2043.7362587885118
11235,Brooklyn,Kings County,2021-09-30,2073.9008092372283
11235,Brooklyn,Kings County,2021-10-31,2076.8427754883296
11235,Brooklyn,Kings County,2021-11-30,2042.653625730184
11235,Brooklyn,Kings County,2021-12-31,2053.01393609949
11235,Brooklyn,Kings County,2022-01-31,2067.3257869350746
11235,Brooklyn,Kings County,2022-02-28,2133.612895873915
11235,Brooklyn,Kings County,2022-03-31,2165.6923594249834
11235,Brooklyn,Kings County,2022-04-30,2124.661748084267
11235,Brooklyn,Kings County,2022-05-31,2115.0241069087087
11235,Brooklyn,Kings County,2022-06-30,2127.763149231191
11235,Brooklyn,Kings County,2022-07-31,2206.28792196682
11235,Brooklyn,Kings County,2022-08-31,2241.9611519604255
11235,Brooklyn,Kings County,2022-09-30,2265.018653535818
11235,Brooklyn,Kings County,2022-10-31,2302.402342243235
11235,Brooklyn,Kings County,2022-11-30,2335.676865613142
11235,Brooklyn,Kings County,2022-12-31,2314.9431217791334
11235,Brooklyn,Kings County,2023-01-31,2302.6793101587473
11235,Brooklyn,Kings County,2023-02-28,2326.8614612380193
11235,Brooklyn,Kings County,2023-03-31,2354.240958133284
11235,Brooklyn,Kings County,2023-04-30,2372.865639826955
11235,Brooklyn,Kings County,2023-05-31,2334.2034581826447
11235,Brooklyn,Kings County,2023-06-30,2359.929164154225
11235,Brooklyn,Kings County,2023-07-31,2373.9026308836446
11235,Brooklyn,Kings County,2023-08-31,2359.71356857936
11235,Brooklyn,Kings County,2023-09-30,2362.5395351922516
11235,Brooklyn,Kings County,2023-10-31,2348.465502800691
11235,Brooklyn,Kings County,2023-11-30,2403.7527101203523
11235,Brooklyn,Kings County,2023-12-31,2351.174570985076
11235,Brooklyn,Kings County,2024-01-31,2386.786033889967
11235,Brooklyn,Kings County,2024-02-29,2401.1406517394357
11235,Brooklyn,Kings County,2024-03-31,2449.159038226977
11235,Brooklyn,Kings County,2024-04-30,2450.062384261242
11235,Brooklyn,Kings County,2024-05-31,2473.312786182618
11235,Brooklyn,Kings County,2024-06-30,2499.725993106319
11235,Brooklyn,Kings County,2024-07-31,2513.6009803269617
11235,Brooklyn,Kings County,2024-08-31,2494.8617743349523
11235,Brooklyn,Kings County,2024-09-30,2492.919165926559
11235,Brooklyn,Kings County,2024-10-31,2494.780364302205
11235,Brooklyn,Kings County,2024-11-30,2521.844930682914
11235,Brooklyn,Kings County,2024-12-31,2532.8618622875624
11235,Brooklyn,Kings County,2025-01-31,2515.794590846342
11235,Brooklyn,Kings County,2025-02-28,2468.5595063935243
11235,Brooklyn,Kings County,2025-03-31,2456.4722833471324
11235,Brooklyn,Kings County,2025-04-30,2480.473982660189
11235,Brooklyn,Kings County,2025-05-31,2494.0057053861265
11235,Brooklyn,Kings County,2025-06-30,2547.6268957890584
11235,Brooklyn,Kings County,2025-07-31,2516.598398695164
11235,Brooklyn,Kings County,2025-08-31,2563.0713700169504
11235,Brooklyn,Kings County,2025-09-30,2565.5546736177726
11235,Brooklyn,Kings County,2025-10-31,2603.0972858343084
11235,Brooklyn,Kings County,2025-11-30,2619.138008237476
11235,Brooklyn,Kings County,2025-12-31,2633.4611091997367
11235,Brooklyn,Kings County,2026-01-31,2619.1460205091284
11235,Brooklyn,Kings County,2026-02-28,2599.714820428356
11235,Brooklyn,Kings County,2026-03-31,2562.9171651410256
11235,Brooklyn,Kings County,2026-04-30,2592.175285326016
11235,Brooklyn,Kings County,2026-05-31,2558.895689563476
11235,Brooklyn,Kings County,2026-06-30,2565.2810933791093
11235,Brooklyn,Kings County,2026-07-31,2617.7317460317463
11229,Brooklyn,Kings County,2016-05-31,1407.97898153266
11229,Brooklyn,Kings County,2016-06-30,1482.3225483901529
11229,Brooklyn,Kings County,2016-07-31,1499.3880370044612
11229,Brooklyn,Kings County,2016-08-31,1506.8840908963593
11229,Brooklyn,Kings County,2016-09-30,1502.9243178065508
11229,Brooklyn,Kings County,2016-10-31,1469.2071441069759
11229,Brooklyn,Kings County,2016-11-30,1433.3704333821906
11229,Brooklyn,Kings County,2016-12-31,1453.3126761640935
11229,Brooklyn,Kings County,2017-01-31,1484.4410066373896
11229,Brooklyn,Kings County,2017-02-28,1569.210706319264
11229,Brooklyn,Kings County,2017-03-31,1582.3744479505592
11229,Brooklyn,Kings County,2017-04-30,1632.3544681694707
11229,Brooklyn,Kings County,2017-05-31,1591.0643657440262
11229,Brooklyn,Kings County,2017-06-30,1568.6292163149283
11229,Brooklyn,Kings County,2017-07-31,1557.3859737152827
11229,Brooklyn,Kings County,2017-08-31,1587.2140813473834
11229,Brooklyn,Kings County,2017-09-30,1611.3608546439764
11229,Brooklyn,Kings County,2017-10-31,1642.4833285491632
11229,Brooklyn,Kings County,2017-11-30,1661.550467379506
11229,Brooklyn,Kings County,2017-12-31,1657.4975578026097
11229,Brooklyn,Kings County,2018-01-31,1584.3240209697822
11229,Brooklyn,Kings County,2018-02-28,1579.5135332320365
11229,Brooklyn,Kings County,2018-03-31,1606.8330656107019
11229,Brooklyn,Kings County,2018-04-30,1647.672076909082
11229,Brooklyn,Kings County,2018-05-31,1677.3530104964084
11229,Brooklyn,Kings County,2018-06-30,1712.8328103982506
11229,Brooklyn,Kings County,2018-07-31,1750.4437030854483
11229,Brooklyn,Kings County,2018-08-31,1748.669993651439
11229,Brooklyn,Kings County,2018-09-30,1722.8172920197458
11229,Brooklyn,Kings County,2018-10-31,1720.9389301631695
11229,Brooklyn,Kings County,2018-11-30,1704.4976496447123
11229,Brooklyn,Kings County,2018-12-31,1642.378273434278
11229,Brooklyn,Kings County,2019-01-31,1611.4436798746278
11229,Brooklyn,Kings County,2019-02-28,1609.1647407330445
11229,Brooklyn,Kings County,2019-03-31,1688.9181878291554
11229,Brooklyn,Kings County,2019-04-30,1699.5435103849973
11229,Brooklyn,Kings County,2019-05-31,1743.0064710833572
11229,Brooklyn,Kings County,2019-06-30,1729.7108598745092
11229,Brooklyn,Kings County,2019-07-31,1750.8336139882406
11229,Brooklyn,Kings County,2019-08-31,1737.1108963711342
11229,Brooklyn,Kings County,2019-09-30,1767.691036826541
11229,Brooklyn,Kings County,2019-10-31,1786.2776008602007
11229,Brooklyn,Kings County,2019-11-30,1817.4920649445628
11229,Brooklyn,Kings County,2019-12-31,1777.450545263908
11229,Brooklyn,Kings County,2020-01-31,1738.690234691184
11229,Brooklyn,Kings County,2020-02-29,1699.407524843391
11229,Brooklyn,Kings County,2020-03-31,1743.8711691177487
11229,Brooklyn,Kings County,2020-04-30,1792.8699384351542
11229,Brooklyn,Kings County,2020-05-31,1790.9270130514121
11229,Brooklyn,Kings County,2020-06-30,1748.816636488231
11229,Brooklyn,Kings County,2020-07-31,1753.0662596752104
11229,Brooklyn,Kings County,2020-08-31,1770.7724940973033
11229,Brooklyn,Kings County,2020-09-30,1743.6382476832202
11229,Brooklyn,Kings County,2020-10-31,1732.7024220435299
11229,Brooklyn,Kings County,2020-11-30,1726.9612433418508
11229,Brooklyn,Kings County,2020-12-31,1775.0696765235457
11229,Brooklyn,Kings County,2021-01-31,1784.9138542177757
11229,Brooklyn,Kings County,2021-02-28,1797.0479806173412
11229,Brooklyn,Kings County,2021-03-31,1773.4993473395384
11229,Brooklyn,Kings County,2021-04-30,1748.5003614730074
11229,Brooklyn,Kings County,2021-05-31,1748.1048580425165
11229,Brooklyn,Kings County,2021-06-30,1772.2440474405996
11229,Brooklyn,Kings County,2021-07-31,1789.2823990140903
11229,Brooklyn,Kings County,2021-08-31,1808.9890066484127
11229,Brooklyn,Kings County,2021-09-30,1810.1883410376167
11229,Brooklyn,Kings County,2021-10-31,1859.886865229986
11229,Brooklyn,Kings County,2021-11-30,1890.6597246947765
11229,Brooklyn,Kings County,2021-12-31,1903.908631119351
11229,Brooklyn,Kings County,2022-01-31,1955.0712357736143
11229,Brooklyn,Kings County,2022-02-28,1892.9265496725181
11229,Brooklyn,Kings County,2022-03-31,1926.3686428561994
11229,Brooklyn,Kings County,2022-04-30,1895.4163424358528
11229,Brooklyn,Kings County,2022-05-31,1964.822034175783
11229,Brooklyn,Kings County,2022-06-30,1964.8475398273629
11229,Brooklyn,Kings County,2022-07-31,1962.9115178833792
11229,Brooklyn,Kings County,2022-08-31,1977.0819011795531
11229,Brooklyn,Kings County,2022-09-30,2046.5017237401255
11229,Brooklyn,Kings County,2022-10-31,2110.7735598276527
11229,Brooklyn,Kings County,2022-11-30,2121.300933425872
11229,Brooklyn,Kings County,2022-12-31,2130.8280148667664
11229,Brooklyn,Kings County,2023-01-31,2117.551182377027
11229,Brooklyn,Kings County,2023-02-28,2186.733026763826
11229,Brooklyn,Kings County,2023-03-31,2182.7268075881843
11229,Brooklyn,Kings County,2023-04-30,2144.955224970139
11229,Brooklyn,Kings County,2023-05-31,2093.648247392457
11229,Brooklyn,Kings County,2023-06-30,2075.8780399376747
11229,Brooklyn,Kings County,2023-07-31,2178.2053298057904
11229,Brooklyn,Kings County,2023-08-31,2192.2547235685643
11229,Brooklyn,Kings County,2023-09-30,2297.0303939327628
11229,Brooklyn,Kings County,2023-10-31,2279.5271972329188
11229,Brooklyn,Kings County,2023-11-30,2386.0611766351835
11229,Brooklyn,Kings County,2023-12-31,2355.1063886477027
11229,Brooklyn,Kings County,2024-01-31,2354.1783621661334
11229,Brooklyn,Kings County,2024-02-29,2354.7180802535026
11229,Brooklyn,Kings County,2024-03-31,2310.07052518288
11229,Brooklyn,Kings County,2024-04-30,2372.850311677648
11229,Brooklyn,Kings County,2024-05-31,2297.506311498217
11229,Brooklyn,Kings County,2024-06-30,2357.930217360778
11229,Brooklyn,Kings County,2024-07-31,2344.0104848687906
11229,Brooklyn,Kings County,2024-08-31,2380.2400929655305
11229,Brooklyn,Kings County,2024-09-30,2358.990446525425
11229,Brooklyn,Kings County,2024-10-31,2373.3594696449363
11229,Brooklyn,Kings County,2024-11-30,2412.6398628806055
11229,Brooklyn,Kings County,2024-12-31,2413.129107177604
11229,Brooklyn,Kings County,2025-01-31,2442.8943585065726
11229,Brooklyn,Kings County,2025-02-28,2390.606478174275
11229,Brooklyn,Kings County,2025-03-31,2446.330640895234
11229,Brooklyn,Kings County,2025-04-30,2406.615789540258
11229,Brooklyn,Kings County,2025-05-31,2419.3720930916584
11229,Brooklyn,Kings County,2025-06-30,2436.633162339109
11229,Brooklyn,Kings County,2025-07-31,2479.6947661286995
11229,Brooklyn,Kings County,2025-08-31,2531.1728763096676
11229,Brooklyn,Kings County,2025-09-30,2615.0147990727883
11229,Brooklyn,Kings County,2025-10-31,2740.4367314331757
11229,Brooklyn,Kings County,2025-11-30,2769.0520424922106
11229,Brooklyn,Kings County,2025-12-31,2760.279444781823
11229,Brooklyn,Kings County,2026-01-31,2679.6638002145355
11229,Brooklyn,Kings County,2026-02-28,2770.5579664491893
11229,Brooklyn,Kings County,2026-03-31,2822.567596586253
11229,Brooklyn,Kings County,2026-04-30,2842.6645967327395
11229,Brooklyn,Kings County,2026-05-31,2822.781018463514
11229,Brooklyn,Kings County,2026-06-30,2728.8999213660168
11229,Brooklyn,Kings County,2026-07-31,2738.4920634920636
11233,Brooklyn,Kings County,2015-01-31,1816.5595631772042
11233,Brooklyn,Kings County,2015-02-28,1824.2318725878256
11233,Brooklyn,Kings County,2015-03-31,1819.7946013661203
11233,Brooklyn,Kings County,2015-04-30,1851.9447545909686
11233,Brooklyn,Kings County,2015-05-31,1909.024431118442
11233,Brooklyn,Kings County,2015-06-30,1955.8717998168006
11233,Brooklyn,Kings County,2015-07-31,1950.5258314709188
11233,Brooklyn,Kings County,2015-08-31,1941.3441010188346
11233,Brooklyn,Kings County,2015-09-30,1982.2108607828693
11233,Brooklyn,Kings County,2015-10-31,2017.1498416960926
11233,Brooklyn,Kings County,2015-11-30,1983.033646835542
11233,Brooklyn,Kings County,2015-12-31,1936.5573234616338
11233,Brooklyn,Kings County,2016-01-31,1913.927170797711
11233,Brooklyn,Kings County,2016-02-29,1920.7485199479809
11233,Brooklyn,Kings County,2016-03-31,1958.7688810271327
11233,Brooklyn,Kings County,2016-04-30,1978.3379910730537
11233,Brooklyn,Kings County,2016-05-31,2022.1572029714534
11233,Brooklyn,Kings County,2016-06-30,2012.8676049450546
11233,Brooklyn,Kings County,2016-07-31,2024.1593403726188
11233,Brooklyn,Kings County,2016-08-31,2031.1531628638836
11233,Brooklyn,Kings County,2016-09-30,2039.6834280784321
11233,Brooklyn,Kings County,2016-10-31,2035.3223797393782
11233,Brooklyn,Kings County,2016-11-30,2056.4468163712904
11233,Brooklyn,Kings County,2016-12-31,2057.4228325551394
11233,Brooklyn,Kings County,2017-01-31,2073.811101624735
11233,Brooklyn,Kings County,2017-02-28,2076.705516447678
11233,Brooklyn,Kings County,2017-03-31,2088.566610037558
11233,Brooklyn,Kings County,2017-04-30,2098.410478677011
11233,Brooklyn,Kings County,2017-05-31,2099.423857376338
11233,Brooklyn,Kings County,2017-06-30,2134.685804727586
11233,Brooklyn,Kings County,2017-07-31,2135.647944142381
11233,Brooklyn,Kings County,2017-08-31,2143.4670435958196
11233,Brooklyn,Kings County,2017-09-30,2131.1953017486208
11233,Brooklyn,Kings County,2017-10-31,2122.3734739672627
11233,Brooklyn,Kings County,2017-11-30,2103.2649573916233
11233,Brooklyn,Kings County,2017-12-31,2101.3601209116973
11233,Brooklyn,Kings County,2018-01-31,2112.0941407977307
11233,Brooklyn,Kings County,2018-02-28,2122.785275728465
11233,Brooklyn,Kings County,2018-03-31,2100.6658026857403
11233,Brooklyn,Kings County,2018-04-30,2108.0524528392007
11233,Brooklyn,Kings County,2018-05-31,2125.7835071693107
11233,Brooklyn,Kings County,2018-06-30,2170.962776721041
11233,Brooklyn,Kings County,2018-07-31,2197.066882516069
11233,Brooklyn,Kings County,2018-08-31,2208.15058487527
11233,Brooklyn,Kings County,2018-09-30,2214.603060965894
11233,Brooklyn,Kings County,2018-10-31,2197.441969556115
11233,Brooklyn,Kings County,2018-11-30,2190.198304906672
11233,Brooklyn,Kings County,2018-12-31,2172.8126226414497
11233,Brooklyn,Kings County,2019-01-31,2190.098902255486
11233,Brooklyn,Kings County,2019-02-28,2221.130238873548
11233,Brooklyn,Kings County,2019-03-31,2219.9220776280154
11233,Brooklyn,Kings County,2019-04-30,2236.993616678449
11233,Brooklyn,Kings County,2019-05-31,2243.2124060507663
11233,Brooklyn,Kings County,2019-06-30,2277.1252736624315
11233,Brooklyn,Kings County,2019-07-31,2280.5404156347718
11233,Brooklyn,Kings County,2019-08-31,2304.0126779821826
11233,Brooklyn,Kings County,2019-09-30,2330.1316921201005
11233,Brooklyn,Kings County,2019-10-31,2349.286521492478
11233,Brooklyn,Kings County,2019-11-30,2327.4711396450966
11233,Brooklyn,Kings County,2019-12-31,2304.846551911231
11233,Brooklyn,Kings County,2020-01-31,2305.559633895544
11233,Brooklyn,Kings County,2020-02-29,2313.5788210069104
11233,Brooklyn,Kings County,2020-03-31,2349.9564519450623
11233,Brooklyn,Kings County,2020-04-30,2324.3220694085076
11233,Brooklyn,Kings County,2020-05-31,2319.595433327583
11233,Brooklyn,Kings County,2020-06-30,2284.8385902037603
11233,Brooklyn,Kings County,2020-07-31,2286.8804503458227
11233,Brooklyn,Kings County,2020-08-31,2273.549114653674
11233,Brooklyn,Kings County,2020-09-30,2235.01151451097
11233,Brooklyn,Kings County,2020-10-31,2212.020193600669
11233,Brooklyn,Kings County,2020-11-30,2173.458854498418
11233,Brooklyn,Kings County,2020-12-31,2170.204826429887
11233,Brooklyn,Kings County,2021-01-31,2152.747049976378
11233,Brooklyn,Kings County,2021-02-28,2138.2598866814415
11233,Brooklyn,Kings County,2021-03-31,2141.1876104841504
11233,Brooklyn,Kings County,2021-04-30,2157.5636066876505
11233,Brooklyn,Kings County,2021-05-31,2184.2514098765305
11233,Brooklyn,Kings County,2021-06-30,2206.358656972792
11233,Brooklyn,Kings County,2021-07-31,2238.5954640601217
11233,Brooklyn,Kings County,2021-08-31,2301.284935625389
11233,Brooklyn,Kings County,2021-09-30,2363.4987837004132
11233,Brooklyn,Kings County,2021-10-31,2387.496326190671
11233,Brooklyn,Kings County,2021-11-30,2372.2893147231025
11233,Brooklyn,Kings County,2021-12-31,2362.5349510332044
11233,Brooklyn,Kings County,2022-01-31,2397.85706625773
11233,Brooklyn,Kings County,2022-02-28,2460.1257104312067
11233,Brooklyn,Kings County,2022-03-31,2506.0339903413997
11233,Brooklyn,Kings County,2022-04-30,2525.293241701495
11233,Brooklyn,Kings County,2022-05-31,2557.823656322831
11233,Brooklyn,Kings County,2022-06-30,2625.704668292693
11233,Brooklyn,Kings County,2022-07-31,2688.6862745657063
11233,Brooklyn,Kings County,2022-08-31,2747.632984847728
11233,Brooklyn,Kings County,2022-09-30,2756.465213150376
11233,Brooklyn,Kings County,2022-10-31,2768.013750439109
11233,Brooklyn,Kings County,2022-11-30,2710.6893920147377
11233,Brooklyn,Kings County,2022-12-31,2692.6133627579757
11233,Brooklyn,Kings County,2023-01-31,2709.7882758377414
11233,Brooklyn,Kings County,2023-02-28,2733.1967518713977
11233,Brooklyn,Kings County,2023-03-31,2741.207789170085
11233,Brooklyn,Kings County,2023-04-30,2725.7873934061486
11233,Brooklyn,Kings County,2023-05-31,2772.933435853782
11233,Brooklyn,Kings County,2023-06-30,2812.4548607669294
11233,Brooklyn,Kings County,2023-07-31,2857.9523641680485
11233,Brooklyn,Kings County,2023-08-31,2852.2578843308834
11233,Brooklyn,Kings County,2023-09-30,2863.6981853104808
11233,Brooklyn,Kings County,2023-10-31,2824.673935237186
11233,Brooklyn,Kings County,2023-11-30,2814.188523195594
11233,Brooklyn,Kings County,2023-12-31,2749.533073698932
11233,Brooklyn,Kings County,2024-01-31,2761.155220543074
11233,Brooklyn,Kings County,2024-02-29,2758.887766285489
11233,Brooklyn,Kings County,2024-03-31,2831.5174701772935
11233,Brooklyn,Kings County,2024-04-30,2862.8641318121036
11233,Brooklyn,Kings County,2024-05-31,2924.1475426822212
11233,Brooklyn,Kings County,2024-06-30,2963.804617738236
11233,Brooklyn,Kings County,2024-07-31,2982.46887840796
11233,Brooklyn,Kings County,2024-08-31,2970.2553474745478
11233,Brooklyn,Kings County,2024-09-30,2936.4864816472223
11233,Brooklyn,Kings County,2024-10-31,2925.6627530553133
11233,Brooklyn,Kings County,2024-11-30,2909.097638507546
11233,Brooklyn,Kings County,2024-12-31,2918.8364811176075
11233,Brooklyn,Kings County,2025-01-31,2931.6307841365924
11233,Brooklyn,Kings County,2025-02-28,2957.0570530929126
11233,Brooklyn,Kings County,2025-03-31,2985.5144546117326
11233,Brooklyn,Kings County,2025-04-30,3006.8271930750834
11233,Brooklyn,Kings County,2025-05-31,3028.625213884163
11233,Brooklyn,Kings County,2025-06-30,3062.9681051955877
11233,Brooklyn,Kings County,2025-07-31,3104.0252766008443
11233,Brooklyn,Kings County,2025-08-31,3126.983587357541
11233,Brooklyn,Kings County,2025-09-30,3123.698389162672
11233,Brooklyn,Kings County,2025-10-31,3096.487802433287
11233,Brooklyn,Kings County,2025-11-30,3102.956378767126
11233,Brooklyn,Kings County,2025-12-31,3077.7291253372805
11233,Brooklyn,Kings County,2026-01-31,3107.540249564576
11233,Brooklyn,Kings County,2026-02-28,3134.8370664799672
11233,Brooklyn,Kings County,2026-03-31,3182.3530730459097
11233,Brooklyn,Kings County,2026-04-30,3190.1548189784653
11233,Brooklyn,Kings County,2026-05-31,3218.3180339775035
11233,Brooklyn,Kings County,2026-06-30,3256.9015562451173
11233,Brooklyn,Kings County,2026-07-31,3282.097602161432
10453,Bronx,Bronx County,2026-03-31,2365.534576256156
10453,Bronx,Bronx County,2026-04-30,2604.7765196995147
10453,Bronx,Bronx County,2026-05-31,2508.193756945254
10453,Bronx,Bronx County,2026-06-30,2473.341947490519
10453,Bronx,Bronx County,2026-07-31,2334.6666666666665
11204,Brooklyn,Kings County,2023-02-28,1954.9710064677256
11204,Brooklyn,Kings County,2023-04-30,1876.4930371940418
11204,Brooklyn,Kings County,2023-05-31,1832.9416592923646
11204,Brooklyn,Kings County,2023-06-30,1829.2824769337522
11204,Brooklyn,Kings County,2023-07-31,1848.7326444452897
11204,Brooklyn,Kings County,2023-08-31,1917.2552770700925
11204,Brooklyn,Kings County,2023-09-30,1961.2987442548933
11204,Brooklyn,Kings County,2023-10-31,1993.4039456342477
11204,Brooklyn,Kings County,2023-11-30,2020.5491373432299
11204,Brooklyn,Kings County,2023-12-31,2089.463307775807
11204,Brooklyn,Kings County,2024-01-31,2068.1644786090333
11204,Brooklyn,Kings County,2024-02-29,2086.1599992292413
11204,Brooklyn,Kings County,2024-03-31,2072.0481204557427
11204,Brooklyn,Kings County,2024-04-30,2048.577043193049
11204,Brooklyn,Kings County,2024-05-31,2068.16808258953
11204,Brooklyn,Kings County,2024-06-30,2127.7158249229005
11204,Brooklyn,Kings County,2024-07-31,2205.5104229881917
11204,Brooklyn,Kings County,2024-08-31,2230.9042793102635
11204,Brooklyn,Kings County,2024-09-30,2163.9199370692413
11204,Brooklyn,Kings County,2024-10-31,2206.2673815973612
11204,Brooklyn,Kings County,2024-11-30,2181.998921298643
11204,Brooklyn,Kings County,2024-12-31,2079.5194870997925
11204,Brooklyn,Kings County,2025-01-31,2060.748337566544
11204,Brooklyn,Kings County,2025-02-28,2120.902056950017
11204,Brooklyn,Kings County,2025-03-31,2248.7091636467276
11204,Brooklyn,Kings County,2025-04-30,2281.4448591528085
11204,Brooklyn,Kings County,2025-05-31,2271.545588824441
11204,Brooklyn,Kings County,2025-06-30,2260.495567360693
11204,Brooklyn,Kings County,2025-07-31,2357.720530533379
11204,Brooklyn,Kings County,2025-08-31,2339.5767165198936
11204,Brooklyn,Kings County,2025-09-30,2459.4806459220454
11204,Brooklyn,Kings County,2025-10-31,2428.589819255916
11204,Brooklyn,Kings County,2025-11-30,2390.4640807758637
11204,Brooklyn,Kings County,2025-12-31,2351.1878089099123
11204,Brooklyn,Kings County,2026-01-31,2330.872602073024
11204,Brooklyn,Kings County,2026-02-28,2405.358973012528
11204,Brooklyn,Kings County,2026-03-31,2504.2367964547443
11204,Brooklyn,Kings County,2026-04-30,2535.671081439432
11204,Brooklyn,Kings County,2026-05-31,2541.2533767300424
11204,Brooklyn,Kings County,2026-06-30,2482.3403915606277
11204,Brooklyn,Kings County,2026-07-31,2506.3888888888887
10468,Bronx,Bronx County,2022-05-31,1687.5904389718396
10468,Bronx,Bronx County,2022-06-30,1710.9685483500314
10468,Bronx,Bronx County,2022-07-31,1710.5444449802433
10468,Bronx,Bronx County,2022-08-31,1717.4268132944487
10468,Bronx,Bronx County,2022-09-30,1743.6958055882922
10468,Bronx,Bronx County,2022-10-31,1764.007138073211
10468,Bronx,Bronx County,2022-11-30,1802.7871139791948
10468,Bronx,Bronx County,2022-12-31,1759.0124160390635
10468,Bronx,Bronx County,2023-01-31,1730.1165262091235
10468,Bronx,Bronx County,2023-02-28,1741.4519349667823
10468,Bronx,Bronx County,2023-03-31,1784.017565932656
10468,Bronx,Bronx County,2023-04-30,1813.6868119024248
10468,Bronx,Bronx County,2023-05-31,1804.1183525538577
10468,Bronx,Bronx County,2023-06-30,1841.3657206103342
10468,Bronx,Bronx County,2023-07-31,1893.243740665804
10468,Bronx,Bronx County,2023-08-31,1925.831049890888
10468,Bronx,Bronx County,2023-09-30,1920.8583824258512
10468,Bronx,Bronx County,2023-10-31,1900.643456089044
10468,Bronx,Bronx County,2023-11-30,1857.392217950256
10468,Bronx,Bronx County,2023-12-31,1833.2997032426886
10468,Bronx,Bronx County,2024-01-31,1873.814918943331
10468,Bronx,Bronx County,2024-02-29,1931.660280197033
10468,Bronx,Bronx County,2024-03-31,1987.2882642323023
10468,Bronx,Bronx County,2024-04-30,1952.0518875046441
10468,Bronx,Bronx County,2024-05-31,1919.4746159331962
10468,Bronx,Bronx County,2024-06-30,1928.685252783607
10468,Bronx,Bronx County,2024-07-31,1910.9410851943485
10468,Bronx,Bronx County,2024-08-31,1953.4076448580174
10468,Bronx,Bronx County,2024-09-30,1950.51460331853
10468,Bronx,Bronx County,2024-10-31,1984.169580047984
10468,Bronx,Bronx County,2024-11-30,1935.055343284521
10468,Bronx,Bronx County,2024-12-31,1920.577091098537
10468,Bronx,Bronx County,2025-01-31,1966.4764275881344
10468,Bronx,Bronx County,2025-02-28,1971.5526266797744
10468,Bronx,Bronx County,2025-03-31,1995.3207505182545
10468,Bronx,Bronx County,2025-04-30,1986.2033401616861
10468,Bronx,Bronx County,2025-05-31,2059.8434945780496
10468,Bronx,Bronx County,2025-06-30,2058.255673218368
10468,Bronx,Bronx County,2025-07-31,2001.5312714706502
10468,Bronx,Bronx County,2025-08-31,2004.1908312389633
10468,Bronx,Bronx County,2025-09-30,2065.5332402554163
10468,Bronx,Bronx County,2025-10-31,2147.8706457261706
10468,Bronx,Bronx County,2025-11-30,2135.9616968870155
10468,Bronx,Bronx County,2025-12-31,2034.186083479902
10468,Bronx,Bronx County,2026-01-31,1979.2672210572835
10468,Bronx,Bronx County,2026-02-28,1997.4080713588985
10468,Bronx,Bronx County,2026-03-31,2090.7996283327147
10468,Bronx,Bronx County,2026-04-30,2134.6534201725535
10468,Bronx,Bronx County,2026-05-31,2071.5095554498703
10468,Bronx,Bronx County,2026-06-30,2084.451690079226
10468,Bronx,Bronx County,2026-07-31,2140.845238095238
11355,Queens,Queens County,2016-02-29,1873.456384901743
11355,Queens,Queens County,2016-03-31,1901.667619933715
11355,Queens,Queens County,2016-04-30,1849.6622213039557
11355,Queens,Queens County,2016-05-31,1886.5566044004083
11355,Queens,Queens County,2016-06-30,1859.0845460430853
11355,Queens,Queens County,2016-07-31,1899.649974110141
11355,Queens,Queens County,2016-08-31,1889.5123388247525
11355,Queens,Queens County,2016-09-30,1898.715833874944
11355,Queens,Queens County,2016-10-31,1937.9794361714253
11355,Queens,Queens County,2016-11-30,1943.0423246656976
11355,Queens,Queens County,2016-12-31,1938.0355718948542
11355,Queens,Queens County,2017-01-31,1882.9667875204404
11355,Queens,Queens County,2017-02-28,1838.9063728714043
11355,Queens,Queens County,2017-03-31,1869.6286231137844
11355,Queens,Queens County,2017-04-30,1865.315325230287
11355,Queens,Queens County,2017-05-31,1911.4221438479901
11355,Queens,Queens County,2017-06-30,1925.5747203488831
11355,Queens,Queens County,2017-07-31,1946.681599892335
11355,Queens,Queens County,2017-08-31,1979.2858056222826
11355,Queens,Queens County,2017-09-30,1963.616456803887
11355,Queens,Queens County,2017-10-31,1984.1101775687607
11355,Queens,Queens County,2017-11-30,1978.627931766895
11355,Queens,Queens County,2017-12-31,1980.0817892427294
11355,Queens,Queens County,2018-01-31,1977.2978350159767
11355,Queens,Queens County,2018-02-28,1955.0305568496497
11355,Queens,Queens County,2018-03-31,1956.0011023064394
11355,Queens,Queens County,2018-04-30,1939.3183634766742
11355,Queens,Queens County,2018-05-31,1950.0630173046288
11355,Queens,Queens County,2018-06-30,1971.242545355854
11355,Queens,Queens County,2018-07-31,1997.4708845456457
11355,Queens,Queens County,2018-08-31,2009.8342207891699
11355,Queens,Queens County,2018-09-30,2033.744221621124
11355,Queens,Queens County,2018-10-31,2054.9331809647006
11355,Queens,Queens County,2018-11-30,2057.9846975859796
11355,Queens,Queens County,2018-12-31,2027.1437756544929
11355,Queens,Queens County,2019-01-31,1965.0569202578347
11355,Queens,Queens County,2019-02-28,1945.5834922361923
11355,Queens,Queens County,2019-03-31,1921.7505973479376
11355,Queens,Queens County,2019-04-30,1968.3954138427866
11355,Queens,Queens County,2019-05-31,1982.8217893580572
11355,Queens,Queens County,2019-06-30,2029.8291130018338
11355,Queens,Queens County,2019-07-31,2037.5390642748312
11355,Queens,Queens County,2019-08-31,2092.0922342485565
11355,Queens,Queens County,2019-09-30,2089.792160483238
11355,Queens,Queens County,2019-10-31,2095.0524894273126
11355,Queens,Queens County,2019-11-30,2056.965391118147
11355,Queens,Queens County,2019-12-31,2056.7085501341016
11355,Queens,Queens County,2020-01-31,2046.6857914213888
11355,Queens,Queens County,2020-02-29,2054.2269113934035
11355,Queens,Queens County,2020-03-31,1995.2478322689706
11355,Queens,Queens County,2020-04-30,1982.576342927079
11355,Queens,Queens County,2020-05-31,1977.8387933779654
11355,Queens,Queens County,2020-06-30,2045.7666929514555
11355,Queens,Queens County,2020-07-31,2041.240811255238
11355,Queens,Queens County,2020-08-31,2067.4218241470203
11355,Queens,Queens County,2020-09-30,2034.0621195050767
11355,Queens,Queens County,2020-10-31,2033.792706323817
11355,Queens,Queens County,2020-11-30,1974.6143493627815
11355,Queens,Queens County,2020-12-31,1974.7107741422412
11355,Queens,Queens County,2021-01-31,1970.0618409058923
11355,Queens,Queens County,2021-02-28,1976.9486706513321
11355,Queens,Queens County,2021-03-31,1961.5016336218835
11355,Queens,Queens County,2021-04-30,1945.074815203807
11355,Queens,Queens County,2021-05-31,1984.2035569495656
11355,Queens,Queens County,2021-06-30,2006.9651358853603
11355,Queens,Queens County,2021-07-31,2036.5925678768606
11355,Queens,Queens County,2021-08-31,2019.2629318767586
11355,Queens,Queens County,2021-09-30,1982.2926493776654
11355,Queens,Queens County,2021-10-31,1977.383820079085
11355,Queens,Queens County,2021-11-30,1989.2708763973517
11355,Queens,Queens County,2021-12-31,2031.5068000461795
11355,Queens,Queens County,2022-01-31,2044.785026305238
11355,Queens,Queens County,2022-02-28,2030.3329001616828
11355,Queens,Queens County,2022-03-31,2049.031331160435
11355,Queens,Queens County,2022-04-30,2045.6971483413772
11355,Queens,Queens County,2022-05-31,2087.2071762096657
11355,Queens,Queens County,2022-06-30,2107.782444384946
11355,Queens,Queens County,2022-07-31,2172.0998188938834
11355,Queens,Queens County,2022-08-31,2176.8866539587875
11355,Queens,Queens County,2022-09-30,2238.608451975948
11355,Queens,Queens County,2022-10-31,2223.2049815829114
11355,Queens,Queens County,2022-11-30,2234.446790483603
11355,Queens,Queens County,2022-12-31,2207.159462762251
11355,Queens,Queens County,2023-01-31,2250.7588249124497
11355,Queens,Queens County,2023-02-28,2292.1118614510647
11355,Queens,Queens County,2023-03-31,2255.1343319124135
11355,Queens,Queens County,2023-04-30,2212.464571261725
11355,Queens,Queens County,2023-05-31,2170.741311711603
11355,Queens,Queens County,2023-06-30,2214.472864889487
11355,Queens,Queens County,2023-07-31,2262.675747232706
11355,Queens,Queens County,2023-08-31,2325.0518909069438
11355,Queens,Queens County,2023-09-30,2362.4871822759574
11355,Queens,Queens County,2023-10-31,2391.514156905701
11355,Queens,Queens County,2023-11-30,2406.9994746224133
11355,Queens,Queens County,2023-12-31,2433.76545666305
11355,Queens,Queens County,2024-01-31,2445.7418010812694
11355,Queens,Queens County,2024-02-29,2436.7814039955347
11355,Queens,Queens County,2024-03-31,2424.9283174579077
11355,Queens,Queens County,2024-04-30,2462.0669721754107
11355,Queens,Queens County,2024-05-31,2490.695481855247
11355,Queens,Queens County,2024-06-30,2495.742999346316
11355,Queens,Queens County,2024-07-31,2490.4811163454765
11355,Queens,Queens County,2024-08-31,2470.947012014714
11355,Queens,Queens County,2024-09-30,2427.7007953319376
11355,Queens,Queens County,2024-10-31,2424.022101414711
11355,Queens,Queens County,2024-11-30,2428.0631457253603
11355,Queens,Queens County,2024-12-31,2478.1828849456065
11355,Queens,Queens County,2025-01-31,2444.037038011048
11355,Queens,Queens County,2025-02-28,2422.8193870910636
11355,Queens,Queens County,2025-03-31,2446.9236149912977
11355,Queens,Queens County,2025-04-30,2436.038748419495
11355,Queens,Queens County,2025-05-31,2505.258721440699
11355,Queens,Queens County,2025-06-30,2504.7663654218454
11355,Queens,Queens County,2025-07-31,2580.5425568169344
11355,Queens,Queens County,2025-08-31,2661.5632275114967
11355,Queens,Queens County,2025-09-30,2702.6915110018226
11355,Queens,Queens County,2025-10-31,2699.862259355853
11355,Queens,Queens County,2025-11-30,2621.2756881699324
11355,Queens,Queens County,2025-12-31,2582.6257270097585
11355,Queens,Queens County,2026-01-31,2575.3459767530317
11355,Queens,Queens County,2026-02-28,2555.713350638078
11355,Queens,Queens County,2026-03-31,2558.409419185675
11355,Queens,Queens County,2026-04-30,2559.8093708936226
11355,Queens,Queens County,2026-05-31,2633.506612362274
11355,Queens,Queens County,2026-06-30,2658.8155482501024
11355,Queens,Queens County,2026-07-31,2698.777777777778
11203,Brooklyn,Kings County,2021-01-31,2048.806367552509
11203,Brooklyn,Kings County,2021-02-28,2040.3282890263142
11203,Brooklyn,Kings County,2021-03-31,2108.7074469188833
11203,Brooklyn,Kings County,2021-04-30,2185.1316350310153
11203,Brooklyn,Kings County,2021-05-31,2201.217026011034
11203,Brooklyn,Kings County,2021-06-30,2153.786181219546
11203,Brooklyn,Kings County,2021-07-31,2152.9798390393553
11203,Brooklyn,Kings County,2021-08-31,2149.507186635555
11203,Brooklyn,Kings County,2021-09-30,2173.310623419179
11203,Brooklyn,Kings County,2021-10-31,2152.753982706696
11203,Brooklyn,Kings County,2021-11-30,2164.2678082351754
11203,Brooklyn,Kings County,2021-12-31,2195.5093804635885
11203,Brooklyn,Kings County,2022-01-31,2225.355874956278
11203,Brooklyn,Kings County,2022-02-28,2284.021759129444
11203,Brooklyn,Kings County,2022-03-31,2291.0143082662685
11203,Brooklyn,Kings County,2022-04-30,2311.0492115530315
11203,Brooklyn,Kings County,2022-05-31,2363.368751063401
11203,Brooklyn,Kings County,2022-06-30,2444.7935663242674
11203,Brooklyn,Kings County,2022-07-31,2512.860217694381
11203,Brooklyn,Kings County,2022-08-31,2521.4184642283662
11203,Brooklyn,Kings County,2022-09-30,2550.678685438088
11203,Brooklyn,Kings County,2022-10-31,2568.4519405374567
11203,Brooklyn,Kings County,2022-11-30,2559.780959170408
11203,Brooklyn,Kings County,2022-12-31,2542.30757691836
11203,Brooklyn,Kings County,2023-01-31,2556.737488780056
11203,Brooklyn,Kings County,2023-02-28,2578.5504592963925
11203,Brooklyn,Kings County,2023-03-31,2540.5348598799305
11203,Brooklyn,Kings County,2023-04-30,2538.070313232027
11203,Brooklyn,Kings County,2023-05-31,2543.2992430380546
11203,Brooklyn,Kings County,2023-06-30,2575.4432176150917
11203,Brooklyn,Kings County,2023-07-31,2615.775948457939
11203,Brooklyn,Kings County,2023-08-31,2606.574213708042
11203,Brooklyn,Kings County,2023-09-30,2606.246922972326
11203,Brooklyn,Kings County,2023-10-31,2598.804790345111
11203,Brooklyn,Kings County,2023-11-30,2598.1167752002425
11203,Brooklyn,Kings County,2023-12-31,2547.2297887151103
11203,Brooklyn,Kings County,2024-01-31,2519.473934783565
11203,Brooklyn,Kings County,2024-02-29,2543.101647723247
11203,Brooklyn,Kings County,2024-03-31,2612.8745877732617
11203,Brooklyn,Kings County,2024-04-30,2644.374624676885
11203,Brooklyn,Kings County,2024-05-31,2652.474056548271
11203,Brooklyn,Kings County,2024-06-30,2681.120753077569
11203,Brooklyn,Kings County,2024-07-31,2669.7216663304757
11203,Brooklyn,Kings County,2024-08-31,2659.5229585077536
11203,Brooklyn,Kings County,2024-09-30,2639.821419587078
11203,Brooklyn,Kings County,2024-10-31,2626.5235710906322
11203,Brooklyn,Kings County,2024-11-30,2652.663238900026
11203,Brooklyn,Kings County,2024-12-31,2636.64262591626
11203,Brooklyn,Kings County,2025-01-31,2670.6369382804487
11203,Brooklyn,Kings County,2025-02-28,2674.003680121036
11203,Brooklyn,Kings County,2025-03-31,2692.3720466017903
11203,Brooklyn,Kings County,2025-04-30,2691.9279135010856
11203,Brooklyn,Kings County,2025-05-31,2717.7740856405635
11203,Brooklyn,Kings County,2025-06-30,2748.3106342574265
11203,Brooklyn,Kings County,2025-07-31,2781.1530423275485
11203,Brooklyn,Kings County,2025-08-31,2790.0435029638024
11203,Brooklyn,Kings County,2025-09-30,2895.3505932280427
11203,Brooklyn,Kings County,2025-10-31,3045.7988433516
11203,Brooklyn,Kings County,2025-11-30,2987.65713148441
11203,Brooklyn,Kings County,2025-12-31,2961.830337909009
11203,Brooklyn,Kings County,2026-01-31,2801.5524195949943
11203,Brooklyn,Kings County,2026-02-28,2851.813192123338
11203,Brooklyn,Kings County,2026-03-31,2789.4918085491445
11203,Brooklyn,Kings County,2026-04-30,2798.4523672611776
11203,Brooklyn,Kings County,2026-05-31,2787.520838515204
11203,Brooklyn,Kings County,2026-06-30,2872.171551358196
11203,Brooklyn,Kings County,2026-07-31,2942.18315018315
10452,Bronx,Bronx County,2026-03-31,2172.5300924591033
10452,Bronx,Bronx County,2026-04-30,2237.9546998822807
10452,Bronx,Bronx County,2026-05-31,2437.260681760525
10452,Bronx,Bronx County,2026-06-30,2506.9911074866336
10452,Bronx,Bronx County,2026-07-31,2555.3333333333335
10469,Bronx,Bronx County,2022-05-31,2133.3479389214076
10469,Bronx,Bronx County,2022-06-30,2193.3780196192124
10469,Bronx,Bronx County,2022-07-31,2135.2682040511418
10469,Bronx,Bronx County,2022-08-31,2100.490595732986
10469,Bronx,Bronx County,2022-09-30,2174.791359911057
10469,Bronx,Bronx County,2022-10-31,2289.6657252005884
10469,Bronx,Bronx County,2022-11-30,2274.8705457734254
10469,Bronx,Bronx County,2022-12-31,2212.4637986623993
10469,Bronx,Bronx County,2023-01-31,2298.7615258316723
10469,Bronx,Bronx County,2023-02-28,2439.884730418127
10469,Bronx,Bronx County,2023-03-31,2392.9037445937465
10469,Bronx,Bronx County,2023-04-30,2399.0277769288687
10469,Bronx,Bronx County,2023-05-31,2367.5157725245604
10469,Bronx,Bronx County,2023-06-30,2448.2845908047007
10469,Bronx,Bronx County,2023-07-31,2420.5012964012426
10469,Bronx,Bronx County,2023-08-31,2487.1392221854735
10469,Bronx,Bronx County,2023-09-30,2477.8576011879786
10469,Bronx,Bronx County,2023-10-31,2554.1007818186163
10469,Bronx,Bronx County,2023-11-30,2647.181588874042
10469,Bronx,Bronx County,2023-12-31,2707.1647687356826
10469,Bronx,Bronx County,2024-01-31,2705.5465166568915
10469,Bronx,Bronx County,2024-02-29,2709.1540623427
10469,Bronx,Bronx County,2024-03-31,2737.7914040986198
10469,Bronx,Bronx County,2024-04-30,2760.8913329914103
10469,Bronx,Bronx County,2024-05-31,2664.501754201915
10469,Bronx,Bronx County,2024-06-30,2769.993301815131
10469,Bronx,Bronx County,2024-07-31,2741.796573810145
10469,Bronx,Bronx County,2024-08-31,2810.6195099958013
10469,Bronx,Bronx County,2024-09-30,2744.24817831855
10469,Bronx,Bronx County,2024-10-31,2796.8963064248906
10469,Bronx,Bronx County,2024-11-30,2772.7293270279465
10469,Bronx,Bronx County,2024-12-31,2927.479102244206
10469,Bronx,Bronx County,2025-01-31,2930.9824974153057
10469,Bronx,Bronx County,2025-02-28,2978.713130626947
10469,Bronx,Bronx County,2025-03-31,2887.5683298709932
10469,Bronx,Bronx County,2025-04-30,2873.4137086495743
10469,Bronx,Bronx County,2025-05-31,2829.435993090592
10469,Bronx,Bronx County,2025-06-30,2940.2901126352867
10469,Bronx,Bronx County,2025-07-31,3008.569850834351
10469,Bronx,Bronx County,2025-08-31,3098.1781146238036
10469,Bronx,Bronx County,2025-09-30,3104.0627371084056
10469,Bronx,Bronx County,2025-10-31,3130.5305231894713
10469,Bronx,Bronx County,2025-11-30,3098.2689489830805
10469,Bronx,Bronx County,2025-12-31,2953.9817444769506
10469,Bronx,Bronx County,2026-01-31,2850.4320540314116
10469,Bronx,Bronx County,2026-02-28,2913.3553161534824
10469,Bronx,Bronx County,2026-03-31,3060.1283017396377
10469,Bronx,Bronx County,2026-04-30,3243.097547422407
10469,Bronx,Bronx County,2026-05-31,3275.768559378104
10469,Bronx,Bronx County,2026-06-30,3288.1567016958375
10469,Bronx,Bronx County,2026-07-31,3277.488888888889
10029,Manhattan,New York County,2015-01-31,2452.0591816167325
10029,Manhattan,New York County,2015-02-28,2459.608631563883
10029,Manhattan,New York County,2015-03-31,2456.866781033505
10029,Manhattan,New York County,2015-04-30,2484.3821461619686
10029,Manhattan,New York County,2015-05-31,2487.1396498015542
10029,Manhattan,New York County,2015-06-30,2522.8201964792006
10029,Manhattan,New York County,2015-07-31,2552.393421902201
10029,Manhattan,New York County,2015-08-31,2549.329851673091
10029,Manhattan,New York County,2015-09-30,2524.3169934832895
10029,Manhattan,New York County,2015-10-31,2510.053267043039
10029,Manhattan,New York County,2015-11-30,2497.81401315466
10029,Manhattan,New York County,2015-12-31,2509.189481221434
10029,Manhattan,New York County,2016-01-31,2484.598882697259
10029,Manhattan,New York County,2016-02-29,2486.6967573945967
10029,Manhattan,New York County,2016-03-31,2492.5944458351833
10029,Manhattan,New York County,2016-04-30,2511.4355205691736
10029,Manhattan,New York County,2016-05-31,2529.5360073656166
10029,Manhattan,New York County,2016-06-30,2540.3870522357965
10029,Manhattan,New York County,2016-07-31,2561.8980386761123
10029,Manhattan,New York County,2016-08-31,2588.460046094574
10029,Manhattan,New York County,2016-09-30,2589.7067775982005
10029,Manhattan,New York County,2016-10-31,2562.461718246636
10029,Manhattan,New York County,2016-11-30,2541.495158760734
10029,Manhattan,New York County,2016-12-31,2510.6080929701075
10029,Manhattan,New York County,2017-01-31,2554.8219707356056
10029,Manhattan,New York County,2017-02-28,2566.684140729224
10029,Manhattan,New York County,2017-03-31,2581.2080723208196
10029,Manhattan,New York County,2017-04-30,2573.438002894784
10029,Manhattan,New York County,2017-05-31,2608.941353662211
10029,Manhattan,New York County,2017-06-30,2677.4420380411957
10029,Manhattan,New York County,2017-07-31,2692.922585073342
10029,Manhattan,New York County,2017-08-31,2714.309144491657
10029,Manhattan,New York County,2017-09-30,2689.95525087509
10029,Manhattan,New York County,2017-10-31,2678.5383880087516
10029,Manhattan,New York County,2017-11-30,2650.177146396349
10029,Manhattan,New York County,2017-12-31,2649.880563273595
10029,Manhattan,New York County,2018-01-31,2641.6796228853495
10029,Manhattan,New York County,2018-02-28,2649.036683696618
10029,Manhattan,New York County,2018-03-31,2654.0405728653554
10029,Manhattan,New York County,2018-04-30,2688.4125511506027
10029,Manhattan,New York County,2018-05-31,2703.0772854587817
10029,Manhattan,New York County,2018-06-30,2718.286099173874
10029,Manhattan,New York County,2018-07-31,2718.8421712868058
10029,Manhattan,New York County,2018-08-31,2718.4784432734423
10029,Manhattan,New York County,2018-09-30,2711.2232755171235
10029,Manhattan,New York County,2018-10-31,2698.64358128339
10029,Manhattan,New York County,2018-11-30,2670.155468966659
10029,Manhattan,New York County,2018-12-31,2663.210484504163
10029,Manhattan,New York County,2019-01-31,2656.8824060169936
10029,Manhattan,New York County,2019-02-28,2696.7183651665823
10029,Manhattan,New York County,2019-03-31,2707.8456684774155
10029,Manhattan,New York County,2019-04-30,2736.562941142231
10029,Manhattan,New York County,2019-05-31,2744.7410572476037
10029,Manhattan,New York County,2019-06-30,2767.7964909175007
10029,Manhattan,New York County,2019-07-31,2796.172575892532
10029,Manhattan,New York County,2019-08-31,2801.0581747618467
10029,Manhattan,New York County,2019-09-30,2807.6613700197413
10029,Manhattan,New York County,2019-10-31,2774.1368267102143
10029,Manhattan,New York County,2019-11-30,2737.9064287476567
10029,Manhattan,New York County,2019-12-31,2734.7469838841807
10029,Manhattan,New York County,2020-01-31,2749.462917653432
10029,Manhattan,New York County,2020-02-29,2778.8669553258424
10029,Manhattan,New York County,2020-03-31,2795.802798434758
10029,Manhattan,New York County,2020-04-30,2806.641365567853
10029,Manhattan,New York County,2020-05-31,2792.864222490558
10029,Manhattan,New York County,2020-06-30,2742.026212883306
10029,Manhattan,New York County,2020-07-31,2684.1028597542186
10029,Manhattan,New York County,2020-08-31,2626.283600715769
10029,Manhattan,New York County,2020-09-30,2550.2921936830503
10029,Manhattan,New York County,2020-10-31,2456.1613099438187
10029,Manhattan,New York County,2020-11-30,2361.8231321538447
10029,Manhattan,New York County,2020-12-31,2308.4260216354082
10029,Manhattan,New York County,2021-01-31,2307.1040174757086
10029,Manhattan,New York County,2021-02-28,2316.435306680661
10029,Manhattan,New York County,2021-03-31,2350.8146140051554
10029,Manhattan,New York County,2021-04-30,2385.7422974555648
10029,Manhattan,New York County,2021-05-31,2436.8674887907964
10029,Manhattan,New York County,2021-06-30,2479.9657475684285
10029,Manhattan,New York County,2021-07-31,2523.7107331084835
10029,Manhattan,New York County,2021-08-31,2584.158283381601
10029,Manhattan,New York County,2021-09-30,2618.4070708183076
10029,Manhattan,New York County,2021-10-31,2629.0924543512256
10029,Manhattan,New York County,2021-11-30,2632.347303831327
10029,Manhattan,New York County,2021-12-31,2643.076700593743
10029,Manhattan,New York County,2022-01-31,2684.0658557788925
10029,Manhattan,New York County,2022-02-28,2732.0538491864268
10029,Manhattan,New York County,2022-03-31,2788.480055849076
10029,Manhattan,New York County,2022-04-30,2846.6442323845504
10029,Manhattan,New York County,2022-05-31,2918.0411588616194
10029,Manhattan,New York County,2022-06-30,2978.8665594241443
10029,Manhattan,New York County,2022-07-31,3035.7891410412694
10029,Manhattan,New York County,2022-08-31,3072.0569216050762
10029,Manhattan,New York County,2022-09-30,3076.3496611321257
10029,Manhattan,New York County,2022-10-31,3064.3920462452274
10029,Manhattan,New York County,2022-11-30,3014.76323572164
10029,Manhattan,New York County,2022-12-31,3009.61713531979
10029,Manhattan,New York County,2023-01-31,2986.269336941265
10029,Manhattan,New York County,2023-02-28,2998.151982137173
10029,Manhattan,New York County,2023-03-31,3028.9397578897847
10029,Manhattan,New York County,2023-04-30,3082.618588369727
10029,Manhattan,New York County,2023-05-31,3115.2519823694156
10029,Manhattan,New York County,2023-06-30,3142.878188937757
10029,Manhattan,New York County,2023-07-31,3147.118253651687
10029,Manhattan,New York County,2023-08-31,3156.2601071036866
10029,Manhattan,New York County,2023-09-30,3117.45018732449
10029,Manhattan,New York County,2023-10-31,3094.758808292545
10029,Manhattan,New York County,2023-11-30,3053.126018164415
10029,Manhattan,New York County,2023-12-31,3051.0863976408136
10029,Manhattan,New York County,2024-01-31,3040.592870876963
10029,Manhattan,New York County,2024-02-29,3067.7029195685213
10029,Manhattan,New York County,2024-03-31,3116.8085307603596
10029,Manhattan,New York County,2024-04-30,3168.6126563261782
10029,Manhattan,New York County,2024-05-31,3219.1896466918583
10029,Manhattan,New York County,2024-06-30,3245.8963345584375
10029,Manhattan,New York County,2024-07-31,3270.563134693254
10029,Manhattan,New York County,2024-08-31,3256.449351814071
10029,Manhattan,New York County,2024-09-30,3209.472552663642
10029,Manhattan,New York County,2024-10-31,3168.976635830124
10029,Manhattan,New York County,2024-11-30,3161.9933091513644
10029,Manhattan,New York County,2024-12-31,3182.7769964066533
10029,Manhattan,New York County,2025-01-31,3202.7150950213086
10029,Manhattan,New York County,2025-02-28,3225.6419655378086
10029,Manhattan,New York County,2025-03-31,3237.008795466437
10029,Manhattan,New York County,2025-04-30,3260.5933530853927
10029,Manhattan,New York County,2025-05-31,3307.8383442421505
10029,Manhattan,New York County,2025-06-30,3355.390983304823
10029,Manhattan,New York County,2025-07-31,3401.126812321136
10029,Manhattan,New York County,2025-08-31,3419.415015770824
10029,Manhattan,New York County,2025-09-30,3436.8042243815707
10029,Manhattan,New York County,2025-10-31,3386.4511805391417
10029,Manhattan,New York County,2025-11-30,3349.4410616103887
10029,Manhattan,New York County,2025-12-31,3299.889147087441
10029,Manhattan,New York County,2026-01-31,3290.876919811653
10029,Manhattan,New York County,2026-02-28,3314.609703675137
10029,Manhattan,New York County,2026-03-31,3374.624244431216
10029,Manhattan,New York County,2026-04-30,3457.5511407044914
10029,Manhattan,New York County,2026-05-31,3512.9812526368833
10029,Manhattan,New York County,2026-06-30,3561.0261369464747
10029,Manhattan,New York County,2026-07-31,3582.4851851851854
11218,Brooklyn,Kings County,2015-02-28,2084.3902863314597
11218,Brooklyn,Kings County,2015-03-31,2099.391050671729
11218,Brooklyn,Kings County,2015-04-30,2092.8767953108986
11218,Brooklyn,Kings County,2015-05-31,2088.3458320829113
11218,Brooklyn,Kings County,2015-06-30,2089.546265383233
11218,Brooklyn,Kings County,2015-07-31,2136.731798651071
11218,Brooklyn,Kings County,2015-08-31,2186.2530364858308
11218,Brooklyn,Kings County,2015-09-30,2239.92126422865
11218,Brooklyn,Kings County,2015-10-31,2228.7670479518993
11218,Brooklyn,Kings County,2015-11-30,2187.1702972175276
11218,Brooklyn,Kings County,2015-12-31,2141.625076522039
11218,Brooklyn,Kings County,2016-01-31,2160.4139651177925
11218,Brooklyn,Kings County,2016-02-29,2175.7667512580924
11218,Brooklyn,Kings County,2016-03-31,2163.960223198723
11218,Brooklyn,Kings County,2016-04-30,2152.259067398605
11218,Brooklyn,Kings County,2016-05-31,2165.2915077642333
11218,Brooklyn,Kings County,2016-06-30,2186.693296665055
11218,Brooklyn,Kings County,2016-07-31,2180.3483324818994
11218,Brooklyn,Kings County,2016-08-31,2191.8879995905254
11218,Brooklyn,Kings County,2016-09-30,2223.7322855640596
11218,Brooklyn,Kings County,2016-10-31,2249.9787163632745
11218,Brooklyn,Kings County,2016-11-30,2263.5641003678197
11218,Brooklyn,Kings County,2016-12-31,2248.261823380154
11218,Brooklyn,Kings County,2017-01-31,2217.156602307482
11218,Brooklyn,Kings County,2017-02-28,2216.456082232977
11218,Brooklyn,Kings County,2017-03-31,2203.6922867908825
11218,Brooklyn,Kings County,2017-04-30,2228.0282223228874
11218,Brooklyn,Kings County,2017-05-31,2231.501097161958
11218,Brooklyn,Kings County,2017-06-30,2258.709382678375
11218,Brooklyn,Kings County,2017-07-31,2255.0662944723545
11218,Brooklyn,Kings County,2017-08-31,2249.910786314264
11218,Brooklyn,Kings County,2017-09-30,2254.187684919453
11218,Brooklyn,Kings County,2017-10-31,2259.869515895535
11218,Brooklyn,Kings County,2017-11-30,2249.6940064261544
11218,Brooklyn,Kings County,2017-12-31,2249.3923285091505
11218,Brooklyn,Kings County,2018-01-31,2238.9819782503228
11218,Brooklyn,Kings County,2018-02-28,2245.7232022089383
11218,Brooklyn,Kings County,2018-03-31,2270.3715617716243
11218,Brooklyn,Kings County,2018-04-30,2290.6856161641936
11218,Brooklyn,Kings County,2018-05-31,2288.761681632451
11218,Brooklyn,Kings County,2018-06-30,2279.052794059096
11218,Brooklyn,Kings County,2018-07-31,2292.0745050424725
11218,Brooklyn,Kings County,2018-08-31,2320.3583723389693
11218,Brooklyn,Kings County,2018-09-30,2301.817332862743
11218,Brooklyn,Kings County,2018-10-31,2274.3743907313988
11218,Brooklyn,Kings County,2018-11-30,2255.001269868142
11218,Brooklyn,Kings County,2018-12-31,2252.33865213204
11218,Brooklyn,Kings County,2019-01-31,2290.136534215624
11218,Brooklyn,Kings County,2019-02-28,2310.6245193100813
11218,Brooklyn,Kings County,2019-03-31,2327.0273394053324
11218,Brooklyn,Kings County,2019-04-30,2323.196772807014
11218,Brooklyn,Kings County,2019-05-31,2324.950922163436
11218,Brooklyn,Kings County,2019-06-30,2349.225289195985
11218,Brooklyn,Kings County,2019-07-31,2357.679593141116
11218,Brooklyn,Kings County,2019-08-31,2354.2807074142133
11218,Brooklyn,Kings County,2019-09-30,2360.324499718145
11218,Brooklyn,Kings County,2019-10-31,2347.9883411811197
11218,Brooklyn,Kings County,2019-11-30,2348.4663454233196
11218,Brooklyn,Kings County,2019-12-31,2338.364368340272
11218,Brooklyn,Kings County,2020-01-31,2338.3097548541773
11218,Brooklyn,Kings County,2020-02-29,2356.752625602641
11218,Brooklyn,Kings County,2020-03-31,2361.386479359761
11218,Brooklyn,Kings County,2020-04-30,2365.7951301747075
11218,Brooklyn,Kings County,2020-05-31,2388.6887317666856
11218,Brooklyn,Kings County,2020-06-30,2376.6926566841994
11218,Brooklyn,Kings County,2020-07-31,2390.0897641656243
11218,Brooklyn,Kings County,2020-08-31,2343.708681274379
11218,Brooklyn,Kings County,2020-09-30,2323.7535132840276
11218,Brooklyn,Kings County,2020-10-31,2281.8326424311927
11218,Brooklyn,Kings County,2020-11-30,2279.1310369687208
11218,Brooklyn,Kings County,2020-12-31,2281.5365964157663
11218,Brooklyn,Kings County,2021-01-31,2275.0441390439987
11218,Brooklyn,Kings County,2021-02-28,2260.570008764843
11218,Brooklyn,Kings County,2021-03-31,2260.3784944528425
11218,Brooklyn,Kings County,2021-04-30,2276.0331948999788
11218,Brooklyn,Kings County,2021-05-31,2303.9396244710297
11218,Brooklyn,Kings County,2021-06-30,2347.005964199284
11218,Brooklyn,Kings County,2021-07-31,2381.5686465888843
11218,Brooklyn,Kings County,2021-08-31,2412.1214494883334
11218,Brooklyn,Kings County,2021-09-30,2410.683821865173
11218,Brooklyn,Kings County,2021-10-31,2441.524416411266
11218,Brooklyn,Kings County,2021-11-30,2421.284506227636
11218,Brooklyn,Kings County,2021-12-31,2384.613571919634
11218,Brooklyn,Kings County,2022-01-31,2387.309793537554
11218,Brooklyn,Kings County,2022-02-28,2419.2576523348894
11218,Brooklyn,Kings County,2022-03-31,2502.336968593127
11218,Brooklyn,Kings County,2022-04-30,2550.948712304407
11218,Brooklyn,Kings County,2022-05-31,2601.229190086039
11218,Brooklyn,Kings County,2022-06-30,2663.552770366862
11218,Brooklyn,Kings County,2022-07-31,2673.4282047909337
11218,Brooklyn,Kings County,2022-08-31,2716.0618744121202
11218,Brooklyn,Kings County,2022-09-30,2712.5722039096413
11218,Brooklyn,Kings County,2022-10-31,2741.2886186924097
11218,Brooklyn,Kings County,2022-11-30,2709.9992032656396
11218,Brooklyn,Kings County,2022-12-31,2682.2346779597815
11218,Brooklyn,Kings County,2023-01-31,2660.0818545243233
11218,Brooklyn,Kings County,2023-02-28,2657.6975082602603
11218,Brooklyn,Kings County,2023-03-31,2700.3470308889277
11218,Brooklyn,Kings County,2023-04-30,2712.888763250956
11218,Brooklyn,Kings County,2023-05-31,2783.0159701572206
11218,Brooklyn,Kings County,2023-06-30,2813.114963598672
11218,Brooklyn,Kings County,2023-07-31,2852.616684885789
11218,Brooklyn,Kings County,2023-08-31,2874.4004386067227
11218,Brooklyn,Kings County,2023-09-30,2879.6503730311897
11218,Brooklyn,Kings County,2023-10-31,2888.377975316086
11218,Brooklyn,Kings County,2023-11-30,2826.9031228721706
11218,Brooklyn,Kings County,2023-12-31,2841.5978064744663
11218,Brooklyn,Kings County,2024-01-31,2828.5769756372697
11218,Brooklyn,Kings County,2024-02-29,2896.3740072381847
11218,Brooklyn,Kings County,2024-03-31,2848.4311261331027
11218,Brooklyn,Kings County,2024-04-30,2884.3132573021653
11218,Brooklyn,Kings County,2024-05-31,2901.589123518953
11218,Brooklyn,Kings County,2024-06-30,2985.4435362301188
11218,Brooklyn,Kings County,2024-07-31,2996.5647476917875
11218,Brooklyn,Kings County,2024-08-31,2989.7611789882144
11218,Brooklyn,Kings County,2024-09-30,2989.785352431497
11218,Brooklyn,Kings County,2024-10-31,2954.803426338762
11218,Brooklyn,Kings County,2024-11-30,2990.985121054977
11218,Brooklyn,Kings County,2024-12-31,2969.8230707648613
11218,Brooklyn,Kings County,2025-01-31,2982.4062695547664
11218,Brooklyn,Kings County,2025-02-28,2993.372961868578
11218,Brooklyn,Kings County,2025-03-31,2991.340902913584
11218,Brooklyn,Kings County,2025-04-30,2999.4467332967533
11218,Brooklyn,Kings County,2025-05-31,2979.3672036954395
11218,Brooklyn,Kings County,2025-06-30,3047.193910154451
11218,Brooklyn,Kings County,2025-07-31,3121.3943198258694
11218,Brooklyn,Kings County,2025-08-31,3163.2283631537875
11218,Brooklyn,Kings County,2025-09-30,3171.0231616876713
11218,Brooklyn,Kings County,2025-10-31,3158.4324429257254
11218,Brooklyn,Kings County,2025-11-30,3149.7246920228695
11218,Brooklyn,Kings County,2025-12-31,3157.24865887198
11218,Brooklyn,Kings County,2026-01-31,3112.380145510105
11218,Brooklyn,Kings County,2026-02-28,3142.509637047297
11218,Brooklyn,Kings County,2026-03-31,3147.39113999717
11218,Brooklyn,Kings County,2026-04-30,3211.567426714334
11218,Brooklyn,Kings County,2026-05-31,3203.7143971139935
11218,Brooklyn,Kings County,2026-06-30,3219.9515974912297
11218,Brooklyn,Kings County,2026-07-31,3203.773378582202
11212,Brooklyn,Kings County,2022-03-31,1892.7722188918724
11212,Brooklyn,Kings County,2022-04-30,1943.453501397691
11212,Brooklyn,Kings County,2022-05-31,1902.5364537640478
11212,Brooklyn,Kings County,2022-06-30,1933.1281164572688
11212,Brooklyn,Kings County,2022-07-31,1941.151339953215
11212,Brooklyn,Kings County,2022-08-31,1994.9557128280853
11212,Brooklyn,Kings County,2022-09-30,2026.0412124587695
11212,Brooklyn,Kings County,2022-10-31,2017.381847321648
11212,Brooklyn,Kings County,2022-11-30,1974.238187801821
11212,Brooklyn,Kings County,2022-12-31,1967.5324382588485
11212,Brooklyn,Kings County,2023-01-31,2039.190140463738
11212,Brooklyn,Kings County,2023-02-28,2138.375666730188
11212,Brooklyn,Kings County,2023-03-31,2199.6368435546433
11212,Brooklyn,Kings County,2023-04-30,2135.2632902401037
11212,Brooklyn,Kings County,2023-05-31,2129.102595710885
11212,Brooklyn,Kings County,2023-06-30,2110.617721946476
11212,Brooklyn,Kings County,2023-07-31,2163.8322573573755
11212,Brooklyn,Kings County,2023-08-31,2112.1623162451383
11212,Brooklyn,Kings County,2023-09-30,2106.558533384815
11212,Brooklyn,Kings County,2023-10-31,2115.632639497124
11212,Brooklyn,Kings County,2023-11-30,2149.987859862017
11212,Brooklyn,Kings County,2023-12-31,2159.1679139660087
11212,Brooklyn,Kings County,2024-01-31,2248.0251985475447
11212,Brooklyn,Kings County,2024-02-29,2246.784272345972
11212,Brooklyn,Kings County,2024-03-31,2305.7152616357394
11212,Brooklyn,Kings County,2024-04-30,2219.8625820130296
11212,Brooklyn,Kings County,2024-05-31,2313.266506428573
11212,Brooklyn,Kings County,2024-06-30,2402.081218621446
11212,Brooklyn,Kings County,2024-07-31,2421.3322024912313
11212,Brooklyn,Kings County,2024-08-31,2379.500763250115
11212,Brooklyn,Kings County,2024-09-30,2315.9545615001944
11212,Brooklyn,Kings County,2024-10-31,2330.825579957422
11212,Brooklyn,Kings County,2024-11-30,2399.3917205477983
11212,Brooklyn,Kings County,2024-12-31,2384.4987728035067
11212,Brooklyn,Kings County,2025-01-31,2453.784699798188
11212,Brooklyn,Kings County,2025-02-28,2481.9309098108265
11212,Brooklyn,Kings County,2025-03-31,2505.598580830431
11212,Brooklyn,Kings County,2025-04-30,2539.276030575183
11212,Brooklyn,Kings County,2025-05-31,2518.1117751170577
11212,Brooklyn,Kings County,2025-06-30,2516.0411599768477
11212,Brooklyn,Kings County,2025-07-31,2459.6864757902867
11212,Brooklyn,Kings County,2025-08-31,2439.0145745121895
11212,Brooklyn,Kings County,2025-09-30,2339.9652153367965
11212,Brooklyn,Kings County,2025-10-31,2428.109568239737
11212,Brooklyn,Kings County,2025-11-30,2475.8766255120745
11212,Brooklyn,Kings County,2025-12-31,2713.1017247414457
11212,Brooklyn,Kings County,2026-01-31,2679.0689054829254
11212,Brooklyn,Kings County,2026-02-28,2647.7994079741034
11212,Brooklyn,Kings County,2026-03-31,2516.037153670863
11212,Brooklyn,Kings County,2026-04-30,2504.8510943990855
11212,Brooklyn,Kings County,2026-05-31,2625.2745355994157
11212,Brooklyn,Kings County,2026-06-30,2736.3199739160445
11212,Brooklyn,Kings County,2026-07-31,2766.777777777778
10462,Bronx,Bronx County,2017-01-31,1368.016685899226
10462,Bronx,Bronx County,2017-02-28,1356.5667440672398
10462,Bronx,Bronx County,2017-03-31,1379.8219373611882
10462,Bronx,Bronx County,2017-04-30,1407.2706908200532
10462,Bronx,Bronx County,2017-05-31,1436.4508927950685
10462,Bronx,Bronx County,2017-06-30,1438.2835830086858
10462,Bronx,Bronx County,2017-07-31,1423.3805539993593
10462,Bronx,Bronx County,2017-08-31,1412.1303524192783
10462,Bronx,Bronx County,2017-09-30,1402.8870525212403
10462,Bronx,Bronx County,2017-10-31,1431.9500022411605
10462,Bronx,Bronx County,2017-11-30,1413.2509769721887
10462,Bronx,Bronx County,2018-01-31,1442.914843660447
10462,Bronx,Bronx County,2018-02-28,1489.9751206947826
10462,Bronx,Bronx County,2018-03-31,1492.3563197534204
10462,Bronx,Bronx County,2018-04-30,1490.4714225918055
10462,Bronx,Bronx County,2018-05-31,1499.353785936531
10462,Bronx,Bronx County,2018-06-30,1563.8283842879252
10462,Bronx,Bronx County,2018-07-31,1543.6947760769224
10462,Bronx,Bronx County,2018-08-31,1521.774810603242
10462,Bronx,Bronx County,2018-09-30,1469.4044315141584
10462,Bronx,Bronx County,2018-10-31,1466.338822104772
10462,Bronx,Bronx County,2018-11-30,1465.6456362590584
10462,Bronx,Bronx County,2018-12-31,1496.9318137358557
10462,Bronx,Bronx County,2019-01-31,1500.584666165032
10462,Bronx,Bronx County,2019-02-28,1521.69673790347
10462,Bronx,Bronx County,2019-03-31,1532.035813474074
10462,Bronx,Bronx County,2019-05-31,1583.0787270924645
10462,Bronx,Bronx County,2019-06-30,1583.1804262019716
10462,Bronx,Bronx County,2019-07-31,1562.9419742360992
10462,Bronx,Bronx County,2019-08-31,1549.0418529034268
10462,Bronx,Bronx County,2019-09-30,1560.6619905230405
10462,Bronx,Bronx County,2019-10-31,1572.0452609963602
10462,Bronx,Bronx County,2019-11-30,1595.611711466626
10462,Bronx,Bronx County,2019-12-31,1585.213271017683
10462,Bronx,Bronx County,2020-01-31,1602.1036201312993
10462,Bronx,Bronx County,2020-02-29,1570.9423768103477
10462,Bronx,Bronx County,2020-03-31,1573.6100330948798
10462,Bronx,Bronx County,2020-04-30,1598.4844505031833
10462,Bronx,Bronx County,2020-05-31,1593.473227307652
10462,Bronx,Bronx County,2020-06-30,1594.0940830935076
10462,Bronx,Bronx County,2020-07-31,1575.9847531989572
10462,Bronx,Bronx County,2020-08-31,1591.918776802004
10462,Bronx,Bronx County,2020-09-30,1619.5333673557532
10462,Bronx,Bronx County,2020-10-31,1613.2975485779536
10462,Bronx,Bronx County,2020-11-30,1617.225521649461
10462,Bronx,Bronx County,2020-12-31,1604.4336988599136
10462,Bronx,Bronx County,2021-01-31,1629.7400764092276
10462,Bronx,Bronx County,2021-02-28,1643.4394986184761
10462,Bronx,Bronx County,2021-03-31,1633.9250435618917
10462,Bronx,Bronx County,2021-04-30,1626.9460751903875
10462,Bronx,Bronx County,2021-05-31,1637.254374652904
10462,Bronx,Bronx County,2021-06-30,1685.2759744928212
10462,Bronx,Bronx County,2021-07-31,1672.3808676098665
10462,Bronx,Bronx County,2021-08-31,1639.3627969836032
10462,Bronx,Bronx County,2021-09-30,1592.5330562982808
10462,Bronx,Bronx County,2021-10-31,1684.6238904241254
10462,Bronx,Bronx County,2021-11-30,1764.2726883450446
10462,Bronx,Bronx County,2021-12-31,1809.4404575871981
10462,Bronx,Bronx County,2022-01-31,1731.26049640823
10462,Bronx,Bronx County,2022-02-28,1682.156460446422
10462,Bronx,Bronx County,2022-03-31,1717.8428468220131
10462,Bronx,Bronx County,2022-04-30,1791.1018304948047
10462,Bronx,Bronx County,2022-05-31,1839.5298111453844
10462,Bronx,Bronx County,2022-06-30,1820.470346708553
10462,Bronx,Bronx County,2022-07-31,1826.9821811348859
10462,Bronx,Bronx County,2022-08-31,1860.5865108431728
10462,Bronx,Bronx County,2022-09-30,1865.9474937818038
10462,Bronx,Bronx County,2022-10-31,1861.0085260692993
10462,Bronx,Bronx County,2022-11-30,1839.5125928209957
10462,Bronx,Bronx County,2022-12-31,1843.3388017706886
10462,Bronx,Bronx County,2023-01-31,1877.3213640851538
10462,Bronx,Bronx County,2023-02-28,1959.9068069460218
10462,Bronx,Bronx County,2023-03-31,2013.6578830859003
10462,Bronx,Bronx County,2023-04-30,1998.6221844759905
10462,Bronx,Bronx County,2023-05-31,1986.1004277936051
10462,Bronx,Bronx County,2023-06-30,1985.3137212359175
10462,Bronx,Bronx County,2023-07-31,1983.732234371367
10462,Bronx,Bronx County,2023-08-31,1993.5488945353388
10462,Bronx,Bronx County,2023-09-30,2022.6669080482031
10462,Bronx,Bronx County,2023-10-31,2032.6949309461072
10462,Bronx,Bronx County,2023-11-30,1974.7286800839329
10462,Bronx,Bronx County,2023-12-31,2002.2132554676998
10462,Bronx,Bronx County,2024-01-31,2044.3091244815694
10462,Bronx,Bronx County,2024-02-29,2108.6357393628855
10462,Bronx,Bronx County,2024-03-31,2091.9019343254986
10462,Bronx,Bronx County,2024-04-30,2104.688596715757
10462,Bronx,Bronx County,2024-05-31,2148.368552873675
10462,Bronx,Bronx County,2024-06-30,2243.0974392541993
10462,Bronx,Bronx County,2024-07-31,2292.11271431193
10462,Bronx,Bronx County,2024-08-31,2286.2512351927553
10462,Bronx,Bronx County,2024-09-30,2250.5400870565145
10462,Bronx,Bronx County,2024-10-31,2228.1039243082732
10462,Bronx,Bronx County,2024-11-30,2231.1046115389913
10462,Bronx,Bronx County,2024-12-31,2195.8352622520956
10462,Bronx,Bronx County,2025-01-31,2228.1772760330164
10462,Bronx,Bronx County,2025-02-28,2262.724976867138
10462,Bronx,Bronx County,2025-03-31,2352.80520725808
10462,Bronx,Bronx County,2025-04-30,2389.3087446696177
10462,Bronx,Bronx County,2025-05-31,2400.855745245175
10462,Bronx,Bronx County,2025-06-30,2373.442758347351
10462,Bronx,Bronx County,2025-07-31,2339.7062859669877
10462,Bronx,Bronx County,2025-08-31,2396.665867468939
10462,Bronx,Bronx County,2025-09-30,2366.7511726923217
10462,Bronx,Bronx County,2025-10-31,2404.269028642577
10462,Bronx,Bronx County,2025-11-30,2393.8307365447895
10462,Bronx,Bronx County,2025-12-31,2513.621957273964
10462,Bronx,Bronx County,2026-01-31,2566.8015361898933
10462,Bronx,Bronx County,2026-02-28,2498.0182001204284
10462,Bronx,Bronx County,2026-03-31,2556.580072463853
10462,Bronx,Bronx County,2026-04-30,2493.795124070637
10462,Bronx,Bronx County,2026-05-31,2540.684049845209
10462,Bronx,Bronx County,2026-06-30,2510.9559660437144
10462,Bronx,Bronx County,2026-07-31,2543.5444444444443
10002,Manhattan,New York County,2015-01-31,3219.8547141285494
10002,Manhattan,New York County,2015-02-28,3202.682689491529
10002,Manhattan,New York County,2015-03-31,3177.5920813974767
10002,Manhattan,New York County,2015-04-30,3221.6642907685555
10002,Manhattan,New York County,2015-05-31,3253.43979632387
10002,Manhattan,New York County,2015-06-30,3299.9526099069135
10002,Manhattan,New York County,2015-07-31,3311.447990642738
10002,Manhattan,New York County,2015-08-31,3315.9465371971983
10002,Manhattan,New York County,2015-09-30,3304.025746040144
10002,Manhattan,New York County,2015-10-31,3264.7033767111634
10002,Manhattan,New York County,2015-11-30,3260.241543594571
10002,Manhattan,New York County,2015-12-31,3237.7481897616244
10002,Manhattan,New York County,2016-01-31,3243.1744490494284
10002,Manhattan,New York County,2016-02-29,3253.0761814455086
10002,Manhattan,New York County,2016-03-31,3276.0364962440467
10002,Manhattan,New York County,2016-04-30,3284.1758277767476
10002,Manhattan,New York County,2016-05-31,3290.940140909933
10002,Manhattan,New York County,2016-06-30,3327.422667517784
10002,Manhattan,New York County,2016-07-31,3364.176663786781
10002,Manhattan,New York County,2016-08-31,3380.7477524789138
10002,Manhattan,New York County,2016-09-30,3368.2229594820064
10002,Manhattan,New York County,2016-10-31,3362.093087750812
10002,Manhattan,New York County,2016-11-30,3305.848947741809
10002,Manhattan,New York County,2016-12-31,3290.1106004650487
10002,Manhattan,New York County,2017-01-31,3274.415759976845
10002,Manhattan,New York County,2017-02-28,3331.8924345013106
10002,Manhattan,New York County,2017-03-31,3356.6353568675518
10002,Manhattan,New York County,2017-04-30,3377.17263733605
10002,Manhattan,New York County,2017-05-31,3386.5918503929724
10002,Manhattan,New York County,2017-06-30,3401.35594919507
10002,Manhattan,New York County,2017-07-31,3420.3631939162665
10002,Manhattan,New York County,2017-08-31,3410.123971799013
10002,Manhattan,New York County,2017-09-30,3395.559381729702
10002,Manhattan,New York County,2017-10-31,3348.3026214847005
10002,Manhattan,New York County,2017-11-30,3324.1795203751612
10002,Manhattan,New York County,2017-12-31,3306.4752526689617
10002,Manhattan,New York County,2018-01-31,3335.7058714506898
10002,Manhattan,New York County,2018-02-28,3361.131207660093
10002,Manhattan,New York County,2018-03-31,3393.2300607559037
10002,Manhattan,New York County,2018-04-30,3424.0940865167504
10002,Manhattan,New York County,2018-05-31,3448.192127771024
10002,Manhattan,New York County,2018-06-30,3473.659640631848
10002,Manhattan,New York County,2018-07-31,3489.086308426399
10002,Manhattan,New York County,2018-08-31,3486.590948769817
10002,Manhattan,New York County,2018-09-30,3468.841066041159
10002,Manhattan,New York County,2018-10-31,3432.7110269357813
10002,Manhattan,New York County,2018-11-30,3428.9887413058136
10002,Manhattan,New York County,2018-12-31,3429.920836208446
10002,Manhattan,New York County,2019-01-31,3429.1250419804906
10002,Manhattan,New York County,2019-02-28,3429.5670064909377
10002,Manhattan,New York County,2019-03-31,3429.657895833768
10002,Manhattan,New York County,2019-04-30,3470.831348843282
10002,Manhattan,New York County,2019-05-31,3506.167440646783
10002,Manhattan,New York County,2019-06-30,3552.502126805706
10002,Manhattan,New York County,2019-07-31,3573.175093866376
10002,Manhattan,New York County,2019-08-31,3592.157910308105
10002,Manhattan,New York County,2019-09-30,3599.271317262078
10002,Manhattan,New York County,2019-10-31,3597.161335257122
10002,Manhattan,New York County,2019-11-30,3551.135414818483
10002,Manhattan,New York County,2019-12-31,3545.393408784129
10002,Manhattan,New York County,2020-01-31,3541.9091338195703
10002,Manhattan,New York County,2020-02-29,3600.286223558157
10002,Manhattan,New York County,2020-03-31,3581.6794040780433
10002,Manhattan,New York County,2020-04-30,3550.9682052207495
10002,Manhattan,New York County,2020-05-31,3498.2859079087107
10002,Manhattan,New York County,2020-06-30,3446.846809721021
10002,Manhattan,New York County,2020-07-31,3384.563431954407
10002,Manhattan,New York County,2020-08-31,3256.665143324397
10002,Manhattan,New York County,2020-09-30,3117.4871537231206
10002,Manhattan,New York County,2020-10-31,2982.3118904465387
10002,Manhattan,New York County,2020-11-30,2897.597223233901
10002,Manhattan,New York County,2020-12-31,2859.5440898022653
10002,Manhattan,New York County,2021-01-31,2852.8999910234893
10002,Manhattan,New York County,2021-02-28,2879.925765995437
10002,Manhattan,New York County,2021-03-31,2928.529538725537
10002,Manhattan,New York County,2021-04-30,3020.614561430551
10002,Manhattan,New York County,2021-05-31,3156.9170544984445
10002,Manhattan,New York County,2021-06-30,3319.992307531453
10002,Manhattan,New York County,2021-07-31,3475.5217023343853
10002,Manhattan,New York County,2021-08-31,3600.0944769676807
10002,Manhattan,New York County,2021-09-30,3676.836930232616
10002,Manhattan,New York County,2021-10-31,3722.3310426770286
10002,Manhattan,New York County,2021-11-30,3763.759554223514
10002,Manhattan,New York County,2021-12-31,3787.7686340432692
10002,Manhattan,New York County,2022-01-31,3834.3215426303927
10002,Manhattan,New York County,2022-02-28,3858.6161563233168
10002,Manhattan,New York County,2022-03-31,3921.2171063247074
10002,Manhattan,New York County,2022-04-30,3974.514286310533
10002,Manhattan,New York County,2022-05-31,4043.6365090884924
10002,Manhattan,New York County,2022-06-30,4096.231924805403
10002,Manhattan,New York County,2022-07-31,4147.672504598599
10002,Manhattan,New York County,2022-08-31,4187.693343085172
10002,Manhattan,New York County,2022-09-30,4198.387223287647
10002,Manhattan,New York County,2022-10-31,4176.184867682407
10002,Manhattan,New York County,2022-11-30,4093.1575639755038
10002,Manhattan,New York County,2022-12-31,4027.1233863925117
10002,Manhattan,New York County,2023-01-31,3994.4299717633344
10002,Manhattan,New York County,2023-02-28,4008.821660919688
10002,Manhattan,New York County,2023-03-31,4034.115510237112
10002,Manhattan,New York County,2023-04-30,4075.3199278227576
10002,Manhattan,New York County,2023-05-31,4121.426038674263
10002,Manhattan,New York County,2023-06-30,4188.079072842263
10002,Manhattan,New York County,2023-07-31,4206.245077291178
10002,Manhattan,New York County,2023-08-31,4224.7761943169
10002,Manhattan,New York County,2023-09-30,4210.405392369817
10002,Manhattan,New York County,2023-10-31,4175.8806079939395
10002,Manhattan,New York County,2023-11-30,4098.38588614286
10002,Manhattan,New York County,2023-12-31,4019.1007575211074
10002,Manhattan,New York County,2024-01-31,4026.1020706661843
10002,Manhattan,New York County,2024-02-29,4087.325707123921
10002,Manhattan,New York County,2024-03-31,4174.005301087417
10002,Manhattan,New York County,2024-04-30,4194.928763956729
10002,Manhattan,New York County,2024-05-31,4226.567101911113
10002,Manhattan,New York County,2024-06-30,4255.506519886027
10002,Manhattan,New York County,2024-07-31,4291.526306256263
10002,Manhattan,New York County,2024-08-31,4283.4862167260035
10002,Manhattan,New York County,2024-09-30,4245.45260035664
10002,Manhattan,New York County,2024-10-31,4214.199476971018
10002,Manhattan,New York County,2024-11-30,4165.662212997032
10002,Manhattan,New York County,2024-12-31,4181.548850526593
10002,Manhattan,New York County,2025-01-31,4186.727641319513
10002,Manhattan,New York County,2025-02-28,4230.678861141195
10002,Manhattan,New York County,2025-03-31,4266.087344935744
10002,Manhattan,New York County,2025-04-30,4317.268956410887
10002,Manhattan,New York County,2025-05-31,4380.387332036761
10002,Manhattan,New York County,2025-06-30,4433.364989223016
10002,Manhattan,New York County,2025-07-31,4499.084947478219
10002,Manhattan,New York County,2025-08-31,4565.108419053541
10002,Manhattan,New York County,2025-09-30,4563.422571643657
10002,Manhattan,New York County,2025-10-31,4575.239069436788
10002,Manhattan,New York County,2025-11-30,4542.444599591129
10002,Manhattan,New York County,2025-12-31,4528.009792861525
10002,Manhattan,New York County,2026-01-31,4502.305414981125
10002,Manhattan,New York County,2026-02-28,4524.238734963639
10002,Manhattan,New York County,2026-03-31,4589.84717481968
10002,Manhattan,New York County,2026-04-30,4659.577617487628
10002,Manhattan,New York County,2026-05-31,4747.410659771532
10002,Manhattan,New York County,2026-06-30,4849.305127528341
10002,Manhattan,New York County,2026-07-31,4904.34601146997
10466,Bronx,Bronx County,2025-10-31,3064.8050587435373
10466,Bronx,Bronx County,2025-11-30,3063.5541248230115
10466,Bronx,Bronx County,2025-12-31,3027.8283383498692
10466,Bronx,Bronx County,2026-01-31,3069.715152861069
10466,Bronx,Bronx County,2026-02-28,3004.2687801351835
10466,Bronx,Bronx County,2026-03-31,3133.986375676682
10466,Bronx,Bronx County,2026-04-30,3208.920795603705
10466,Bronx,Bronx County,2026-05-31,3303.198394184341
10466,Bronx,Bronx County,2026-06-30,3224.6483648107182
10466,Bronx,Bronx County,2026-07-31,3217.722222222222
11375,Queens,Queens County,2015-01-31,1932.2816604423929
11375,Queens,Queens County,2015-02-28,1921.2328370490775
11375,Queens,Queens County,2015-03-31,1926.5236108188192
11375,Queens,Queens County,2015-04-30,1927.8351638971174
11375,Queens,Queens County,2015-05-31,1933.4958626307093
11375,Queens,Queens County,2015-06-30,1941.1405314600415
11375,Queens,Queens County,2015-07-31,1980.2753726330168
11375,Queens,Queens County,2015-08-31,2011.623049041635
11375,Queens,Queens County,2015-09-30,2024.1983668532077
11375,Queens,Queens County,2015-10-31,2011.1844786210377
11375,Queens,Queens County,2015-11-30,1997.6507862623157
11375,Queens,Queens County,2015-12-31,1987.0351867341292
11375,Queens,Queens County,2016-01-31,1959.1424287943983
11375,Queens,Queens County,2016-02-29,1985.3060053805107
11375,Queens,Queens County,2016-03-31,1978.8389757663447
11375,Queens,Queens County,2016-04-30,2020.070109557128
11375,Queens,Queens County,2016-05-31,2023.354336605493
11375,Queens,Queens County,2016-06-30,2054.939837152731
11375,Queens,Queens County,2016-07-31,2073.2825394617885
11375,Queens,Queens County,2016-08-31,2054.635862917636
11375,Queens,Queens County,2016-09-30,2062.70311772634
11375,Queens,Queens County,2016-10-31,2057.0485348969855
11375,Queens,Queens County,2016-11-30,2083.9309603093016
11375,Queens,Queens County,2016-12-31,2084.3444156245364
11375,Queens,Queens County,2017-01-31,2090.347442934373
11375,Queens,Queens County,2017-02-28,2084.5816154786066
11375,Queens,Queens County,2017-03-31,2084.0497194043355
11375,Queens,Queens County,2017-04-30,2073.5968015843355
11375,Queens,Queens County,2017-05-31,2062.655929775138
11375,Queens,Queens County,2017-06-30,2080.6448902269594
11375,Queens,Queens County,2017-07-31,2094.083783862058
11375,Queens,Queens County,2017-08-31,2113.532816005507
11375,Queens,Queens County,2017-09-30,2102.9686055263805
11375,Queens,Queens County,2017-10-31,2094.6847137696905
11375,Queens,Queens County,2017-11-30,2080.07863646337
11375,Queens,Queens County,2017-12-31,2074.8494666731854
11375,Queens,Queens County,2018-01-31,2068.4797080538287
11375,Queens,Queens County,2018-02-28,2093.7701283282477
11375,Queens,Queens County,2018-03-31,2095.301465928932
11375,Queens,Queens County,2018-04-30,2137.5691833084616
11375,Queens,Queens County,2018-05-31,2139.3913017944383
11375,Queens,Queens County,2018-06-30,2155.749857271118
11375,Queens,Queens County,2018-07-31,2141.505028815507
11375,Queens,Queens County,2018-08-31,2145.1906165451874
11375,Queens,Queens County,2018-09-30,2137.1178655519016
11375,Queens,Queens County,2018-10-31,2138.104886602207
11375,Queens,Queens County,2018-11-30,2137.364387534662
11375,Queens,Queens County,2018-12-31,2153.370129982474
11375,Queens,Queens County,2019-01-31,2179.8938630680263
11375,Queens,Queens County,2019-02-28,2188.779315564583
11375,Queens,Queens County,2019-03-31,2194.469654222927
11375,Queens,Queens County,2019-04-30,2162.7532685581086
11375,Queens,Queens County,2019-05-31,2186.486217758089
11375,Queens,Queens County,2019-06-30,2223.6948650868267
11375,Queens,Queens County,2019-07-31,2273.28827617154
11375,Queens,Queens County,2019-08-31,2253.070466500907
11375,Queens,Queens County,2019-09-30,2247.0487172492963
11375,Queens,Queens County,2019-10-31,2227.3309751539778
11375,Queens,Queens County,2019-11-30,2251.266886851126
11375,Queens,Queens County,2019-12-31,2222.4220075696117
11375,Queens,Queens County,2020-01-31,2226.97676128228
11375,Queens,Queens County,2020-02-29,2253.1129226541134
11375,Queens,Queens County,2020-03-31,2269.4339493097245
11375,Queens,Queens County,2020-04-30,2268.2078838747975
11375,Queens,Queens County,2020-05-31,2233.6111281419853
11375,Queens,Queens County,2020-06-30,2223.4524146380845
11375,Queens,Queens County,2020-07-31,2201.9831461298095
11375,Queens,Queens County,2020-08-31,2207.6348376657893
11375,Queens,Queens County,2020-09-30,2193.8276899401653
11375,Queens,Queens County,2020-10-31,2193.9134943776257
11375,Queens,Queens County,2020-11-30,2159.7408748362063
11375,Queens,Queens County,2020-12-31,2159.371746197118
11375,Queens,Queens County,2021-01-31,2139.1704206092363
11375,Queens,Queens County,2021-02-28,2174.760052795956
11375,Queens,Queens County,2021-03-31,2176.776615664402
11375,Queens,Queens County,2021-04-30,2199.9907251817576
11375,Queens,Queens County,2021-05-31,2183.3660529738186
11375,Queens,Queens County,2021-06-30,2191.8310032377326
11375,Queens,Queens County,2021-07-31,2210.3980125003486
11375,Queens,Queens County,2021-08-31,2203.2852499220453
11375,Queens,Queens County,2021-09-30,2212.191313712275
11375,Queens,Queens County,2021-10-31,2232.205059772594
11375,Queens,Queens County,2021-11-30,2268.266767109942
11375,Queens,Queens County,2021-12-31,2291.2981059273543
11375,Queens,Queens County,2022-01-31,2289.8000558761887
11375,Queens,Queens County,2022-02-28,2303.7657573321667
11375,Queens,Queens County,2022-03-31,2334.82416441031
11375,Queens,Queens County,2022-04-30,2386.9978338205856
11375,Queens,Queens County,2022-05-31,2422.4339977030027
11375,Queens,Queens County,2022-06-30,2444.9649640995262
11375,Queens,Queens County,2022-07-31,2462.6119760084052
11375,Queens,Queens County,2022-08-31,2490.2623653009623
11375,Queens,Queens County,2022-09-30,2504.264540628833
11375,Queens,Queens County,2022-10-31,2509.4540763782984
11375,Queens,Queens County,2022-11-30,2508.607647072532
11375,Queens,Queens County,2022-12-31,2492.7969748051923
11375,Queens,Queens County,2023-01-31,2506.6358361993225
11375,Queens,Queens County,2023-02-28,2561.797847804569
11375,Queens,Queens County,2023-03-31,2569.8703587653117
11375,Queens,Queens County,2023-04-30,2616.4892306653073
11375,Queens,Queens County,2023-05-31,2620.9569297730563
11375,Queens,Queens County,2023-06-30,2697.210539645177
11375,Queens,Queens County,2023-07-31,2700.2249405760085
11375,Queens,Queens County,2023-08-31,2708.682767722512
11375,Queens,Queens County,2023-09-30,2715.1452225254134
11375,Queens,Queens County,2023-10-31,2704.2880919003983
11375,Queens,Queens County,2023-11-30,2703.537921398111
11375,Queens,Queens County,2023-12-31,2690.966671910204
11375,Queens,Queens County,2024-01-31,2712.3327982188257
11375,Queens,Queens County,2024-02-29,2679.9225675589164
11375,Queens,Queens County,2024-03-31,2736.393264884316
11375,Queens,Queens County,2024-04-30,2738.694554823177
11375,Queens,Queens County,2024-05-31,2800.5544305493263
11375,Queens,Queens County,2024-06-30,2829.2753899181953
11375,Queens,Queens County,2024-07-31,2861.0537726615535
11375,Queens,Queens County,2024-08-31,2901.6548185818197
11375,Queens,Queens County,2024-09-30,2882.4745227451426
11375,Queens,Queens County,2024-10-31,2921.1006298123502
11375,Queens,Queens County,2024-11-30,2921.763779003449
11375,Queens,Queens County,2024-12-31,2912.7934407003504
11375,Queens,Queens County,2025-01-31,2923.808045959512
11375,Queens,Queens County,2025-02-28,2904.680944923212
11375,Queens,Queens County,2025-03-31,2911.8233161509606
11375,Queens,Queens County,2025-04-30,2883.5352386125105
11375,Queens,Queens County,2025-05-31,2911.0708708697057
11375,Queens,Queens County,2025-06-30,2962.231177890935
11375,Queens,Queens County,2025-07-31,3009.832582110661
11375,Queens,Queens County,2025-08-31,3021.1196293914277
11375,Queens,Queens County,2025-09-30,3041.0810738391747
11375,Queens,Queens County,2025-10-31,3047.348825362367
11375,Queens,Queens County,2025-11-30,3076.91525499097
11375,Queens,Queens County,2025-12-31,3043.989443234574
11375,Queens,Queens County,2026-01-31,3011.2367257440474
11375,Queens,Queens County,2026-02-28,2989.0171978538397
11375,Queens,Queens County,2026-03-31,3050.0969491786827
11375,Queens,Queens County,2026-04-30,3143.5251160434846
11375,Queens,Queens County,2026-05-31,3162.8944382383756
11375,Queens,Queens County,2026-06-30,3164.097069277295
11375,Queens,Queens County,2026-07-31,3160.630546955624
11691,Queens,Queens County,2026-07-31,3124.4
11215,Brooklyn,Kings County,2015-01-31,2507.6842808429155
11215,Brooklyn,Kings County,2015-02-28,2567.7144669485933
11215,Brooklyn,Kings County,2015-03-31,2604.0070636497585
11215,Brooklyn,Kings County,2015-04-30,2640.621514812935
11215,Brooklyn,Kings County,2015-05-31,2666.390343775618
11215,Brooklyn,Kings County,2015-06-30,2673.1250682139603
11215,Brooklyn,Kings County,2015-07-31,2658.259166631045
11215,Brooklyn,Kings County,2015-08-31,2642.3418702978524
11215,Brooklyn,Kings County,2015-09-30,2670.2116054189
11215,Brooklyn,Kings County,2015-10-31,2685.331105107212
11215,Brooklyn,Kings County,2015-11-30,2694.481122624129
11215,Brooklyn,Kings County,2015-12-31,2642.998119653953
11215,Brooklyn,Kings County,2016-01-31,2609.267683095072
11215,Brooklyn,Kings County,2016-02-29,2616.6878972657387
11215,Brooklyn,Kings County,2016-03-31,2637.80742392868
11215,Brooklyn,Kings County,2016-04-30,2669.158084356178
11215,Brooklyn,Kings County,2016-05-31,2670.4112281359517
11215,Brooklyn,Kings County,2016-06-30,2683.2958455977555
11215,Brooklyn,Kings County,2016-07-31,2699.378584158788
11215,Brooklyn,Kings County,2016-08-31,2710.7991086422317
11215,Brooklyn,Kings County,2016-09-30,2711.8230965612793
11215,Brooklyn,Kings County,2016-10-31,2709.450948261489
11215,Brooklyn,Kings County,2016-11-30,2685.5426142027586
11215,Brooklyn,Kings County,2016-12-31,2655.8498611500268
11215,Brooklyn,Kings County,2017-01-31,2647.168968395186
11215,Brooklyn,Kings County,2017-02-28,2661.956205955473
11215,Brooklyn,Kings County,2017-03-31,2702.2380657546646
11215,Brooklyn,Kings County,2017-04-30,2724.6114520229285
11215,Brooklyn,Kings County,2017-05-31,2743.4489343259347
11215,Brooklyn,Kings County,2017-06-30,2742.269745196756
11215,Brooklyn,Kings County,2017-07-31,2736.140192219791
11215,Brooklyn,Kings County,2017-08-31,2737.056765820508
11215,Brooklyn,Kings County,2017-09-30,2722.908594740697
11215,Brooklyn,Kings County,2017-10-31,2703.609983347142
11215,Brooklyn,Kings County,2017-11-30,2680.3264186659976
11215,Brooklyn,Kings County,2017-12-31,2683.9646921106996
11215,Brooklyn,Kings County,2018-01-31,2709.013430055904
11215,Brooklyn,Kings County,2018-02-28,2727.5764877876513
11215,Brooklyn,Kings County,2018-03-31,2741.024117327131
11215,Brooklyn,Kings County,2018-04-30,2752.6212417665342
11215,Brooklyn,Kings County,2018-05-31,2774.8113769592537
11215,Brooklyn,Kings County,2018-06-30,2795.568293131404
11215,Brooklyn,Kings County,2018-07-31,2799.631590381977
11215,Brooklyn,Kings County,2018-08-31,2810.5864801684475
11215,Brooklyn,Kings County,2018-09-30,2842.2559377259995
11215,Brooklyn,Kings County,2018-10-31,2856.964272402523
11215,Brooklyn,Kings County,2018-11-30,2861.171902691739
11215,Brooklyn,Kings County,2018-12-31,2800.3313861743086
11215,Brooklyn,Kings County,2019-01-31,2786.0848134619227
11215,Brooklyn,Kings County,2019-02-28,2777.6989116167506
11215,Brooklyn,Kings County,2019-03-31,2820.004406046032
11215,Brooklyn,Kings County,2019-04-30,2844.6470137109104
11215,Brooklyn,Kings County,2019-05-31,2862.129504205979
11215,Brooklyn,Kings County,2019-06-30,2883.5184741491375
11215,Brooklyn,Kings County,2019-07-31,2901.9431655625503
11215,Brooklyn,Kings County,2019-08-31,2939.565095748214
11215,Brooklyn,Kings County,2019-09-30,2941.5845178932177
11215,Brooklyn,Kings County,2019-10-31,2951.367198239887
11215,Brooklyn,Kings County,2019-11-30,2927.612911436992
11215,Brooklyn,Kings County,2019-12-31,2931.989414407909
11215,Brooklyn,Kings County,2020-01-31,2922.308759879322
11215,Brooklyn,Kings County,2020-02-29,2960.9875000201964
11215,Brooklyn,Kings County,2020-03-31,2971.743484705414
11215,Brooklyn,Kings County,2020-04-30,2965.180600145842
11215,Brooklyn,Kings County,2020-05-31,2924.2579294425936
11215,Brooklyn,Kings County,2020-06-30,2889.8481779451567
11215,Brooklyn,Kings County,2020-07-31,2873.0537461969843
11215,Brooklyn,Kings County,2020-08-31,2848.9442861326525
11215,Brooklyn,Kings County,2020-09-30,2816.89195333862
11215,Brooklyn,Kings County,2020-10-31,2783.9554652990364
11215,Brooklyn,Kings County,2020-11-30,2755.6041875073756
11215,Brooklyn,Kings County,2020-12-31,2758.5591513235117
11215,Brooklyn,Kings County,2021-01-31,2727.546456100506
11215,Brooklyn,Kings County,2021-02-28,2719.760487617591
11215,Brooklyn,Kings County,2021-03-31,2714.8447778411605
11215,Brooklyn,Kings County,2021-04-30,2765.120296785507
11215,Brooklyn,Kings County,2021-05-31,2817.810046698167
11215,Brooklyn,Kings County,2021-06-30,2865.3524881503395
11215,Brooklyn,Kings County,2021-07-31,2914.2761917004864
11215,Brooklyn,Kings County,2021-08-31,2954.6654680399256
11215,Brooklyn,Kings County,2021-09-30,3007.255989048621
11215,Brooklyn,Kings County,2021-10-31,3032.893954282969
11215,Brooklyn,Kings County,2021-11-30,3081.7740535951257
11215,Brooklyn,Kings County,2021-12-31,3081.125915034314
11215,Brooklyn,Kings County,2022-01-31,3133.136073925902
11215,Brooklyn,Kings County,2022-02-28,3152.6969249212707
11215,Brooklyn,Kings County,2022-03-31,3234.5082972393125
11215,Brooklyn,Kings County,2022-04-30,3273.3828583844647
11215,Brooklyn,Kings County,2022-05-31,3353.2549657491604
11215,Brooklyn,Kings County,2022-06-30,3396.7804976546668
11215,Brooklyn,Kings County,2022-07-31,3450.9062724389332
11215,Brooklyn,Kings County,2022-08-31,3482.257076784421
11215,Brooklyn,Kings County,2022-09-30,3484.880130753131
11215,Brooklyn,Kings County,2022-10-31,3509.9668331356315
11215,Brooklyn,Kings County,2022-11-30,3495.79935200896
11215,Brooklyn,Kings County,2022-12-31,3521.219732736701
11215,Brooklyn,Kings County,2023-01-31,3521.115985644037
11215,Brooklyn,Kings County,2023-02-28,3512.8470023015775
11215,Brooklyn,Kings County,2023-03-31,3514.695255399337
11215,Brooklyn,Kings County,2023-04-30,3557.7031145464107
11215,Brooklyn,Kings County,2023-05-31,3609.7029672118806
11215,Brooklyn,Kings County,2023-06-30,3630.8233058304395
11215,Brooklyn,Kings County,2023-07-31,3635.18017459818
11215,Brooklyn,Kings County,2023-08-31,3633.8547633798644
11215,Brooklyn,Kings County,2023-09-30,3650.7831369222613
11215,Brooklyn,Kings County,2023-10-31,3645.8006617232904
11215,Brooklyn,Kings County,2023-11-30,3640.013706269152
11215,Brooklyn,Kings County,2023-12-31,3629.2074359091503
11215,Brooklyn,Kings County,2024-01-31,3631.6249473931553
11215,Brooklyn,Kings County,2024-02-29,3660.504153140517
11215,Brooklyn,Kings County,2024-03-31,3698.307500638334
11215,Brooklyn,Kings County,2024-04-30,3737.901858132525
11215,Brooklyn,Kings County,2024-05-31,3772.0730987284646
11215,Brooklyn,Kings County,2024-06-30,3821.293297047287
11215,Brooklyn,Kings County,2024-07-31,3831.7463572308075
11215,Brooklyn,Kings County,2024-08-31,3854.487683096911
11215,Brooklyn,Kings County,2024-09-30,3853.5272125824463
11215,Brooklyn,Kings County,2024-10-31,3836.5966859570476
11215,Brooklyn,Kings County,2024-11-30,3776.5272269914876
11215,Brooklyn,Kings County,2024-12-31,3751.275641962067
11215,Brooklyn,Kings County,2025-01-31,3747.6764945277055
11215,Brooklyn,Kings County,2025-02-28,3810.653960474024
11215,Brooklyn,Kings County,2025-03-31,3874.3520754002043
11215,Brooklyn,Kings County,2025-04-30,3925.574753411822
11215,Brooklyn,Kings County,2025-05-31,3943.2718967924116
11215,Brooklyn,Kings County,2025-06-30,3958.642510920386
11215,Brooklyn,Kings County,2025-07-31,4003.535081188947
11215,Brooklyn,Kings County,2025-08-31,4057.0945632137727
11215,Brooklyn,Kings County,2025-09-30,4047.14036904732
11215,Brooklyn,Kings County,2025-10-31,4003.4522438858467
11215,Brooklyn,Kings County,2025-11-30,3931.2085367124764
11215,Brooklyn,Kings County,2025-12-31,3947.455808308636
11215,Brooklyn,Kings County,2026-01-31,3966.386262632697
11215,Brooklyn,Kings County,2026-02-28,4033.5195442026707
11215,Brooklyn,Kings County,2026-03-31,4091.768066186
11215,Brooklyn,Kings County,2026-04-30,4179.062579886823
11215,Brooklyn,Kings County,2026-05-31,4242.075121550256
11215,Brooklyn,Kings County,2026-06-30,4269.309100586683
11215,Brooklyn,Kings County,2026-07-31,4278.3391651201155
10463,Bronx,Bronx County,2015-05-31,1886.3182102285139
10463,Bronx,Bronx County,2015-06-30,1858.7824248070424
10463,Bronx,Bronx County,2015-07-31,1920.2286466570347
10463,Bronx,Bronx County,2015-08-31,1951.758636955462
10463,Bronx,Bronx County,2015-09-30,1957.8280717251328
10463,Bronx,Bronx County,2015-10-31,1907.629962568501
10463,Bronx,Bronx County,2015-12-31,1820.9003125986428
10463,Bronx,Bronx County,2016-01-31,1874.137681760687
10463,Bronx,Bronx County,2016-02-29,1933.1810542125575
10463,Bronx,Bronx County,2016-03-31,1929.8438192197007
10463,Bronx,Bronx County,2016-04-30,1922.7981928007912
10463,Bronx,Bronx County,2016-05-31,1968.0918127738134
10463,Bronx,Bronx County,2016-06-30,2036.2231865985611
10463,Bronx,Bronx County,2016-07-31,2088.748067267986
10463,Bronx,Bronx County,2016-08-31,2082.99521551896
10463,Bronx,Bronx County,2016-09-30,2063.4910639841855
10463,Bronx,Bronx County,2016-10-31,2043.1171805837328
10463,Bronx,Bronx County,2016-11-30,2083.09735291001
10463,Bronx,Bronx County,2016-12-31,2078.1594762032746
10463,Bronx,Bronx County,2017-01-31,2061.4374965215097
10463,Bronx,Bronx County,2017-02-28,2050.4977866514582
10463,Bronx,Bronx County,2017-03-31,2080.1130551071883
10463,Bronx,Bronx County,2017-04-30,2085.0292368340597
10463,Bronx,Bronx County,2017-05-31,2089.602786779061
10463,Bronx,Bronx County,2017-06-30,2098.2498885831687
10463,Bronx,Bronx County,2017-07-31,2139.9292852059507
10463,Bronx,Bronx County,2017-08-31,2149.166112207721
10463,Bronx,Bronx County,2017-09-30,2172.8614534796952
10463,Bronx,Bronx County,2017-10-31,2145.1107206520223
10463,Bronx,Bronx County,2017-11-30,2147.3154263647057
10463,Bronx,Bronx County,2017-12-31,2139.2862998839487
10463,Bronx,Bronx County,2018-01-31,2160.6274066081505
10463,Bronx,Bronx County,2018-02-28,2154.301274741238
10463,Bronx,Bronx County,2018-03-31,2141.447693406591
10463,Bronx,Bronx County,2018-04-30,2150.958942940845
10463,Bronx,Bronx County,2018-05-31,2162.4860460939776
10463,Bronx,Bronx County,2018-06-30,2200.6889441404414
10463,Bronx,Bronx County,2018-07-31,2191.5410346750496
10463,Bronx,Bronx County,2018-08-31,2176.4663484012895
10463,Bronx,Bronx County,2018-09-30,2149.566209180669
10463,Bronx,Bronx County,2018-10-31,2166.1823303431506
10463,Bronx,Bronx County,2018-11-30,2155.7753098426547
10463,Bronx,Bronx County,2018-12-31,2140.853778279276
10463,Bronx,Bronx County,2019-01-31,2119.7527497020974
10463,Bronx,Bronx County,2019-02-28,2137.410829817548
10463,Bronx,Bronx County,2019-03-31,2158.0041664754667
10463,Bronx,Bronx County,2019-04-30,2173.7855062088715
10463,Bronx,Bronx County,2019-05-31,2187.386799214393
10463,Bronx,Bronx County,2019-06-30,2206.5111603883875
10463,Bronx,Bronx County,2019-07-31,2236.712936551827
10463,Bronx,Bronx County,2019-08-31,2259.6642814560264
10463,Bronx,Bronx County,2019-09-30,2280.226015778405
10463,Bronx,Bronx County,2019-10-31,2275.178491169742
10463,Bronx,Bronx County,2019-11-30,2262.5317445063706
10463,Bronx,Bronx County,2019-12-31,2229.599973516844
10463,Bronx,Bronx County,2020-01-31,2203.8344758797393
10463,Bronx,Bronx County,2020-02-29,2222.3435980979725
10463,Bronx,Bronx County,2020-03-31,2269.2438477485052
10463,Bronx,Bronx County,2020-04-30,2315.996136853663
10463,Bronx,Bronx County,2020-05-31,2320.2123922943315
10463,Bronx,Bronx County,2020-06-30,2293.350234775552
10463,Bronx,Bronx County,2020-07-31,2275.905064847434
10463,Bronx,Bronx County,2020-08-31,2256.234224879587
10463,Bronx,Bronx County,2020-09-30,2290.002868192241
10463,Bronx,Bronx County,2020-10-31,2273.659270679651
10463,Bronx,Bronx County,2020-11-30,2274.05080362454
10463,Bronx,Bronx County,2020-12-31,2232.8228289037133
10463,Bronx,Bronx County,2021-01-31,2220.5649887222226
10463,Bronx,Bronx County,2021-02-28,2211.022380871349
10463,Bronx,Bronx County,2021-03-31,2227.266871463602
10463,Bronx,Bronx County,2021-04-30,2264.7549684540572
10463,Bronx,Bronx County,2021-05-31,2281.236438560194
10463,Bronx,Bronx County,2021-06-30,2284.4854958779783
10463,Bronx,Bronx County,2021-07-31,2296.2214679229264
10463,Bronx,Bronx County,2021-08-31,2300.131068571885
10463,Bronx,Bronx County,2021-09-30,2304.532212602702
10463,Bronx,Bronx County,2021-10-31,2346.308268493116
10463,Bronx,Bronx County,2021-11-30,2386.1600401435444
10463,Bronx,Bronx County,2021-12-31,2395.634430361663
10463,Bronx,Bronx County,2022-01-31,2346.403996315815
10463,Bronx,Bronx County,2022-02-28,2333.4471482102567
10463,Bronx,Bronx County,2022-03-31,2351.035728895614
10463,Bronx,Bronx County,2022-04-30,2379.029051909396
10463,Bronx,Bronx County,2022-05-31,2430.0848316886554
10463,Bronx,Bronx County,2022-06-30,2457.6249886771566
10463,Bronx,Bronx County,2022-07-31,2515.095664172057
10463,Bronx,Bronx County,2022-08-31,2511.532646152865
10463,Bronx,Bronx County,2022-09-30,2503.6138260533216
10463,Bronx,Bronx County,2022-10-31,2520.8265778499945
10463,Bronx,Bronx County,2022-11-30,2574.421208954986
10463,Bronx,Bronx County,2022-12-31,2573.3694740458295
10463,Bronx,Bronx County,2023-01-31,2550.8629778663635
10463,Bronx,Bronx County,2023-02-28,2536.099671391342
10463,Bronx,Bronx County,2023-03-31,2579.4493871054324
10463,Bronx,Bronx County,2023-04-30,2580.399818058586
10463,Bronx,Bronx County,2023-05-31,2584.2870891004873
10463,Bronx,Bronx County,2023-06-30,2595.9058896372508
10463,Bronx,Bronx County,2023-07-31,2599.744860723685
10463,Bronx,Bronx County,2023-08-31,2574.2080285802044
10463,Bronx,Bronx County,2023-09-30,2579.4186320868916
10463,Bronx,Bronx County,2023-10-31,2579.764251452543
10463,Bronx,Bronx County,2023-11-30,2585.077316646185
10463,Bronx,Bronx County,2023-12-31,2555.579528884121
10463,Bronx,Bronx County,2024-01-31,2602.9839932684836
10463,Bronx,Bronx County,2024-02-29,2623.125467688695
10463,Bronx,Bronx County,2024-03-31,2682.8086707400744
10463,Bronx,Bronx County,2024-04-30,2713.546884567762
10463,Bronx,Bronx County,2024-05-31,2738.4970007116453
10463,Bronx,Bronx County,2024-06-30,2749.3105845191985
10463,Bronx,Bronx County,2024-07-31,2661.399490544725
10463,Bronx,Bronx County,2024-08-31,2664.31342847933
10463,Bronx,Bronx County,2024-09-30,2649.19018085348
10463,Bronx,Bronx County,2024-10-31,2702.570005741038
10463,Bronx,Bronx County,2024-11-30,2724.1628236378538
10463,Bronx,Bronx County,2024-12-31,2736.8021270359204
10463,Bronx,Bronx County,2025-01-31,2758.809776462592
10463,Bronx,Bronx County,2025-02-28,2719.3773597415575
10463,Bronx,Bronx County,2025-03-31,2733.328340375432
10463,Bronx,Bronx County,2025-04-30,2740.051060819186
10463,Bronx,Bronx County,2025-05-31,2760.8026144674513
10463,Bronx,Bronx County,2025-06-30,2823.8132742730368
10463,Bronx,Bronx County,2025-07-31,2847.8607280860792
10463,Bronx,Bronx County,2025-08-31,2910.8489597944185
10463,Bronx,Bronx County,2025-09-30,2896.4502551405053
10463,Bronx,Bronx County,2025-10-31,2913.2102885432178
10463,Bronx,Bronx County,2025-11-30,2921.7188143919116
10463,Bronx,Bronx County,2025-12-31,2857.7237254033253
10463,Bronx,Bronx County,2026-01-31,2868.982167735013
10463,Bronx,Bronx County,2026-02-28,2950.8521381264545
10463,Bronx,Bronx County,2026-03-31,3026.535434167322
10463,Bronx,Bronx County,2026-04-30,3030.314419575497
10463,Bronx,Bronx County,2026-05-31,2940.7399059347895
10463,Bronx,Bronx County,2026-06-30,2950.8042865360103
10463,Bronx,Bronx County,2026-07-31,2975.4973544973545
11209,Brooklyn,Kings County,2018-01-31,1930.2392018214905
11209,Brooklyn,Kings County,2018-02-28,1937.3963889640243
11209,Brooklyn,Kings County,2018-03-31,1974.281189464458
11209,Brooklyn,Kings County,2018-04-30,1999.9219742581918
11209,Brooklyn,Kings County,2018-05-31,2004.1372974344215
11209,Brooklyn,Kings County,2018-06-30,1996.6613751240968
11209,Brooklyn,Kings County,2018-07-31,1966.2288885397033
11209,Brooklyn,Kings County,2018-08-31,1981.659223242944
11209,Brooklyn,Kings County,2018-09-30,2037.625796246636
11209,Brooklyn,Kings County,2018-10-31,2072.0862315481277
11209,Brooklyn,Kings County,2018-11-30,2054.4434743736733
11209,Brooklyn,Kings County,2018-12-31,1997.8804893033687
11209,Brooklyn,Kings County,2019-01-31,1975.060256794383
11209,Brooklyn,Kings County,2019-02-28,1993.3172991021722
11209,Brooklyn,Kings County,2019-03-31,2002.0323556270318
11209,Brooklyn,Kings County,2019-04-30,2040.5256425790412
11209,Brooklyn,Kings County,2019-05-31,2054.7767451065433
11209,Brooklyn,Kings County,2019-06-30,2059.122872469423
11209,Brooklyn,Kings County,2019-07-31,2059.1402120021476
11209,Brooklyn,Kings County,2019-08-31,2060.2141288484854
11209,Brooklyn,Kings County,2019-09-30,2083.066394296427
11209,Brooklyn,Kings County,2019-10-31,2075.436425494073
11209,Brooklyn,Kings County,2019-11-30,2096.2671955226806
11209,Brooklyn,Kings County,2019-12-31,2092.6736619956396
11209,Brooklyn,Kings County,2020-01-31,2069.518802878152
11209,Brooklyn,Kings County,2020-02-29,2091.6841534849677
11209,Brooklyn,Kings County,2020-03-31,2094.313437040112
11209,Brooklyn,Kings County,2020-04-30,2104.2114113178995
11209,Brooklyn,Kings County,2020-05-31,2043.8682160123176
11209,Brooklyn,Kings County,2020-06-30,2058.631785488128
11209,Brooklyn,Kings County,2020-07-31,2062.969231498719
11209,Brooklyn,Kings County,2020-08-31,2075.4146093684976
11209,Brooklyn,Kings County,2020-09-30,2065.4214174298854
11209,Brooklyn,Kings County,2020-10-31,2060.7993016338987
11209,Brooklyn,Kings County,2020-11-30,2050.1987932809225
11209,Brooklyn,Kings County,2020-12-31,2027.5215332298387
11209,Brooklyn,Kings County,2021-01-31,2050.7684423948385
11209,Brooklyn,Kings County,2021-02-28,2054.4260698526696
11209,Brooklyn,Kings County,2021-03-31,2075.5910822514443
11209,Brooklyn,Kings County,2021-04-30,2065.1538402772167
11209,Brooklyn,Kings County,2021-05-31,2064.6393144566864
11209,Brooklyn,Kings County,2021-06-30,2067.6009357749595
11209,Brooklyn,Kings County,2021-07-31,2075.330038438816
11209,Brooklyn,Kings County,2021-08-31,2089.480923248485
11209,Brooklyn,Kings County,2021-09-30,2101.4619458957823
11209,Brooklyn,Kings County,2021-10-31,2129.4754519918597
11209,Brooklyn,Kings County,2021-11-30,2171.436753652554
11209,Brooklyn,Kings County,2021-12-31,2165.947270248951
11209,Brooklyn,Kings County,2022-01-31,2152.73434931754
11209,Brooklyn,Kings County,2022-02-28,2116.767403328693
11209,Brooklyn,Kings County,2022-03-31,2141.4250346709337
11209,Brooklyn,Kings County,2022-04-30,2127.329746336291
11209,Brooklyn,Kings County,2022-05-31,2178.353102851927
11209,Brooklyn,Kings County,2022-06-30,2215.5375840406964
11209,Brooklyn,Kings County,2022-07-31,2263.695929583433
11209,Brooklyn,Kings County,2022-08-31,2284.298110472014
11209,Brooklyn,Kings County,2022-09-30,2279.206733431415
11209,Brooklyn,Kings County,2022-10-31,2314.1109285966377
11209,Brooklyn,Kings County,2022-11-30,2291.2544735988026
11209,Brooklyn,Kings County,2022-12-31,2324.3365503390123
11209,Brooklyn,Kings County,2023-01-31,2342.2383403991016
11209,Brooklyn,Kings County,2023-02-28,2386.4036194512596
11209,Brooklyn,Kings County,2023-03-31,2361.115447348609
11209,Brooklyn,Kings County,2023-04-30,2332.2894586115062
11209,Brooklyn,Kings County,2023-05-31,2330.333305031235
11209,Brooklyn,Kings County,2023-06-30,2366.9996571842257
11209,Brooklyn,Kings County,2023-07-31,2413.763013895065
11209,Brooklyn,Kings County,2023-08-31,2412.1017820935404
11209,Brooklyn,Kings County,2023-09-30,2427.430225401492
11209,Brooklyn,Kings County,2023-10-31,2431.844005098758
11209,Brooklyn,Kings County,2023-11-30,2418.8448373269457
11209,Brooklyn,Kings County,2023-12-31,2392.5184694870472
11209,Brooklyn,Kings County,2024-01-31,2396.195269146104
11209,Brooklyn,Kings County,2024-02-29,2457.2557957191434
11209,Brooklyn,Kings County,2024-03-31,2498.544628153598
11209,Brooklyn,Kings County,2024-04-30,2509.1864357761838
11209,Brooklyn,Kings County,2024-05-31,2504.0391970234923
11209,Brooklyn,Kings County,2024-06-30,2508.8572127089055
11209,Brooklyn,Kings County,2024-07-31,2511.552364795162
11209,Brooklyn,Kings County,2024-08-31,2517.60425707977
11209,Brooklyn,Kings County,2024-09-30,2561.5988123586158
11209,Brooklyn,Kings County,2024-10-31,2573.3193287668355
11209,Brooklyn,Kings County,2024-11-30,2612.0304206050223
11209,Brooklyn,Kings County,2024-12-31,2592.345792277097
11209,Brooklyn,Kings County,2025-01-31,2628.4397265339144
11209,Brooklyn,Kings County,2025-02-28,2587.361988006026
11209,Brooklyn,Kings County,2025-03-31,2587.8232642625353
11209,Brooklyn,Kings County,2025-04-30,2594.2274742306695
11209,Brooklyn,Kings County,2025-05-31,2618.695489372259
11209,Brooklyn,Kings County,2025-06-30,2665.0364008004776
11209,Brooklyn,Kings County,2025-07-31,2696.8030120338026
11209,Brooklyn,Kings County,2025-08-31,2740.5934127179994
11209,Brooklyn,Kings County,2025-09-30,2738.240393772095
11209,Brooklyn,Kings County,2025-10-31,2741.6488379749876
11209,Brooklyn,Kings County,2025-11-30,2717.8256367845065
11209,Brooklyn,Kings County,2025-12-31,2723.3043583251642
11209,Brooklyn,Kings County,2026-01-31,2713.0439136828873
11209,Brooklyn,Kings County,2026-02-28,2714.8044364326256
11209,Brooklyn,Kings County,2026-03-31,2682.854411840891
11209,Brooklyn,Kings County,2026-04-30,2717.9894189821366
11209,Brooklyn,Kings County,2026-05-31,2759.5856962128746
11209,Brooklyn,Kings County,2026-06-30,2830.009812390451
11209,Brooklyn,Kings County,2026-07-31,2845.8611111111113
93230,Brooklyn,Kings County,2022-05-31,1636.057325732056
93230,Brooklyn,Kings County,2022-06-30,1653.811291298588
93230,Brooklyn,Kings County,2022-07-31,1643.547917118797
93230,Brooklyn,Kings County,2022-08-31,1668.8744357917815
93230,Brooklyn,Kings County,2022-09-30,1699.8561017563363
93230,Brooklyn,Kings County,2022-10-31,1714.1187564935685
93230,Brooklyn,Kings County,2022-11-30,1714.9286926307834
93230,Brooklyn,Kings County,2022-12-31,1692.5642987290132
93230,Brooklyn,Kings County,2023-01-31,1727.4965038475402
93230,Brooklyn,Kings County,2023-02-28,1729.7865359633208
93230,Brooklyn,Kings County,2023-03-31,1750.5992210884856
93230,Brooklyn,Kings County,2023-04-30,1739.7355007311826
93230,Brooklyn,Kings County,2023-05-31,1760.87493207954
93230,Brooklyn,Kings County,2023-06-30,1773.5346418034103
93230,Brooklyn,Kings County,2023-07-31,1784.2031184599937
93230,Brooklyn,Kings County,2023-08-31,1798.6071045183276
93230,Brooklyn,Kings County,2023-09-30,1821.8248252227208
93230,Brooklyn,Kings County,2023-10-31,1822.3273256061022
93230,Brooklyn,Kings County,2023-11-30,1809.7183128897707
93230,Brooklyn,Kings County,2023-12-31,1765.626316091514
93230,Brooklyn,Kings County,2024-01-31,1752.8406640737826
93230,Brooklyn,Kings County,2024-02-29,1766.6728440991003
93230,Brooklyn,Kings County,2024-03-31,1800.7631704488176
93230,Brooklyn,Kings County,2024-04-30,1846.7085721652306
93230,Brooklyn,Kings County,2024-05-31,1861.64842504423
93230,Brooklyn,Kings County,2024-06-30,1878.0820972610525
93230,Brooklyn,Kings County,2024-07-31,1873.7515654378544
93230,Brooklyn,Kings County,2024-08-31,1874.5023393886963
93230,Brooklyn,Kings County,2024-09-30,1878.1295544293987
93230,Brooklyn,Kings County,2024-10-31,1875.6566755820397
93230,Brooklyn,Kings County,2024-11-30,1873.324730493806
93230,Brooklyn,Kings County,2024-12-31,1870.3192733985497
93230,Brooklyn,Kings County,2025-01-31,1848.0063755775484
93230,Brooklyn,Kings County,2025-02-28,1866.1426522986355
93230,Brooklyn,Kings County,2025-03-31,1882.8251834523783
93230,Brooklyn,Kings County,2025-04-30,1915.612635641388
93230,Brooklyn,Kings County,2025-05-31,1940.4836282710844
93230,Brooklyn,Kings County,2025-06-30,1932.6945877012013
93230,Brooklyn,Kings County,2025-07-31,1948.026893789343
93230,Brooklyn,Kings County,2025-08-31,1928.6825505634515
93230,Brooklyn,Kings County,2025-09-30,1944.1857423100018
93230,Brooklyn,Kings County,2025-10-31,1953.8473577592902
93230,Brooklyn,Kings County,2025-11-30,1975.353988630355
93230,Brooklyn,Kings County,2025-12-31,1992.308579129883
93230,Brooklyn,Kings County,2026-01-31,1977.2070701445532
93230,Brooklyn,Kings County,2026-02-28,1931.4862805675061
93230,Brooklyn,Kings County,2026-03-31,1945.447277472276
93230,Brooklyn,Kings County,2026-04-30,1955.2206893049492
93230,Brooklyn,Kings County,2026-05-31,1985.3991019530533
93230,Brooklyn,Kings County,2026-06-30,1969.7425234425111
93230,Brooklyn,Kings County,2026-07-31,1988.6075036075038
11213,Brooklyn,Kings County,2015-01-31,1974.4587191167348
11213,Brooklyn,Kings County,2015-02-28,1992.3244765526595
11213,Brooklyn,Kings County,2015-04-30,1960.030391904264
11213,Brooklyn,Kings County,2015-05-31,2020.9241188795543
11213,Brooklyn,Kings County,2015-06-30,2059.081386174774
11213,Brooklyn,Kings County,2015-07-31,2084.0292779511797
11213,Brooklyn,Kings County,2015-08-31,2067.786712512452
11213,Brooklyn,Kings County,2015-09-30,2080.8402782923463
11213,Brooklyn,Kings County,2015-10-31,2105.3507794808975
11213,Brooklyn,Kings County,2015-11-30,2105.007941608018
11213,Brooklyn,Kings County,2015-12-31,2057.155167911378
11213,Brooklyn,Kings County,2016-01-31,2059.2719933990993
11213,Brooklyn,Kings County,2016-02-29,2073.766414795417
11213,Brooklyn,Kings County,2016-03-31,2087.6021220909856
11213,Brooklyn,Kings County,2016-04-30,2095.4319662895014
11213,Brooklyn,Kings County,2016-05-31,2112.0690172758477
11213,Brooklyn,Kings County,2016-06-30,2168.0649270280405
11213,Brooklyn,Kings County,2016-07-31,2171.4956900558095
11213,Brooklyn,Kings County,2016-08-31,2190.6971839788075
11213,Brooklyn,Kings County,2016-09-30,2192.058290272075
11213,Brooklyn,Kings County,2016-10-31,2208.5241057357007
11213,Brooklyn,Kings County,2016-11-30,2200.6731867876188
11213,Brooklyn,Kings County,2016-12-31,2165.8644103681095
11213,Brooklyn,Kings County,2017-01-31,2160.20886833904
11213,Brooklyn,Kings County,2017-02-28,2154.5510057600986
11213,Brooklyn,Kings County,2017-03-31,2176.5942866429295
11213,Brooklyn,Kings County,2017-04-30,2187.8503269529247
11213,Brooklyn,Kings County,2017-05-31,2206.5703659751944
11213,Brooklyn,Kings County,2017-06-30,2220.0033863181266
11213,Brooklyn,Kings County,2017-07-31,2227.1486738518724
11213,Brooklyn,Kings County,2017-08-31,2233.609157322092
11213,Brooklyn,Kings County,2017-09-30,2248.4079246268543
11213,Brooklyn,Kings County,2017-10-31,2246.0003620781745
11213,Brooklyn,Kings County,2017-11-30,2236.1516639592205
11213,Brooklyn,Kings County,2017-12-31,2235.1504816404286
11213,Brooklyn,Kings County,2018-01-31,2213.5190664179154
11213,Brooklyn,Kings County,2018-02-28,2230.9027243346504
11213,Brooklyn,Kings County,2018-03-31,2242.342038536251
11213,Brooklyn,Kings County,2018-04-30,2284.770537595481
11213,Brooklyn,Kings County,2018-05-31,2290.297315432112
11213,Brooklyn,Kings County,2018-06-30,2294.7172157271802
11213,Brooklyn,Kings County,2018-07-31,2291.701535560685
11213,Brooklyn,Kings County,2018-08-31,2305.705167958344
11213,Brooklyn,Kings County,2018-09-30,2332.0495852921827
11213,Brooklyn,Kings County,2018-10-31,2324.8612766299334
11213,Brooklyn,Kings County,2018-11-30,2321.2485124575337
11213,Brooklyn,Kings County,2018-12-31,2292.1626893927623
11213,Brooklyn,Kings County,2019-01-31,2295.98940204333
11213,Brooklyn,Kings County,2019-02-28,2268.052541276916
11213,Brooklyn,Kings County,2019-03-31,2292.984613217449
11213,Brooklyn,Kings County,2019-04-30,2302.977217934645
11213,Brooklyn,Kings County,2019-05-31,2330.1418931359162
11213,Brooklyn,Kings County,2019-06-30,2340.199874203338
11213,Brooklyn,Kings County,2019-07-31,2374.2459773327764
11213,Brooklyn,Kings County,2019-08-31,2412.136572212432
11213,Brooklyn,Kings County,2019-09-30,2415.6686383070514
11213,Brooklyn,Kings County,2019-10-31,2408.2976210546203
11213,Brooklyn,Kings County,2019-11-30,2402.1518709124716
11213,Brooklyn,Kings County,2019-12-31,2404.3678596530476
11213,Brooklyn,Kings County,2020-01-31,2429.844718386525
11213,Brooklyn,Kings County,2020-02-29,2416.052724642827
11213,Brooklyn,Kings County,2020-03-31,2412.968547511579
11213,Brooklyn,Kings County,2020-04-30,2383.6532094896597
11213,Brooklyn,Kings County,2020-05-31,2396.4907603535526
11213,Brooklyn,Kings County,2020-06-30,2362.1513473358796
11213,Brooklyn,Kings County,2020-07-31,2347.9698381583794
11213,Brooklyn,Kings County,2020-08-31,2314.1487897234947
11213,Brooklyn,Kings County,2020-09-30,2296.052496656163
11213,Brooklyn,Kings County,2020-10-31,2257.3835944124635
11213,Brooklyn,Kings County,2020-11-30,2216.6659794461034
11213,Brooklyn,Kings County,2020-12-31,2194.0519418272693
11213,Brooklyn,Kings County,2021-01-31,2184.395530739717
11213,Brooklyn,Kings County,2021-02-28,2183.5089110798763
11213,Brooklyn,Kings County,2021-03-31,2180.826435045747
11213,Brooklyn,Kings County,2021-04-30,2203.0982936076525
11213,Brooklyn,Kings County,2021-05-31,2238.292010051277
11213,Brooklyn,Kings County,2021-06-30,2278.5768053812526
11213,Brooklyn,Kings County,2021-07-31,2306.0570034014136
11213,Brooklyn,Kings County,2021-08-31,2339.9118588935735
11213,Brooklyn,Kings County,2021-09-30,2377.2937030513785
11213,Brooklyn,Kings County,2021-10-31,2403.233751697838
11213,Brooklyn,Kings County,2021-11-30,2427.8839880871164
11213,Brooklyn,Kings County,2021-12-31,2443.9515229459917
11213,Brooklyn,Kings County,2022-01-31,2444.674539725164
11213,Brooklyn,Kings County,2022-02-28,2442.9604759975837
11213,Brooklyn,Kings County,2022-03-31,2485.5857351446293
11213,Brooklyn,Kings County,2022-04-30,2532.266712866266
11213,Brooklyn,Kings County,2022-05-31,2610.350355919199
11213,Brooklyn,Kings County,2022-06-30,2664.004270997344
11213,Brooklyn,Kings County,2022-07-31,2714.3637446927355
11213,Brooklyn,Kings County,2022-08-31,2758.0368905326513
11213,Brooklyn,Kings County,2022-09-30,2769.161739384253
11213,Brooklyn,Kings County,2022-10-31,2770.098224694617
11213,Brooklyn,Kings County,2022-11-30,2705.5672998523696
11213,Brooklyn,Kings County,2022-12-31,2652.490250771605
11213,Brooklyn,Kings County,2023-01-31,2680.099841160709
11213,Brooklyn,Kings County,2023-02-28,2704.7939140721874
11213,Brooklyn,Kings County,2023-03-31,2705.0094910406688
11213,Brooklyn,Kings County,2023-04-30,2701.1371913693542
11213,Brooklyn,Kings County,2023-05-31,2752.9927651858884
11213,Brooklyn,Kings County,2023-06-30,2834.6089230841626
11213,Brooklyn,Kings County,2023-07-31,2838.6267536144587
11213,Brooklyn,Kings County,2023-08-31,2837.417578035055
11213,Brooklyn,Kings County,2023-09-30,2831.116257890095
11213,Brooklyn,Kings County,2023-10-31,2819.448386231971
11213,Brooklyn,Kings County,2023-11-30,2786.2634181851104
11213,Brooklyn,Kings County,2023-12-31,2787.8670630064294
11213,Brooklyn,Kings County,2024-01-31,2795.6105834497216
11213,Brooklyn,Kings County,2024-02-29,2811.737677474377
11213,Brooklyn,Kings County,2024-03-31,2818.9961722899548
11213,Brooklyn,Kings County,2024-04-30,2860.931189594163
11213,Brooklyn,Kings County,2024-05-31,2909.562210259706
11213,Brooklyn,Kings County,2024-06-30,2946.9261512702415
11213,Brooklyn,Kings County,2024-07-31,2948.655150493924
11213,Brooklyn,Kings County,2024-08-31,2936.126793479503
11213,Brooklyn,Kings County,2024-09-30,2925.8470468960936
11213,Brooklyn,Kings County,2024-10-31,2908.783552187643
11213,Brooklyn,Kings County,2024-11-30,2902.1483331694453
11213,Brooklyn,Kings County,2024-12-31,2860.6678777934267
11213,Brooklyn,Kings County,2025-01-31,2868.399527876201
11213,Brooklyn,Kings County,2025-02-28,2874.8249767456346
11213,Brooklyn,Kings County,2025-03-31,2946.2226732125173
11213,Brooklyn,Kings County,2025-04-30,2987.2781368409615
11213,Brooklyn,Kings County,2025-05-31,3017.458771486326
11213,Brooklyn,Kings County,2025-06-30,3026.1816657211198
11213,Brooklyn,Kings County,2025-07-31,3043.2708755358826
11213,Brooklyn,Kings County,2025-08-31,3069.736770143398
11213,Brooklyn,Kings County,2025-09-30,3041.8337175623483
11213,Brooklyn,Kings County,2025-10-31,3013.5877107587003
11213,Brooklyn,Kings County,2025-11-30,2961.8943293672346
11213,Brooklyn,Kings County,2025-12-31,3005.5594153362536
11213,Brooklyn,Kings County,2026-01-31,3028.149460234347
11213,Brooklyn,Kings County,2026-02-28,3119.357492167917
11213,Brooklyn,Kings County,2026-03-31,3117.7046202471874
11213,Brooklyn,Kings County,2026-04-30,3161.2801496328693
11213,Brooklyn,Kings County,2026-05-31,3129.7523690966536
11213,Brooklyn,Kings County,2026-06-30,3157.4043196685216
11213,Brooklyn,Kings County,2026-07-31,3159.6387061548353
11201,Brooklyn,Kings County,2015-01-31,2942.6475701421246
11201,Brooklyn,Kings County,2015-02-28,2954.3042156719803
11201,Brooklyn,Kings County,2015-03-31,2981.9705663716995
11201,Brooklyn,Kings County,2015-04-30,2989.3162553924344
11201,Brooklyn,Kings County,2015-05-31,2995.2277343025075
11201,Brooklyn,Kings County,2015-06-30,3006.293439575822
11201,Brooklyn,Kings County,2015-07-31,3021.503762887618
11201,Brooklyn,Kings County,2015-08-31,3041.471810966302
11201,Brooklyn,Kings County,2015-09-30,3056.1859344339214
11201,Brooklyn,Kings County,2015-10-31,3084.0808183082695
11201,Brooklyn,Kings County,2015-11-30,3053.5690980756335
11201,Brooklyn,Kings County,2015-12-31,3007.894014658959
11201,Brooklyn,Kings County,2016-01-31,2979.7244960144144
11201,Brooklyn,Kings County,2016-02-29,2974.203766216403
11201,Brooklyn,Kings County,2016-03-31,3033.2114653008252
11201,Brooklyn,Kings County,2016-04-30,3046.086148447688
11201,Brooklyn,Kings County,2016-05-31,3093.389747203844
11201,Brooklyn,Kings County,2016-06-30,3083.2264028235063
11201,Brooklyn,Kings County,2016-07-31,3101.348846815263
11201,Brooklyn,Kings County,2016-08-31,3099.3561947521785
11201,Brooklyn,Kings County,2016-09-30,3090.4834927601873
11201,Brooklyn,Kings County,2016-10-31,3088.457376631124
11201,Brooklyn,Kings County,2016-11-30,3075.5149355482317
11201,Brooklyn,Kings County,2016-12-31,3045.5019317700376
11201,Brooklyn,Kings County,2017-01-31,3017.393626181295
11201,Brooklyn,Kings County,2017-02-28,3016.224326079465
11201,Brooklyn,Kings County,2017-03-31,3049.0046858083074
11201,Brooklyn,Kings County,2017-04-30,3069.9194015291628
11201,Brooklyn,Kings County,2017-05-31,3092.4990001745687
11201,Brooklyn,Kings County,2017-06-30,3091.344120017636
11201,Brooklyn,Kings County,2017-07-31,3126.359487351613
11201,Brooklyn,Kings County,2017-08-31,3143.3865145187456
11201,Brooklyn,Kings County,2017-09-30,3130.478075704754
11201,Brooklyn,Kings County,2017-10-31,3095.327768558066
11201,Brooklyn,Kings County,2017-11-30,3049.73478770155
11201,Brooklyn,Kings County,2017-12-31,3021.603006541583
11201,Brooklyn,Kings County,2018-01-31,3014.4691660664193
11201,Brooklyn,Kings County,2018-02-28,3032.91156555604
11201,Brooklyn,Kings County,2018-03-31,3089.187440840366
11201,Brooklyn,Kings County,2018-04-30,3120.9797503335662
11201,Brooklyn,Kings County,2018-05-31,3149.099085728385
11201,Brooklyn,Kings County,2018-06-30,3179.5176269165395
11201,Brooklyn,Kings County,2018-07-31,3207.0792968341975
11201,Brooklyn,Kings County,2018-08-31,3231.6929821098224
11201,Brooklyn,Kings County,2018-09-30,3222.627014053844
11201,Brooklyn,Kings County,2018-10-31,3217.796596577425
11201,Brooklyn,Kings County,2018-11-30,3203.6779343276703
11201,Brooklyn,Kings County,2018-12-31,3193.1334786329608
11201,Brooklyn,Kings County,2019-01-31,3191.458128210595
11201,Brooklyn,Kings County,2019-02-28,3213.1427939253963
11201,Brooklyn,Kings County,2019-03-31,3233.316423423868
11201,Brooklyn,Kings County,2019-04-30,3257.5008944857436
11201,Brooklyn,Kings County,2019-05-31,3273.227145167126
11201,Brooklyn,Kings County,2019-06-30,3296.4927452777897
11201,Brooklyn,Kings County,2019-07-31,3341.791420306389
11201,Brooklyn,Kings County,2019-08-31,3358.9336042467758
11201,Brooklyn,Kings County,2019-09-30,3375.8195446508535
11201,Brooklyn,Kings County,2019-10-31,3351.7379834651865
11201,Brooklyn,Kings County,2019-11-30,3331.6562250689203
11201,Brooklyn,Kings County,2019-12-31,3319.7626988494867
11201,Brooklyn,Kings County,2020-01-31,3327.153766236942
11201,Brooklyn,Kings County,2020-02-29,3364.4255172053217
11201,Brooklyn,Kings County,2020-03-31,3392.020150093036
11201,Brooklyn,Kings County,2020-04-30,3388.7029202290705
11201,Brooklyn,Kings County,2020-05-31,3336.319523804403
11201,Brooklyn,Kings County,2020-06-30,3285.756445536513
11201,Brooklyn,Kings County,2020-07-31,3222.411122728383
11201,Brooklyn,Kings County,2020-08-31,3159.0018959090903
11201,Brooklyn,Kings County,2020-09-30,3079.117473174324
11201,Brooklyn,Kings County,2020-10-31,3014.3783433519643
11201,Brooklyn,Kings County,2020-11-30,2972.7383094644724
11201,Brooklyn,Kings County,2020-12-31,2976.4050557369055
11201,Brooklyn,Kings County,2021-01-31,3010.258776486398
11201,Brooklyn,Kings County,2021-02-28,3064.666789375694
11201,Brooklyn,Kings County,2021-03-31,3113.6655756705586
11201,Brooklyn,Kings County,2021-04-30,3174.72631908011
11201,Brooklyn,Kings County,2021-05-31,3248.208920986534
11201,Brooklyn,Kings County,2021-06-30,3336.9194239906583
11201,Brooklyn,Kings County,2021-07-31,3415.8842301725867
11201,Brooklyn,Kings County,2021-08-31,3491.414711791075
11201,Brooklyn,Kings County,2021-09-30,3518.7241212462404
11201,Brooklyn,Kings County,2021-10-31,3557.033035023594
11201,Brooklyn,Kings County,2021-11-30,3585.375090979165
11201,Brooklyn,Kings County,2021-12-31,3654.663369759227
11201,Brooklyn,Kings County,2022-01-31,3690.4097632927314
11201,Brooklyn,Kings County,2022-02-28,3737.949349560577
11201,Brooklyn,Kings County,2022-03-31,3752.780247840515
11201,Brooklyn,Kings County,2022-04-30,3791.884832356917
11201,Brooklyn,Kings County,2022-05-31,3852.5152667310394
11201,Brooklyn,Kings County,2022-06-30,3915.0901921269683
11201,Brooklyn,Kings County,2022-07-31,3967.6330526707948
11201,Brooklyn,Kings County,2022-08-31,3993.6237910840987
11201,Brooklyn,Kings County,2022-09-30,4005.0796948977777
11201,Brooklyn,Kings County,2022-10-31,3994.9547165284457
11201,Brooklyn,Kings County,2022-11-30,3946.554628461748
11201,Brooklyn,Kings County,2022-12-31,3945.1437192430676
11201,Brooklyn,Kings County,2023-01-31,3955.3166285936377
11201,Brooklyn,Kings County,2023-02-28,4010.384748605194
11201,Brooklyn,Kings County,2023-03-31,4046.9091650333376
11201,Brooklyn,Kings County,2023-04-30,4068.759669914133
11201,Brooklyn,Kings County,2023-05-31,4092.986684605893
11201,Brooklyn,Kings County,2023-06-30,4096.337820801014
11201,Brooklyn,Kings County,2023-07-31,4152.47351408169
11201,Brooklyn,Kings County,2023-08-31,4172.30765652135
11201,Brooklyn,Kings County,2023-09-30,4190.516511683
11201,Brooklyn,Kings County,2023-10-31,4158.341104005472
11201,Brooklyn,Kings County,2023-11-30,4119.828432771066
11201,Brooklyn,Kings County,2023-12-31,4105.5151233762535
11201,Brooklyn,Kings County,2024-01-31,4098.734364525812
11201,Brooklyn,Kings County,2024-02-29,4125.271108949364
11201,Brooklyn,Kings County,2024-03-31,4158.1287513360885
11201,Brooklyn,Kings County,2024-04-30,4198.975850503805
11201,Brooklyn,Kings County,2024-05-31,4234.549356234356
11201,Brooklyn,Kings County,2024-06-30,4253.462592652566
11201,Brooklyn,Kings County,2024-07-31,4287.4955858632065
11201,Brooklyn,Kings County,2024-08-31,4293.2267044768905
11201,Brooklyn,Kings County,2024-09-30,4309.272858649076
11201,Brooklyn,Kings County,2024-10-31,4287.957233544035
11201,Brooklyn,Kings County,2024-11-30,4259.5184024372
11201,Brooklyn,Kings County,2024-12-31,4255.855856058549
11201,Brooklyn,Kings County,2025-01-31,4273.064053757085
11201,Brooklyn,Kings County,2025-02-28,4325.087057650726
11201,Brooklyn,Kings County,2025-03-31,4348.828366483069
11201,Brooklyn,Kings County,2025-04-30,4371.345134111002
11201,Brooklyn,Kings County,2025-05-31,4408.489360945614
11201,Brooklyn,Kings County,2025-06-30,4465.645754859422
11201,Brooklyn,Kings County,2025-07-31,4494.481331253001
11201,Brooklyn,Kings County,2025-08-31,4510.67659841942
11201,Brooklyn,Kings County,2025-09-30,4478.966585307695
11201,Brooklyn,Kings County,2025-10-31,4449.714528004065
11201,Brooklyn,Kings County,2025-11-30,4408.358970890063
11201,Brooklyn,Kings County,2025-12-31,4365.695949118145
11201,Brooklyn,Kings County,2026-01-31,4401.9870231504965
11201,Brooklyn,Kings County,2026-02-28,4452.804516829893
11201,Brooklyn,Kings County,2026-03-31,4557.477967098193
11201,Brooklyn,Kings County,2026-04-30,4618.061771462035
11201,Brooklyn,Kings County,2026-05-31,4652.912053918027
11201,Brooklyn,Kings County,2026-06-30,4663.262278074508
11201,Brooklyn,Kings County,2026-07-31,4658.141358572415
11210,Brooklyn,Kings County,2017-12-31,2100.248766346347
11210,Brooklyn,Kings County,2018-01-31,2092.9814501446035
11210,Brooklyn,Kings County,2018-02-28,2100.5879259595317
11210,Brooklyn,Kings County,2018-03-31,2106.54649678433
11210,Brooklyn,Kings County,2018-04-30,2094.438308391677
11210,Brooklyn,Kings County,2018-05-31,2075.1702902845695
11210,Brooklyn,Kings County,2018-06-30,2083.7214218313306
11210,Brooklyn,Kings County,2018-07-31,2109.000031409557
11210,Brooklyn,Kings County,2018-08-31,2156.960646780672
11210,Brooklyn,Kings County,2018-09-30,2188.2821718036716
11210,Brooklyn,Kings County,2018-10-31,2190.133719183168
11210,Brooklyn,Kings County,2018-11-30,2168.186497147615
11210,Brooklyn,Kings County,2018-12-31,2121.4064629416785
11210,Brooklyn,Kings County,2019-01-31,2131.083187572919
11210,Brooklyn,Kings County,2019-02-28,2118.5573460386013
11210,Brooklyn,Kings County,2019-03-31,2151.762205168048
11210,Brooklyn,Kings County,2019-04-30,2181.8956830185625
11210,Brooklyn,Kings County,2019-05-31,2226.674742068963
11210,Brooklyn,Kings County,2019-06-30,2272.664388488835
11210,Brooklyn,Kings County,2019-07-31,2255.023717669546
11210,Brooklyn,Kings County,2019-08-31,2264.3251900486907
11210,Brooklyn,Kings County,2019-09-30,2222.504692258684
11210,Brooklyn,Kings County,2019-10-31,2277.7063179620222
11210,Brooklyn,Kings County,2019-11-30,2273.6959932193226
11210,Brooklyn,Kings County,2019-12-31,2239.143557163414
11210,Brooklyn,Kings County,2020-01-31,2227.2226779727166
11210,Brooklyn,Kings County,2020-02-29,2258.0263464055142
11210,Brooklyn,Kings County,2020-03-31,2357.5444145231186
11210,Brooklyn,Kings County,2020-04-30,2297.317462495309
11210,Brooklyn,Kings County,2020-05-31,2265.7951826970807
11210,Brooklyn,Kings County,2020-06-30,2225.0315243484642
11210,Brooklyn,Kings County,2020-07-31,2239.128768665759
11210,Brooklyn,Kings County,2020-08-31,2217.5377278987694
11210,Brooklyn,Kings County,2020-09-30,2197.721546099203
11210,Brooklyn,Kings County,2020-10-31,2177.9720268196934
11210,Brooklyn,Kings County,2020-11-30,2136.562735030135
11210,Brooklyn,Kings County,2020-12-31,2099.4199822775304
11210,Brooklyn,Kings County,2021-01-31,2087.7532837542412
11210,Brooklyn,Kings County,2021-02-28,2073.302446148901
11210,Brooklyn,Kings County,2021-03-31,2053.5877326243153
11210,Brooklyn,Kings County,2021-04-30,2071.9618653154753
11210,Brooklyn,Kings County,2021-05-31,2152.746967083923
11210,Brooklyn,Kings County,2021-06-30,2220.461795147137
11210,Brooklyn,Kings County,2021-07-31,2229.788346814248
11210,Brooklyn,Kings County,2021-08-31,2227.622584585231
11210,Brooklyn,Kings County,2021-09-30,2228.535134050721
11210,Brooklyn,Kings County,2021-10-31,2248.4873978279925
11210,Brooklyn,Kings County,2021-11-30,2302.216036593876
11210,Brooklyn,Kings County,2021-12-31,2331.408664997223
11210,Brooklyn,Kings County,2022-01-31,2395.1120052812917
11210,Brooklyn,Kings County,2022-02-28,2401.5809578343597
11210,Brooklyn,Kings County,2022-03-31,2451.580382787761
11210,Brooklyn,Kings County,2022-04-30,2435.3702615084553
11210,Brooklyn,Kings County,2022-05-31,2460.2858409992923
11210,Brooklyn,Kings County,2022-06-30,2474.412891539801
11210,Brooklyn,Kings County,2022-07-31,2529.6388590727593
11210,Brooklyn,Kings County,2022-08-31,2541.120444803321
11210,Brooklyn,Kings County,2022-09-30,2529.681124314974
11210,Brooklyn,Kings County,2022-10-31,2510.035769452737
11210,Brooklyn,Kings County,2022-11-30,2510.9778629004313
11210,Brooklyn,Kings County,2022-12-31,2544.487696472217
11210,Brooklyn,Kings County,2023-01-31,2579.9817409548677
11210,Brooklyn,Kings County,2023-02-28,2569.310330220432
11210,Brooklyn,Kings County,2023-03-31,2579.4089706887216
11210,Brooklyn,Kings County,2023-04-30,2592.075679464907
11210,Brooklyn,Kings County,2023-05-31,2657.5696203990005
11210,Brooklyn,Kings County,2023-06-30,2680.1235532059195
11210,Brooklyn,Kings County,2023-07-31,2670.899312661794
11210,Brooklyn,Kings County,2023-08-31,2646.9791862561606
11210,Brooklyn,Kings County,2023-09-30,2658.1821554681496
11210,Brooklyn,Kings County,2023-10-31,2680.1923425821396
11210,Brooklyn,Kings County,2023-11-30,2638.483253012859
11210,Brooklyn,Kings County,2023-12-31,2635.8946197369646
11210,Brooklyn,Kings County,2024-01-31,2623.9006414138994
11210,Brooklyn,Kings County,2024-02-29,2668.5490743299447
11210,Brooklyn,Kings County,2024-03-31,2669.4163095778686
11210,Brooklyn,Kings County,2024-04-30,2687.4952822345817
11210,Brooklyn,Kings County,2024-05-31,2673.0857952148654
11210,Brooklyn,Kings County,2024-06-30,2672.1323337142117
11210,Brooklyn,Kings County,2024-07-31,2694.9533676780843
11210,Brooklyn,Kings County,2024-08-31,2724.7727818748212
11210,Brooklyn,Kings County,2024-09-30,2726.53324913402
11210,Brooklyn,Kings County,2024-10-31,2709.5647916917173
11210,Brooklyn,Kings County,2024-11-30,2713.735919879941
11210,Brooklyn,Kings County,2024-12-31,2710.808424166211
11210,Brooklyn,Kings County,2025-01-31,2645.231752797944
11210,Brooklyn,Kings County,2025-02-28,2634.1015874427926
11210,Brooklyn,Kings County,2025-03-31,2688.160408411269
11210,Brooklyn,Kings County,2025-04-30,2748.2207365535833
11210,Brooklyn,Kings County,2025-05-31,2770.299834663644
11210,Brooklyn,Kings County,2025-06-30,2752.3430172298235
11210,Brooklyn,Kings County,2025-07-31,2766.3694481240686
11210,Brooklyn,Kings County,2025-08-31,2770.2619098560767
11210,Brooklyn,Kings County,2025-09-30,2766.488106550138
11210,Brooklyn,Kings County,2025-10-31,2748.8855550277
11210,Brooklyn,Kings County,2025-11-30,2740.5572015712546
11210,Brooklyn,Kings County,2025-12-31,2729.5552390245057
11210,Brooklyn,Kings County,2026-01-31,2745.4278731508152
11210,Brooklyn,Kings County,2026-02-28,2718.4838199593014
11210,Brooklyn,Kings County,2026-03-31,2729.7059398079814
11210,Brooklyn,Kings County,2026-04-30,2702.971096278792
11210,Brooklyn,Kings County,2026-05-31,2782.9905592117825
11210,Brooklyn,Kings County,2026-06-30,2816.66509359705
11210,Brooklyn,Kings County,2026-07-31,2913.778195488722
11372,Queens,Queens County,2021-02-28,1938.849768673824
11372,Queens,Queens County,2021-03-31,1972.6270469609235
11372,Queens,Queens County,2021-04-30,2023.2984053679459
11372,Queens,Queens County,2021-05-31,2060.6236230145446
11372,Queens,Queens County,2021-06-30,2071.1073770062058
11372,Queens,Queens County,2021-07-31,2114.3955083758515
11372,Queens,Queens County,2021-08-31,2116.77931982373
11372,Queens,Queens County,2021-09-30,2101.3915612054143
11372,Queens,Queens County,2021-10-31,2128.9048826667668
11372,Queens,Queens County,2021-12-31,2202.9318499467977
11372,Queens,Queens County,2022-01-31,2183.4854063418907
11372,Queens,Queens County,2022-02-28,2162.5726830131593
11372,Queens,Queens County,2022-03-31,2158.847430289473
11372,Queens,Queens County,2022-04-30,2167.9383744650913
11372,Queens,Queens County,2022-05-31,2195.169552495387
11372,Queens,Queens County,2022-06-30,2248.72886472863
11372,Queens,Queens County,2022-07-31,2294.0367671230097
11372,Queens,Queens County,2022-08-31,2337.48353293075
11372,Queens,Queens County,2022-09-30,2322.2853492372897
11372,Queens,Queens County,2022-10-31,2287.458209075463
11372,Queens,Queens County,2022-11-30,2255.4146534914885
11372,Queens,Queens County,2022-12-31,2267.927138809252
11372,Queens,Queens County,2023-01-31,2256.6899885891453
11372,Queens,Queens County,2023-02-28,2271.3853623328177
11372,Queens,Queens County,2023-03-31,2293.021757172173
11372,Queens,Queens County,2023-04-30,2342.6517964316
11372,Queens,Queens County,2023-05-31,2357.705130206172
11372,Queens,Queens County,2023-06-30,2355.008336789311
11372,Queens,Queens County,2023-07-31,2389.650455887723
11372,Queens,Queens County,2023-08-31,2391.847652959
11372,Queens,Queens County,2023-09-30,2426.9438283835875
11372,Queens,Queens County,2023-10-31,2428.037843416686
11372,Queens,Queens County,2023-11-30,2442.308266544644
11372,Queens,Queens County,2023-12-31,2389.7591625970126
11372,Queens,Queens County,2024-01-31,2340.457573998169
11372,Queens,Queens County,2024-02-29,2356.994776679832
11372,Queens,Queens County,2024-03-31,2396.9191698194218
11372,Queens,Queens County,2024-04-30,2411.400598021324
11372,Queens,Queens County,2024-05-31,2397.3893435454324
11372,Queens,Queens County,2024-06-30,2446.520557273407
11372,Queens,Queens County,2024-07-31,2474.318452029338
11372,Queens,Queens County,2024-08-31,2456.851386336282
11372,Queens,Queens County,2024-09-30,2427.5553160309964
11372,Queens,Queens County,2024-10-31,2415.5975010112447
11372,Queens,Queens County,2024-11-30,2425.679163193029
11372,Queens,Queens County,2024-12-31,2480.7314525217394
11372,Queens,Queens County,2025-01-31,2540.6794307166483
11372,Queens,Queens County,2025-02-28,2591.937709670528
11372,Queens,Queens County,2025-03-31,2571.070862745263
11372,Queens,Queens County,2025-04-30,2539.610687881067
11372,Queens,Queens County,2025-05-31,2556.6202202908967
11372,Queens,Queens County,2025-06-30,2586.260682469216
11372,Queens,Queens County,2025-07-31,2661.774877229677
11372,Queens,Queens County,2025-08-31,2656.8702843121428
11372,Queens,Queens County,2025-09-30,2620.8001941907046
11372,Queens,Queens County,2025-10-31,2535.4452368386997
11372,Queens,Queens County,2025-11-30,2518.3384443952964
11372,Queens,Queens County,2025-12-31,2549.521518159373
11372,Queens,Queens County,2026-01-31,2588.4276745218203
11372,Queens,Queens County,2026-02-28,2594.973192053708
11372,Queens,Queens County,2026-03-31,2555.860172333177
11372,Queens,Queens County,2026-04-30,2583.521005380893
11372,Queens,Queens County,2026-05-31,2621.4483991993056
11372,Queens,Queens County,2026-06-30,2674.780058302803
11372,Queens,Queens County,2026-07-31,2682.6666666666665
11432,Queens,Queens County,2016-12-31,1671.455326039138
11432,Queens,Queens County,2017-01-31,1687.9223732155874
11432,Queens,Queens County,2017-02-28,1686.6252123418674
11432,Queens,Queens County,2017-03-31,1682.0266274996102
11432,Queens,Queens County,2017-04-30,1727.5537382930454
11432,Queens,Queens County,2017-05-31,1740.0904751749529
11432,Queens,Queens County,2017-06-30,1771.080874520402
11432,Queens,Queens County,2017-07-31,1715.278163822397
11432,Queens,Queens County,2017-08-31,1677.0725862177746
11432,Queens,Queens County,2017-09-30,1682.9309053027714
11432,Queens,Queens County,2017-10-31,1716.3190527926984
11432,Queens,Queens County,2017-11-30,1783.8347417587156
11432,Queens,Queens County,2017-12-31,1812.9827880868172
11432,Queens,Queens County,2018-01-31,1831.5177693352293
11432,Queens,Queens County,2018-02-28,1815.6542972536276
11432,Queens,Queens County,2018-03-31,1777.898609743057
11432,Queens,Queens County,2018-04-30,1773.0569049765375
11432,Queens,Queens County,2018-05-31,1822.0685825844182
11432,Queens,Queens County,2018-06-30,1843.8016521769293
11432,Queens,Queens County,2018-07-31,1836.211378904678
11432,Queens,Queens County,2018-08-31,1787.442147446882
11432,Queens,Queens County,2018-09-30,1812.158505641484
11432,Queens,Queens County,2018-10-31,1876.6065503230482
11432,Queens,Queens County,2018-11-30,1904.184235774583
11432,Queens,Queens County,2018-12-31,1914.043767639666
11432,Queens,Queens County,2019-01-31,1957.7271781695165
11432,Queens,Queens County,2019-02-28,1992.7191263087002
11432,Queens,Queens County,2019-03-31,1977.0032732744025
11432,Queens,Queens County,2019-04-30,1889.1656804018219
11432,Queens,Queens County,2019-05-31,1907.724617973398
11432,Queens,Queens County,2019-06-30,1942.205271014456
11432,Queens,Queens County,2019-07-31,1959.4984633797849
11432,Queens,Queens County,2019-08-31,1979.5077366340545
11432,Queens,Queens County,2019-09-30,1946.7443186715557
11432,Queens,Queens County,2019-10-31,1956.6946527959583
11432,Queens,Queens County,2019-11-30,1927.8358081735453
11432,Queens,Queens County,2019-12-31,1940.8462345922683
11432,Queens,Queens County,2020-01-31,1968.4069383212757
11432,Queens,Queens County,2020-02-29,1995.4897351842171
11432,Queens,Queens County,2020-03-31,2015.1164030198026
11432,Queens,Queens County,2020-04-30,1972.1474875528247
11432,Queens,Queens County,2020-05-31,1944.5262443413621
11432,Queens,Queens County,2020-06-30,1907.1319280485377
11432,Queens,Queens County,2020-07-31,1907.1935901503216
11432,Queens,Queens County,2020-08-31,1912.7188146820465
11432,Queens,Queens County,2020-09-30,1918.0922738314823
11432,Queens,Queens County,2020-10-31,1930.7574911866282
11432,Queens,Queens County,2020-11-30,1942.157988241911
11432,Queens,Queens County,2020-12-31,1979.249485065447
11432,Queens,Queens County,2021-01-31,2029.680434900158
11432,Queens,Queens County,2021-02-28,2020.7932017743044
11432,Queens,Queens County,2021-03-31,2043.6169221462972
11432,Queens,Queens County,2021-04-30,2066.279681304234
11432,Queens,Queens County,2021-06-30,2084.0233489153966
11432,Queens,Queens County,2021-07-31,2075.554187364958
11432,Queens,Queens County,2021-08-31,2124.393925525193
11432,Queens,Queens County,2021-09-30,2099.2646946154587
11432,Queens,Queens County,2021-10-31,2032.7942461248592
11432,Queens,Queens County,2021-11-30,2011.7315553090973
11432,Queens,Queens County,2021-12-31,1999.0966459761598
11432,Queens,Queens County,2022-01-31,2038.1243496245972
11432,Queens,Queens County,2022-02-28,2066.5726771224686
11432,Queens,Queens County,2022-03-31,2080.181094843539
11432,Queens,Queens County,2022-04-30,2136.747711207719
11432,Queens,Queens County,2022-05-31,2161.4290930646184
11432,Queens,Queens County,2022-06-30,2206.8176619034757
11432,Queens,Queens County,2022-07-31,2174.6375645792423
11432,Queens,Queens County,2022-08-31,2169.3098620356823
11432,Queens,Queens County,2022-09-30,2135.549230344653
11432,Queens,Queens County,2022-10-31,2175.1815660807383
11432,Queens,Queens County,2022-11-30,2197.987462177338
11432,Queens,Queens County,2022-12-31,2285.903640684697
11432,Queens,Queens County,2023-01-31,2286.107745352036
11432,Queens,Queens County,2023-02-28,2263.788148533392
11432,Queens,Queens County,2023-03-31,2271.8575942279863
11432,Queens,Queens County,2023-04-30,2293.019899711069
11432,Queens,Queens County,2023-05-31,2335.7984527626318
11432,Queens,Queens County,2023-06-30,2306.975043372384
11432,Queens,Queens County,2023-07-31,2292.225759576427
11432,Queens,Queens County,2023-08-31,2304.182203156508
11432,Queens,Queens County,2023-09-30,2336.2361874107232
11432,Queens,Queens County,2023-10-31,2330.6319707197454
11432,Queens,Queens County,2023-11-30,2291.644778913888
11432,Queens,Queens County,2023-12-31,2243.6771065272355
11432,Queens,Queens County,2024-01-31,2265.412479996182
11432,Queens,Queens County,2024-02-29,2286.4243590393658
11432,Queens,Queens County,2024-03-31,2326.0613161565607
11432,Queens,Queens County,2024-04-30,2402.5286994027915
11432,Queens,Queens County,2024-05-31,2415.095668449143
11432,Queens,Queens County,2024-06-30,2442.272214323066
11432,Queens,Queens County,2024-07-31,2459.3527544788863
11432,Queens,Queens County,2024-08-31,2473.30027468573
11432,Queens,Queens County,2024-09-30,2529.96396512383
11432,Queens,Queens County,2024-10-31,2445.45129013309
11432,Queens,Queens County,2024-11-30,2425.1906550108242
11432,Queens,Queens County,2024-12-31,2405.2466815504854
11432,Queens,Queens County,2025-01-31,2428.3339007296795
11432,Queens,Queens County,2025-02-28,2521.3220810926637
11432,Queens,Queens County,2025-03-31,2520.3361597693647
11432,Queens,Queens County,2025-04-30,2583.5563496993113
11432,Queens,Queens County,2025-05-31,2535.8628738658067
11432,Queens,Queens County,2025-06-30,2516.813463049368
11432,Queens,Queens County,2025-07-31,2482.0227147543587
11432,Queens,Queens County,2025-08-31,2499.832617751
11432,Queens,Queens County,2025-09-30,2531.207992207652
11432,Queens,Queens County,2025-10-31,2565.3170554552553
11432,Queens,Queens County,2025-11-30,2554.3827723653585
11432,Queens,Queens County,2025-12-31,2504.7305260367025
11432,Queens,Queens County,2026-01-31,2462.389256454208
11432,Queens,Queens County,2026-02-28,2478.581037604636
11432,Queens,Queens County,2026-03-31,2537.278812807707
11432,Queens,Queens County,2026-04-30,2633.277238942483
11432,Queens,Queens County,2026-05-31,2673.6240480600613
11432,Queens,Queens County,2026-06-30,2693.750445104984
11432,Queens,Queens County,2026-07-31,2693.4953703703704
10027,Manhattan,New York County,2015-01-31,2634.6509424099
10027,Manhattan,New York County,2015-02-28,2657.5842052292096
10027,Manhattan,New York County,2015-03-31,2606.130159999116
10027,Manhattan,New York County,2015-04-30,2655.1013309504688
10027,Manhattan,New York County,2015-05-31,2689.671224102832
10027,Manhattan,New York County,2015-06-30,2752.133625823997
10027,Manhattan,New York County,2015-07-31,2753.156126120798
10027,Manhattan,New York County,2015-08-31,2746.4236762446294
10027,Manhattan,New York County,2015-09-30,2769.804902879352
10027,Manhattan,New York County,2015-10-31,2751.857995598027
10027,Manhattan,New York County,2015-11-30,2784.5165043031843
10027,Manhattan,New York County,2015-12-31,2741.1484862945877
10027,Manhattan,New York County,2016-01-31,2773.5401256290797
10027,Manhattan,New York County,2016-02-29,2730.0576908644184
10027,Manhattan,New York County,2016-03-31,2758.5308623611727
10027,Manhattan,New York County,2016-04-30,2746.5157633930685
10027,Manhattan,New York County,2016-05-31,2800.5225906546925
10027,Manhattan,New York County,2016-06-30,2834.82923140718
10027,Manhattan,New York County,2016-07-31,2862.0343225928655
10027,Manhattan,New York County,2016-08-31,2855.053413916746
10027,Manhattan,New York County,2016-09-30,2846.6749562310947
10027,Manhattan,New York County,2016-10-31,2824.9431197748104
10027,Manhattan,New York County,2016-11-30,2792.07154099502
10027,Manhattan,New York County,2016-12-31,2791.509339064204
10027,Manhattan,New York County,2017-01-31,2768.4946543329343
10027,Manhattan,New York County,2017-02-28,2791.3526711593186
10027,Manhattan,New York County,2017-03-31,2792.13023692669
10027,Manhattan,New York County,2017-04-30,2835.7587790747275
10027,Manhattan,New York County,2017-05-31,2862.733557077223
10027,Manhattan,New York County,2017-06-30,2895.047448406284
10027,Manhattan,New York County,2017-07-31,2916.7711090161624
10027,Manhattan,New York County,2017-08-31,2932.534630839325
10027,Manhattan,New York County,2017-09-30,2880.948521506639
10027,Manhattan,New York County,2017-10-31,2816.5562988105694
10027,Manhattan,New York County,2017-11-30,2797.2495825570754
10027,Manhattan,New York County,2017-12-31,2822.295512634485
10027,Manhattan,New York County,2018-01-31,2848.6093191739146
10027,Manhattan,New York County,2018-02-28,2840.099151539241
10027,Manhattan,New York County,2018-03-31,2853.570467405068
10027,Manhattan,New York County,2018-04-30,2904.0130788576357
10027,Manhattan,New York County,2018-05-31,2925.9657015844914
10027,Manhattan,New York County,2018-06-30,2948.5450198569433
10027,Manhattan,New York County,2018-07-31,2956.8529501092053
10027,Manhattan,New York County,2018-08-31,2975.7249597972013
10027,Manhattan,New York County,2018-09-30,2972.8804250775734
10027,Manhattan,New York County,2018-10-31,2902.555533063099
10027,Manhattan,New York County,2018-11-30,2872.2391742629566
10027,Manhattan,New York County,2018-12-31,2851.2226666361043
10027,Manhattan,New York County,2019-01-31,2905.153712023851
10027,Manhattan,New York County,2019-02-28,2920.7496907530863
10027,Manhattan,New York County,2019-03-31,2937.2129456961775
10027,Manhattan,New York County,2019-04-30,2938.414199229421
10027,Manhattan,New York County,2019-05-31,2954.5564300061733
10027,Manhattan,New York County,2019-06-30,2980.0323165851814
10027,Manhattan,New York County,2019-07-31,3004.2764462041155
10027,Manhattan,New York County,2019-08-31,3036.6106508927282
10027,Manhattan,New York County,2019-09-30,3045.0432366869736
10027,Manhattan,New York County,2019-10-31,3051.6350273563835
10027,Manhattan,New York County,2019-11-30,2988.2849514458762
10027,Manhattan,New York County,2019-12-31,2946.354322583989
10027,Manhattan,New York County,2020-01-31,2926.3147402615223
10027,Manhattan,New York County,2020-02-29,2952.8234771611833
10027,Manhattan,New York County,2020-03-31,2988.3181176064268
10027,Manhattan,New York County,2020-04-30,2990.054026513796
10027,Manhattan,New York County,2020-05-31,3016.507579515747
10027,Manhattan,New York County,2020-06-30,2996.18579480462
10027,Manhattan,New York County,2020-07-31,2952.2458033793
10027,Manhattan,New York County,2020-08-31,2849.912695005866
10027,Manhattan,New York County,2020-09-30,2765.657625124341
10027,Manhattan,New York County,2020-10-31,2722.4106679700917
10027,Manhattan,New York County,2020-11-30,2682.259486540204
10027,Manhattan,New York County,2020-12-31,2644.7497927344957
10027,Manhattan,New York County,2021-01-31,2606.0205543977277
10027,Manhattan,New York County,2021-02-28,2610.416565316789
10027,Manhattan,New York County,2021-03-31,2640.5066786376738
10027,Manhattan,New York County,2021-04-30,2677.582936481723
10027,Manhattan,New York County,2021-05-31,2731.824004176001
10027,Manhattan,New York County,2021-06-30,2774.3126761295593
10027,Manhattan,New York County,2021-07-31,2833.1997438483377
10027,Manhattan,New York County,2021-08-31,2876.851519402848
10027,Manhattan,New York County,2021-09-30,2908.015453384474
10027,Manhattan,New York County,2021-10-31,2931.226378982015
10027,Manhattan,New York County,2021-11-30,2942.4886114902565
10027,Manhattan,New York County,2021-12-31,2966.4548068005324
10027,Manhattan,New York County,2022-01-31,2985.9343121722645
10027,Manhattan,New York County,2022-02-28,3010.2498620691977
10027,Manhattan,New York County,2022-03-31,3027.724265776617
10027,Manhattan,New York County,2022-04-30,3081.181240508911
10027,Manhattan,New York County,2022-05-31,3152.618884101825
10027,Manhattan,New York County,2022-06-30,3252.807416949693
10027,Manhattan,New York County,2022-07-31,3321.428214709315
10027,Manhattan,New York County,2022-08-31,3356.1884711522735
10027,Manhattan,New York County,2022-09-30,3338.0315579072244
10027,Manhattan,New York County,2022-10-31,3333.40757596271
10027,Manhattan,New York County,2022-11-30,3377.567450994314
10027,Manhattan,New York County,2022-12-31,3385.832457174488
10027,Manhattan,New York County,2023-01-31,3358.6490638854593
10027,Manhattan,New York County,2023-02-28,3314.0900711390063
10027,Manhattan,New York County,2023-03-31,3331.4072369481664
10027,Manhattan,New York County,2023-04-30,3378.614143780702
10027,Manhattan,New York County,2023-05-31,3415.8687475240854
10027,Manhattan,New York County,2023-06-30,3458.1644155148115
10027,Manhattan,New York County,2023-07-31,3480.8054974358743
10027,Manhattan,New York County,2023-08-31,3488.073875291153
10027,Manhattan,New York County,2023-09-30,3457.1509460261777
10027,Manhattan,New York County,2023-10-31,3378.9239677450164
10027,Manhattan,New York County,2023-11-30,3308.7898073551432
10027,Manhattan,New York County,2023-12-31,3332.551420314121
10027,Manhattan,New York County,2024-01-31,3388.181735012073
10027,Manhattan,New York County,2024-02-29,3443.1495577155943
10027,Manhattan,New York County,2024-03-31,3426.836570031056
10027,Manhattan,New York County,2024-04-30,3481.794442075029
10027,Manhattan,New York County,2024-05-31,3491.6450113346273
10027,Manhattan,New York County,2024-06-30,3557.1243088088663
10027,Manhattan,New York County,2024-07-31,3559.3220695062214
10027,Manhattan,New York County,2024-08-31,3619.8124590684915
10027,Manhattan,New York County,2024-09-30,3572.6592354220247
10027,Manhattan,New York County,2024-10-31,3567.3655166291287
10027,Manhattan,New York County,2024-11-30,3510.0776939265656
10027,Manhattan,New York County,2024-12-31,3508.094147887181
10027,Manhattan,New York County,2025-01-31,3510.1054228331536
10027,Manhattan,New York County,2025-02-28,3553.9866227313532
10027,Manhattan,New York County,2025-03-31,3641.6657811363943
10027,Manhattan,New York County,2025-04-30,3650.929705103185
10027,Manhattan,New York County,2025-05-31,3681.4569922660994
10027,Manhattan,New York County,2025-06-30,3714.6030130407116
10027,Manhattan,New York County,2025-07-31,3787.088832050141
10027,Manhattan,New York County,2025-08-31,3837.411644833143
10027,Manhattan,New York County,2025-09-30,3810.4930167997504
10027,Manhattan,New York County,2025-10-31,3790.900107417469
10027,Manhattan,New York County,2025-11-30,3727.4574534792687
10027,Manhattan,New York County,2025-12-31,3713.824658858347
10027,Manhattan,New York County,2026-01-31,3690.464905627134
10027,Manhattan,New York County,2026-02-28,3699.5692257771652
10027,Manhattan,New York County,2026-03-31,3726.4540727364883
10027,Manhattan,New York County,2026-04-30,3769.079916503114
10027,Manhattan,New York County,2026-05-31,3863.2235185070363
10027,Manhattan,New York County,2026-06-30,3921.554655823653
10027,Manhattan,New York County,2026-07-31,3962.372706797707
10472,Bronx,Bronx County,2026-07-31,3080.5
11211,Brooklyn,Kings County,2015-01-31,3083.8000305838964
11211,Brooklyn,Kings County,2015-02-28,3103.9443912824504
11211,Brooklyn,Kings County,2015-03-31,3102.9306033752678
11211,Brooklyn,Kings County,2015-04-30,3131.570433565238
11211,Brooklyn,Kings County,2015-05-31,3137.786238629306
11211,Brooklyn,Kings County,2015-06-30,3201.3300065080757
11211,Brooklyn,Kings County,2015-07-31,3211.0493935700174
11211,Brooklyn,Kings County,2015-08-31,3236.2938979071405
11211,Brooklyn,Kings County,2015-09-30,3252.226657077412
11211,Brooklyn,Kings County,2015-10-31,3244.1831401589693
11211,Brooklyn,Kings County,2015-11-30,3198.528124235717
11211,Brooklyn,Kings County,2015-12-31,3163.795380351998
11211,Brooklyn,Kings County,2016-01-31,3148.9976967980024
11211,Brooklyn,Kings County,2016-02-29,3172.4427241533026
11211,Brooklyn,Kings County,2016-03-31,3139.2829086035067
11211,Brooklyn,Kings County,2016-04-30,3142.837751559533
11211,Brooklyn,Kings County,2016-05-31,3140.5116226847435
11211,Brooklyn,Kings County,2016-06-30,3168.5960269495977
11211,Brooklyn,Kings County,2016-07-31,3187.5087255513163
11211,Brooklyn,Kings County,2016-08-31,3197.8976031110906
11211,Brooklyn,Kings County,2016-09-30,3214.080682052177
11211,Brooklyn,Kings County,2016-10-31,3229.128230198196
11211,Brooklyn,Kings County,2016-11-30,3242.9339514603644
11211,Brooklyn,Kings County,2016-12-31,3211.543688232866
11211,Brooklyn,Kings County,2017-01-31,3166.1423248791325
11211,Brooklyn,Kings County,2017-02-28,3128.2973635790663
11211,Brooklyn,Kings County,2017-03-31,3133.1550763784426
11211,Brooklyn,Kings County,2017-04-30,3145.7962315571235
11211,Brooklyn,Kings County,2017-05-31,3194.2555172939806
11211,Brooklyn,Kings County,2017-06-30,3224.152292220969
11211,Brooklyn,Kings County,2017-07-31,3260.5396495030386
11211,Brooklyn,Kings County,2017-08-31,3244.235743305759
11211,Brooklyn,Kings County,2017-09-30,3241.650568798289
11211,Brooklyn,Kings County,2017-10-31,3195.6330077037896
11211,Brooklyn,Kings County,2017-11-30,3180.216145389585
11211,Brooklyn,Kings County,2017-12-31,3159.9223423787885
11211,Brooklyn,Kings County,2018-01-31,3156.1486003718
11211,Brooklyn,Kings County,2018-02-28,3150.7764171923354
11211,Brooklyn,Kings County,2018-03-31,3129.302837435414
11211,Brooklyn,Kings County,2018-04-30,3147.656043398233
11211,Brooklyn,Kings County,2018-05-31,3173.4518026768715
11211,Brooklyn,Kings County,2018-06-30,3200.178102026416
11211,Brooklyn,Kings County,2018-07-31,3208.579231287174
11211,Brooklyn,Kings County,2018-08-31,3190.6977583518574
11211,Brooklyn,Kings County,2018-09-30,3180.7240518815306
11211,Brooklyn,Kings County,2018-10-31,3136.756893498644
11211,Brooklyn,Kings County,2018-11-30,3101.3449063285957
11211,Brooklyn,Kings County,2018-12-31,3070.0073661512056
11211,Brooklyn,Kings County,2019-01-31,3085.135589906356
11211,Brooklyn,Kings County,2019-02-28,3138.896702722512
11211,Brooklyn,Kings County,2019-03-31,3205.1911065711965
11211,Brooklyn,Kings County,2019-04-30,3259.5845126629447
11211,Brooklyn,Kings County,2019-05-31,3309.443570329989
11211,Brooklyn,Kings County,2019-06-30,3350.2804799983796
11211,Brooklyn,Kings County,2019-07-31,3396.6576022697363
11211,Brooklyn,Kings County,2019-08-31,3411.587241365947
11211,Brooklyn,Kings County,2019-09-30,3418.3269521949696
11211,Brooklyn,Kings County,2019-10-31,3425.8362857476636
11211,Brooklyn,Kings County,2019-11-30,3451.841496498058
11211,Brooklyn,Kings County,2019-12-31,3453.0932562560088
11211,Brooklyn,Kings County,2020-01-31,3455.8217937042364
11211,Brooklyn,Kings County,2020-02-29,3436.896116270051
11211,Brooklyn,Kings County,2020-03-31,3449.713141921667
11211,Brooklyn,Kings County,2020-04-30,3453.5806115141145
11211,Brooklyn,Kings County,2020-05-31,3404.215568302493
11211,Brooklyn,Kings County,2020-06-30,3364.0046326321353
11211,Brooklyn,Kings County,2020-07-31,3307.7391873410215
11211,Brooklyn,Kings County,2020-08-31,3263.3429815641503
11211,Brooklyn,Kings County,2020-09-30,3188.204489982235
11211,Brooklyn,Kings County,2020-10-31,3103.0160826095494
11211,Brooklyn,Kings County,2020-11-30,3065.943817135898
11211,Brooklyn,Kings County,2020-12-31,3018.474354431215
11211,Brooklyn,Kings County,2021-01-31,3028.1906628054758
11211,Brooklyn,Kings County,2021-02-28,3043.3496101818396
11211,Brooklyn,Kings County,2021-03-31,3120.4314634237
11211,Brooklyn,Kings County,2021-04-30,3182.2874121341288
11211,Brooklyn,Kings County,2021-05-31,3262.2821015171235
11211,Brooklyn,Kings County,2021-06-30,3341.18902393492
11211,Brooklyn,Kings County,2021-07-31,3433.8640869624296
11211,Brooklyn,Kings County,2021-08-31,3533.234237545457
11211,Brooklyn,Kings County,2021-09-30,3631.304679858771
11211,Brooklyn,Kings County,2021-10-31,3676.9685300904184
11211,Brooklyn,Kings County,2021-11-30,3692.7732194703353
11211,Brooklyn,Kings County,2021-12-31,3730.4128717809704
11211,Brooklyn,Kings County,2022-01-31,3785.5249243667104
11211,Brooklyn,Kings County,2022-02-28,3866.7308936589143
11211,Brooklyn,Kings County,2022-03-31,3923.799787349212
11211,Brooklyn,Kings County,2022-04-30,4005.183870726984
11211,Brooklyn,Kings County,2022-05-31,4069.60542839849
11211,Brooklyn,Kings County,2022-06-30,4152.47442368309
11211,Brooklyn,Kings County,2022-07-31,4202.136268092346
11211,Brooklyn,Kings County,2022-08-31,4261.738592546801
11211,Brooklyn,Kings County,2022-09-30,4267.520928273094
11211,Brooklyn,Kings County,2022-10-31,4243.833395936672
11211,Brooklyn,Kings County,2022-11-30,4171.191239772079
11211,Brooklyn,Kings County,2022-12-31,4091.7666636324484
11211,Brooklyn,Kings County,2023-01-31,4081.7817118008793
11211,Brooklyn,Kings County,2023-02-28,4096.370904997878
11211,Brooklyn,Kings County,2023-03-31,4183.276100912528
11211,Brooklyn,Kings County,2023-04-30,4233.1411264951985
11211,Brooklyn,Kings County,2023-05-31,4292.258944533359
11211,Brooklyn,Kings County,2023-06-30,4335.4488975198055
11211,Brooklyn,Kings County,2023-07-31,4391.6324329418385
11211,Brooklyn,Kings County,2023-08-31,4433.975309436647
11211,Brooklyn,Kings County,2023-09-30,4426.127841249957
11211,Brooklyn,Kings County,2023-10-31,4414.3310486943865
11211,Brooklyn,Kings County,2023-11-30,4363.122317139411
11211,Brooklyn,Kings County,2023-12-31,4280.509262950707
11211,Brooklyn,Kings County,2024-01-31,4234.695268365804
11211,Brooklyn,Kings County,2024-02-29,4276.23463926217
11211,Brooklyn,Kings County,2024-03-31,4355.171720456146
11211,Brooklyn,Kings County,2024-04-30,4416.7970549009915
11211,Brooklyn,Kings County,2024-05-31,4447.059895136888
11211,Brooklyn,Kings County,2024-06-30,4496.579143453644
11211,Brooklyn,Kings County,2024-07-31,4542.007550675407
11211,Brooklyn,Kings County,2024-08-31,4545.926560002424
11211,Brooklyn,Kings County,2024-09-30,4566.934800661564
11211,Brooklyn,Kings County,2024-10-31,4510.32610452773
11211,Brooklyn,Kings County,2024-11-30,4508.433125481438
11211,Brooklyn,Kings County,2024-12-31,4432.319851023209
11211,Brooklyn,Kings County,2025-01-31,4463.323286173822
11211,Brooklyn,Kings County,2025-02-28,4500.106679240001
11211,Brooklyn,Kings County,2025-03-31,4576.818467947165
11211,Brooklyn,Kings County,2025-04-30,4633.165173143056
11211,Brooklyn,Kings County,2025-05-31,4690.41474429663
11211,Brooklyn,Kings County,2025-06-30,4738.798582821679
11211,Brooklyn,Kings County,2025-07-31,4780.845786175333
11211,Brooklyn,Kings County,2025-08-31,4812.519685221532
11211,Brooklyn,Kings County,2025-09-30,4813.644164353457
11211,Brooklyn,Kings County,2025-10-31,4760.856728643948
11211,Brooklyn,Kings County,2025-11-30,4697.370582501941
11211,Brooklyn,Kings County,2025-12-31,4624.78650299851
11211,Brooklyn,Kings County,2026-01-31,4652.086477731271
11211,Brooklyn,Kings County,2026-02-28,4693.99875137948
11211,Brooklyn,Kings County,2026-03-31,4847.429709356524
11211,Brooklyn,Kings County,2026-04-30,4911.028537952605
11211,Brooklyn,Kings County,2026-05-31,4980.208790893252
11211,Brooklyn,Kings County,2026-06-30,5012.232508988202
11211,Brooklyn,Kings County,2026-07-31,5050.221778184366
10312,Staten Island,Richmond County,2021-10-31,1437.835809170047
10312,Staten Island,Richmond County,2021-11-30,1455.1688661587855
10312,Staten Island,Richmond County,2021-12-31,1434.5719535785574
10312,Staten Island,Richmond County,2022-01-31,1447.9499515901298
10312,Staten Island,Richmond County,2022-02-28,1484.6862784633786
10312,Staten Island,Richmond County,2022-03-31,1532.0642908734153
10312,Staten Island,Richmond County,2022-04-30,1525.3524650565887
10312,Staten Island,Richmond County,2022-05-31,1511.3517398539386
10312,Staten Island,Richmond County,2022-06-30,1487.4788242987836
10312,Staten Island,Richmond County,2022-07-31,1512.4735750624054
10312,Staten Island,Richmond County,2022-08-31,1528.8202183685767
10312,Staten Island,Richmond County,2022-09-30,1513.908986947956
10312,Staten Island,Richmond County,2022-10-31,1520.6737909391027
10312,Staten Island,Richmond County,2022-11-30,1514.5029541235049
10312,Staten Island,Richmond County,2022-12-31,1572.587261023797
10312,Staten Island,Richmond County,2023-02-28,1658.873179196705
10312,Staten Island,Richmond County,2023-03-31,1652.5530666825896
10312,Staten Island,Richmond County,2023-04-30,1624.4444748501746
10312,Staten Island,Richmond County,2023-05-31,1557.7716753863583
10312,Staten Island,Richmond County,2023-06-30,1575.0007421224452
10312,Staten Island,Richmond County,2023-07-31,1609.096385185181
10312,Staten Island,Richmond County,2023-08-31,1666.0865786892068
10312,Staten Island,Richmond County,2023-09-30,1646.087662126434
10312,Staten Island,Richmond County,2023-10-31,1618.3158344698536
10312,Staten Island,Richmond County,2023-11-30,1648.9842911888668
10312,Staten Island,Richmond County,2023-12-31,1677.6298560572902
10312,Staten Island,Richmond County,2024-01-31,1714.435577060721
10312,Staten Island,Richmond County,2024-02-29,1707.541082614288
10312,Staten Island,Richmond County,2024-03-31,1709.050911549528
10312,Staten Island,Richmond County,2024-04-30,1704.1047800220504
10312,Staten Island,Richmond County,2024-05-31,1758.230955456811
10312,Staten Island,Richmond County,2024-06-30,1762.1737558882255
10312,Staten Island,Richmond County,2024-07-31,1772.1550176641701
10312,Staten Island,Richmond County,2024-08-31,1758.398345427239
10312,Staten Island,Richmond County,2024-09-30,1864.0980526886774
10312,Staten Island,Richmond County,2024-10-31,1864.3267045757311
10312,Staten Island,Richmond County,2024-11-30,1902.169633842586
10312,Staten Island,Richmond County,2024-12-31,1823.1593178565881
10312,Staten Island,Richmond County,2025-01-31,1902.0912506413708
10312,Staten Island,Richmond County,2025-02-28,1844.387169584493
10312,Staten Island,Richmond County,2025-03-31,1977.4221414491014
10312,Staten Island,Richmond County,2025-04-30,1986.589273700328
10312,Staten Island,Richmond County,2025-05-31,2048.4466503272183
10312,Staten Island,Richmond County,2025-06-30,1979.809557431924
10312,Staten Island,Richmond County,2025-07-31,2031.3012855757313
10312,Staten Island,Richmond County,2025-08-31,2083.331310877782
10312,Staten Island,Richmond County,2025-09-30,2040.2354649481822
10312,Staten Island,Richmond County,2025-10-31,2016.3324646554604
10312,Staten Island,Richmond County,2025-11-30,2000.7567021938858
10312,Staten Island,Richmond County,2025-12-31,2185.994637727149
10312,Staten Island,Richmond County,2026-01-31,2237.979145812917
10312,Staten Island,Richmond County,2026-02-28,2223.4002892112494
10312,Staten Island,Richmond County,2026-03-31,2119.7954011958113
10312,Staten Island,Richmond County,2026-04-30,2011.1883285242998
10312,Staten Island,Richmond County,2026-05-31,2131.1163429562293
10312,Staten Island,Richmond County,2026-06-30,2156.4034036937464
10312,Staten Island,Richmond County,2026-07-31,2280.555555555555
10024,Manhattan,New York County,2015-01-31,2741.931002473663
10024,Manhattan,New York County,2015-02-28,2756.288944440208
10024,Manhattan,New York County,2015-03-31,2802.2129384817563
10024,Manhattan,New York County,2015-04-30,2824.927780892803
10024,Manhattan,New York County,2015-05-31,2862.7185733549727
10024,Manhattan,New York County,2015-06-30,2866.2754497120704
10024,Manhattan,New York County,2015-07-31,2869.5698594741666
10024,Manhattan,New York County,2015-08-31,2883.375787633941
10024,Manhattan,New York County,2015-09-30,2881.768605239563
10024,Manhattan,New York County,2015-10-31,2888.877081811046
10024,Manhattan,New York County,2015-11-30,2868.3486334658
10024,Manhattan,New York County,2015-12-31,2868.917335356845
10024,Manhattan,New York County,2016-01-31,2874.431828535518
10024,Manhattan,New York County,2016-02-29,2884.323634948152
10024,Manhattan,New York County,2016-03-31,2875.9264677269066
10024,Manhattan,New York County,2016-04-30,2875.30347446012
10024,Manhattan,New York County,2016-05-31,2875.0924599680734
10024,Manhattan,New York County,2016-06-30,2899.136483667611
10024,Manhattan,New York County,2016-07-31,2898.3704359233875
10024,Manhattan,New York County,2016-08-31,2907.0636697366954
10024,Manhattan,New York County,2016-09-30,2910.2112108804295
10024,Manhattan,New York County,2016-10-31,2904.0555516112586
10024,Manhattan,New York County,2016-11-30,2870.6844707710134
10024,Manhattan,New York County,2016-12-31,2824.2776334935847
10024,Manhattan,New York County,2017-01-31,2808.1719000223193
10024,Manhattan,New York County,2017-02-28,2821.951392308253
10024,Manhattan,New York County,2017-03-31,2869.2067953830665
10024,Manhattan,New York County,2017-04-30,2886.783200292067
10024,Manhattan,New York County,2017-05-31,2910.578232892898
10024,Manhattan,New York County,2017-06-30,2913.3635621548915
10024,Manhattan,New York County,2017-07-31,2922.426453845238
10024,Manhattan,New York County,2017-08-31,2924.7167691197537
10024,Manhattan,New York County,2017-09-30,2910.562988545958
10024,Manhattan,New York County,2017-10-31,2891.9158241348555
10024,Manhattan,New York County,2017-11-30,2867.348291300488
10024,Manhattan,New York County,2017-12-31,2861.6713690604283
10024,Manhattan,New York County,2018-01-31,2864.6217266625977
10024,Manhattan,New York County,2018-02-28,2877.0642622741702
10024,Manhattan,New York County,2018-03-31,2880.0829731113695
10024,Manhattan,New York County,2018-04-30,2901.8603418019447
10024,Manhattan,New York County,2018-05-31,2912.238115109355
10024,Manhattan,New York County,2018-06-30,2927.6175432046743
10024,Manhattan,New York County,2018-07-31,2937.8163411241208
10024,Manhattan,New York County,2018-08-31,2952.1296852524483
10024,Manhattan,New York County,2018-09-30,2958.980211052543
10024,Manhattan,New York County,2018-10-31,2941.2602273496327
10024,Manhattan,New York County,2018-11-30,2932.1992236480432
10024,Manhattan,New York County,2018-12-31,2922.7957977809106
10024,Manhattan,New York County,2019-01-31,2929.9593888863014
10024,Manhattan,New York County,2019-02-28,2933.834237375322
10024,Manhattan,New York County,2019-03-31,2950.9096736149063
10024,Manhattan,New York County,2019-04-30,2971.2722506561713
10024,Manhattan,New York County,2019-05-31,3001.191039050918
10024,Manhattan,New York County,2019-06-30,3015.4224609655607
10024,Manhattan,New York County,2019-07-31,3028.3984599547807
10024,Manhattan,New York County,2019-08-31,3027.6755900473436
10024,Manhattan,New York County,2019-09-30,3038.1647037758403
10024,Manhattan,New York County,2019-10-31,3037.3435824199873
10024,Manhattan,New York County,2019-11-30,3013.022129967506
10024,Manhattan,New York County,2019-12-31,2992.646067006131
10024,Manhattan,New York County,2020-01-31,3006.487876788209
10024,Manhattan,New York County,2020-02-29,3027.179112697327
10024,Manhattan,New York County,2020-03-31,3051.036235196911
10024,Manhattan,New York County,2020-04-30,3015.054709764765
10024,Manhattan,New York County,2020-05-31,2991.003715891669
10024,Manhattan,New York County,2020-06-30,2939.8287018678957
10024,Manhattan,New York County,2020-07-31,2910.818610331118
10024,Manhattan,New York County,2020-08-31,2849.7642759845407
10024,Manhattan,New York County,2020-09-30,2782.5111096235237
10024,Manhattan,New York County,2020-10-31,2705.330844015203
10024,Manhattan,New York County,2020-11-30,2622.304966253463
10024,Manhattan,New York County,2020-12-31,2558.354697876369
10024,Manhattan,New York County,2021-01-31,2533.2201136218405
10024,Manhattan,New York County,2021-02-28,2549.051461747873
10024,Manhattan,New York County,2021-03-31,2588.804703015752
10024,Manhattan,New York County,2021-04-30,2635.3920141914696
10024,Manhattan,New York County,2021-05-31,2715.645763619135
10024,Manhattan,New York County,2021-06-30,2798.0074790146555
10024,Manhattan,New York County,2021-07-31,2895.5722065311784
10024,Manhattan,New York County,2021-08-31,2976.7942633066823
10024,Manhattan,New York County,2021-09-30,3036.53197418381
10024,Manhattan,New York County,2021-10-31,3066.0629230255227
10024,Manhattan,New York County,2021-11-30,3108.848041856674
10024,Manhattan,New York County,2021-12-31,3144.877844285176
10024,Manhattan,New York County,2022-01-31,3170.796135141275
10024,Manhattan,New York County,2022-02-28,3191.6405317090744
10024,Manhattan,New York County,2022-03-31,3251.403480693982
10024,Manhattan,New York County,2022-04-30,3320.002033918371
10024,Manhattan,New York County,2022-05-31,3367.2326310554026
10024,Manhattan,New York County,2022-06-30,3415.7026498641453
10024,Manhattan,New York County,2022-07-31,3480.8378748291084
10024,Manhattan,New York County,2022-08-31,3519.2159135008997
10024,Manhattan,New York County,2022-09-30,3545.1110680520883
10024,Manhattan,New York County,2022-10-31,3520.7303511133305
10024,Manhattan,New York County,2022-11-30,3499.2010772425506
10024,Manhattan,New York County,2022-12-31,3468.539916839322
10024,Manhattan,New York County,2023-01-31,3442.6787221307995
10024,Manhattan,New York County,2023-02-28,3448.908851010803
10024,Manhattan,New York County,2023-03-31,3444.4687719895137
10024,Manhattan,New York County,2023-04-30,3498.830728255992
10024,Manhattan,New York County,2023-05-31,3555.200079457627
10024,Manhattan,New York County,2023-06-30,3607.425123080946
10024,Manhattan,New York County,2023-07-31,3637.2856105869696
10024,Manhattan,New York County,2023-08-31,3650.5789695803965
10024,Manhattan,New York County,2023-09-30,3682.525312342006
10024,Manhattan,New York County,2023-10-31,3671.041917110461
10024,Manhattan,New York County,2023-11-30,3658.4361445910595
10024,Manhattan,New York County,2023-12-31,3622.0475449130304
10024,Manhattan,New York County,2024-01-31,3621.24590074023
10024,Manhattan,New York County,2024-02-29,3607.318756790991
10024,Manhattan,New York County,2024-03-31,3657.332399349905
10024,Manhattan,New York County,2024-04-30,3708.058361526995
10024,Manhattan,New York County,2024-05-31,3779.9802522199016
10024,Manhattan,New York County,2024-06-30,3795.939233413033
10024,Manhattan,New York County,2024-07-31,3808.1414727941356
10024,Manhattan,New York County,2024-08-31,3824.455414188709
10024,Manhattan,New York County,2024-09-30,3805.512720865847
10024,Manhattan,New York County,2024-10-31,3776.518556627486
10024,Manhattan,New York County,2024-11-30,3748.036895733868
10024,Manhattan,New York County,2024-12-31,3742.80128311267
10024,Manhattan,New York County,2025-01-31,3774.8527319234026
10024,Manhattan,New York County,2025-02-28,3813.7412330986203
10024,Manhattan,New York County,2025-03-31,3867.70828680895
10024,Manhattan,New York County,2025-04-30,3911.449961899559
10024,Manhattan,New York County,2025-05-31,3945.943286478459
10024,Manhattan,New York County,2025-06-30,4028.457380126191
10024,Manhattan,New York County,2025-07-31,4097.874063531923
10024,Manhattan,New York County,2025-08-31,4162.598649081365
10024,Manhattan,New York County,2025-09-30,4156.468679669804
10024,Manhattan,New York County,2025-10-31,4166.553027831322
10024,Manhattan,New York County,2025-11-30,4177.156757961679
10024,Manhattan,New York County,2025-12-31,4166.768652801298
10024,Manhattan,New York County,2026-01-31,4142.12667582934
10024,Manhattan,New York County,2026-02-28,4118.115211353957
10024,Manhattan,New York County,2026-03-31,4168.482190747001
10024,Manhattan,New York County,2026-04-30,4239.497107820698
10024,Manhattan,New York County,2026-05-31,4315.727092514675
10024,Manhattan,New York County,2026-06-30,4367.717058161399
10024,Manhattan,New York County,2026-07-31,4406.539754689755
10032,Manhattan,New York County,2015-01-31,1975.019154465122
10032,Manhattan,New York County,2015-02-28,2010.6949143305708
10032,Manhattan,New York County,2015-03-31,2032.2315038033075
10032,Manhattan,New York County,2015-04-30,2051.186232541048
10032,Manhattan,New York County,2015-05-31,2060.8373499059508
10032,Manhattan,New York County,2015-06-30,2070.74226990286
10032,Manhattan,New York County,2015-07-31,2096.8667730175093
10032,Manhattan,New York County,2015-08-31,2132.5314506482587
10032,Manhattan,New York County,2015-09-30,2154.9017510853096
10032,Manhattan,New York County,2015-10-31,2160.8028761861733
10032,Manhattan,New York County,2015-11-30,2134.303518120828
10032,Manhattan,New York County,2015-12-31,2107.03193602943
10032,Manhattan,New York County,2016-01-31,2075.947647417813
10032,Manhattan,New York County,2016-02-29,2061.46332194113
10032,Manhattan,New York County,2016-03-31,2057.149139212544
10032,Manhattan,New York County,2016-04-30,2092.42451827959
10032,Manhattan,New York County,2016-05-31,2122.2186400695996
10032,Manhattan,New York County,2016-06-30,2134.6297807444935
10032,Manhattan,New York County,2016-07-31,2129.4407079911553
10032,Manhattan,New York County,2016-08-31,2130.3332183282273
10032,Manhattan,New York County,2016-09-30,2170.684985888935
10032,Manhattan,New York County,2016-10-31,2157.7770333143203
10032,Manhattan,New York County,2016-11-30,2177.9533237326664
10032,Manhattan,New York County,2016-12-31,2161.5203367255585
10032,Manhattan,New York County,2017-01-31,2187.0856277561925
10032,Manhattan,New York County,2017-02-28,2181.231805935715
10032,Manhattan,New York County,2017-03-31,2194.6150301017306
10032,Manhattan,New York County,2017-04-30,2218.4612286561082
10032,Manhattan,New York County,2017-05-31,2239.3728286828905
10032,Manhattan,New York County,2017-06-30,2262.454551981084
10032,Manhattan,New York County,2017-07-31,2249.785564893312
10032,Manhattan,New York County,2017-08-31,2248.2688789881913
10032,Manhattan,New York County,2017-09-30,2230.6326387989516
10032,Manhattan,New York County,2017-10-31,2243.8305178489722
10032,Manhattan,New York County,2017-11-30,2239.468621461974
10032,Manhattan,New York County,2017-12-31,2235.678389480025
10032,Manhattan,New York County,2018-01-31,2212.7736464366135
10032,Manhattan,New York County,2018-02-28,2213.8647532016194
10032,Manhattan,New York County,2018-03-31,2221.9483207736375
10032,Manhattan,New York County,2018-04-30,2231.5503400055054
10032,Manhattan,New York County,2018-05-31,2250.1068505401577
10032,Manhattan,New York County,2018-06-30,2271.0502754465306
10032,Manhattan,New York County,2018-07-31,2283.75542307768
10032,Manhattan,New York County,2018-08-31,2268.7434886168394
10032,Manhattan,New York County,2018-09-30,2254.898023864768
10032,Manhattan,New York County,2018-10-31,2251.4616958535166
10032,Manhattan,New York County,2018-11-30,2253.7669041978033
10032,Manhattan,New York County,2018-12-31,2251.3146129547995
10032,Manhattan,New York County,2019-01-31,2230.858158212235
10032,Manhattan,New York County,2019-02-28,2225.7139908962627
10032,Manhattan,New York County,2019-03-31,2219.3856108810646
10032,Manhattan,New York County,2019-04-30,2243.766800636977
10032,Manhattan,New York County,2019-05-31,2266.398851418311
10032,Manhattan,New York County,2019-06-30,2308.7667169767383
10032,Manhattan,New York County,2019-07-31,2327.5575675009377
10032,Manhattan,New York County,2019-08-31,2348.0496336378833
10032,Manhattan,New York County,2019-09-30,2341.4149621524143
10032,Manhattan,New York County,2019-10-31,2334.162452993121
10032,Manhattan,New York County,2019-11-30,2307.741444875616
10032,Manhattan,New York County,2019-12-31,2285.028279459326
10032,Manhattan,New York County,2020-01-31,2293.572889496088
10032,Manhattan,New York County,2020-02-29,2305.4753964428096
10032,Manhattan,New York County,2020-03-31,2339.4022292345203
10032,Manhattan,New York County,2020-04-30,2315.4516634104284
10032,Manhattan,New York County,2020-05-31,2302.7641167337306
10032,Manhattan,New York County,2020-06-30,2281.2615561582184
10032,Manhattan,New York County,2020-07-31,2293.8273724974583
10032,Manhattan,New York County,2020-08-31,2268.1954113189518
10032,Manhattan,New York County,2020-09-30,2219.0084495977057
10032,Manhattan,New York County,2020-10-31,2147.259667584035
10032,Manhattan,New York County,2020-11-30,2099.160692749573
10032,Manhattan,New York County,2020-12-31,2067.7131557815264
10032,Manhattan,New York County,2021-01-31,2098.472056005194
10032,Manhattan,New York County,2021-02-28,2137.5672533866814
10032,Manhattan,New York County,2021-03-31,2169.490816052652
10032,Manhattan,New York County,2021-04-30,2178.5702059795467
10032,Manhattan,New York County,2021-05-31,2185.9856816610904
10032,Manhattan,New York County,2021-06-30,2208.6996597307743
10032,Manhattan,New York County,2021-07-31,2218.3716884802084
10032,Manhattan,New York County,2021-08-31,2230.216644599807
10032,Manhattan,New York County,2021-09-30,2239.961514703967
10032,Manhattan,New York County,2021-10-31,2266.55749318925
10032,Manhattan,New York County,2021-11-30,2289.8829202942843
10032,Manhattan,New York County,2021-12-31,2293.0236877662205
10032,Manhattan,New York County,2022-01-31,2315.806797421361
10032,Manhattan,New York County,2022-02-28,2336.3491401970387
10032,Manhattan,New York County,2022-03-31,2379.3628238163346
10032,Manhattan,New York County,2022-04-30,2389.481418603885
10032,Manhattan,New York County,2022-05-31,2431.14909274513
10032,Manhattan,New York County,2022-06-30,2502.7123417382945
10032,Manhattan,New York County,2022-07-31,2551.148960129587
10032,Manhattan,New York County,2022-08-31,2575.2680854502537
10032,Manhattan,New York County,2022-09-30,2551.056940466513
10032,Manhattan,New York County,2022-10-31,2529.7761838505076
10032,Manhattan,New York County,2022-11-30,2540.962625994779
10032,Manhattan,New York County,2022-12-31,2539.2924746289
10032,Manhattan,New York County,2023-01-31,2549.059212671435
10032,Manhattan,New York County,2023-02-28,2535.4978351101277
10032,Manhattan,New York County,2023-03-31,2563.7887205367524
10032,Manhattan,New York County,2023-04-30,2581.643709649352
10032,Manhattan,New York County,2023-05-31,2608.751510608171
10032,Manhattan,New York County,2023-06-30,2629.171875763418
10032,Manhattan,New York County,2023-07-31,2645.8488330472637
10032,Manhattan,New York County,2023-08-31,2648.915591052805
10032,Manhattan,New York County,2023-09-30,2635.9101891375044
10032,Manhattan,New York County,2023-10-31,2630.4418371468737
10032,Manhattan,New York County,2023-11-30,2619.667526035277
10032,Manhattan,New York County,2023-12-31,2617.9748394998355
10032,Manhattan,New York County,2024-01-31,2626.0464899586423
10032,Manhattan,New York County,2024-02-29,2631.444032278439
10032,Manhattan,New York County,2024-03-31,2674.0988914282266
10032,Manhattan,New York County,2024-04-30,2711.354910645736
10032,Manhattan,New York County,2024-05-31,2744.6571937232247
10032,Manhattan,New York County,2024-06-30,2747.715880306322
10032,Manhattan,New York County,2024-07-31,2749.6760817047725
10032,Manhattan,New York County,2024-08-31,2778.43751986944
10032,Manhattan,New York County,2024-09-30,2755.3102269405304
10032,Manhattan,New York County,2024-10-31,2740.199564871983
10032,Manhattan,New York County,2024-11-30,2668.860511671555
10032,Manhattan,New York County,2024-12-31,2677.5720771874153
10032,Manhattan,New York County,2025-01-31,2691.159983633804
10032,Manhattan,New York County,2025-02-28,2762.691238446762
10032,Manhattan,New York County,2025-03-31,2789.3857427549706
10032,Manhattan,New York County,2025-04-30,2807.29389392237
10032,Manhattan,New York County,2025-05-31,2804.825096624544
10032,Manhattan,New York County,2025-06-30,2846.443186337722
10032,Manhattan,New York County,2025-07-31,2864.063560869162
10032,Manhattan,New York County,2025-08-31,2908.108426626733
10032,Manhattan,New York County,2025-09-30,2881.1683791731
10032,Manhattan,New York County,2025-10-31,2885.1185793566874
10032,Manhattan,New York County,2025-11-30,2852.5481895678718
10032,Manhattan,New York County,2025-12-31,2878.5604314488132
10032,Manhattan,New York County,2026-01-31,2872.870525200383
10032,Manhattan,New York County,2026-02-28,2836.9209861963277
10032,Manhattan,New York County,2026-03-31,2871.924173852401
10032,Manhattan,New York County,2026-04-30,2903.3071369807885
10032,Manhattan,New York County,2026-05-31,2958.854550116647
10032,Manhattan,New York County,2026-06-30,2972.1625197593958
10032,Manhattan,New York County,2026-07-31,3017.4033730158735
11216,Brooklyn,Kings County,2015-01-31,2089.083006852298
11216,Brooklyn,Kings County,2015-02-28,2088.4860096234825
11216,Brooklyn,Kings County,2015-03-31,2112.004401787624
11216,Brooklyn,Kings County,2015-04-30,2122.2781463103493
11216,Brooklyn,Kings County,2015-05-31,2170.92618500109
11216,Brooklyn,Kings County,2015-06-30,2211.961753537436
11216,Brooklyn,Kings County,2015-07-31,2204.8590227301793
11216,Brooklyn,Kings County,2015-08-31,2209.64806206662
11216,Brooklyn,Kings County,2015-09-30,2205.2522774074387
11216,Brooklyn,Kings County,2015-10-31,2245.086533386065
11216,Brooklyn,Kings County,2015-11-30,2226.358640367781
11216,Brooklyn,Kings County,2015-12-31,2241.6074682167723
11216,Brooklyn,Kings County,2016-01-31,2206.5100896878525
11216,Brooklyn,Kings County,2016-02-29,2210.0531473640976
11216,Brooklyn,Kings County,2016-03-31,2247.607374999699
11216,Brooklyn,Kings County,2016-04-30,2282.3338033455857
11216,Brooklyn,Kings County,2016-05-31,2298.682241377957
11216,Brooklyn,Kings County,2016-06-30,2272.307426620613
11216,Brooklyn,Kings County,2016-07-31,2284.885479537765
11216,Brooklyn,Kings County,2016-08-31,2299.2733251959426
11216,Brooklyn,Kings County,2016-09-30,2313.895589548696
11216,Brooklyn,Kings County,2016-10-31,2297.55287881753
11216,Brooklyn,Kings County,2016-11-30,2321.6237030209254
11216,Brooklyn,Kings County,2016-12-31,2322.537035016912
11216,Brooklyn,Kings County,2017-01-31,2347.878019730729
11216,Brooklyn,Kings County,2017-02-28,2340.877633835751
11216,Brooklyn,Kings County,2017-03-31,2331.979091510491
11216,Brooklyn,Kings County,2017-04-30,2337.7320812062353
11216,Brooklyn,Kings County,2017-05-31,2333.07049760215
11216,Brooklyn,Kings County,2017-06-30,2350.1502508668227
11216,Brooklyn,Kings County,2017-07-31,2361.8412817887206
11216,Brooklyn,Kings County,2017-08-31,2376.3696294193605
11216,Brooklyn,Kings County,2017-09-30,2393.682971448207
11216,Brooklyn,Kings County,2017-10-31,2365.097577411923
11216,Brooklyn,Kings County,2017-11-30,2348.5046920232066
11216,Brooklyn,Kings County,2017-12-31,2330.975583687813
11216,Brooklyn,Kings County,2018-01-31,2350.6507002714607
11216,Brooklyn,Kings County,2018-02-28,2344.956954492428
11216,Brooklyn,Kings County,2018-03-31,2347.204352360159
11216,Brooklyn,Kings County,2018-04-30,2374.3192865440396
11216,Brooklyn,Kings County,2018-05-31,2420.1397974226593
11216,Brooklyn,Kings County,2018-06-30,2436.8430553791413
11216,Brooklyn,Kings County,2018-07-31,2436.942183861136
11216,Brooklyn,Kings County,2018-08-31,2440.960699916053
11216,Brooklyn,Kings County,2018-09-30,2471.5395584425
11216,Brooklyn,Kings County,2018-10-31,2458.4182170470262
11216,Brooklyn,Kings County,2018-11-30,2436.6694574730814
11216,Brooklyn,Kings County,2018-12-31,2402.7878699108173
11216,Brooklyn,Kings County,2019-01-31,2411.7036076073928
11216,Brooklyn,Kings County,2019-02-28,2434.4307146510682
11216,Brooklyn,Kings County,2019-03-31,2466.5905175301896
11216,Brooklyn,Kings County,2019-04-30,2472.021757282256
11216,Brooklyn,Kings County,2019-05-31,2480.176765180281
11216,Brooklyn,Kings County,2019-06-30,2480.001033992794
11216,Brooklyn,Kings County,2019-07-31,2495.5739503182826
11216,Brooklyn,Kings County,2019-08-31,2506.7264827670206
11216,Brooklyn,Kings County,2019-09-30,2511.4215699087904
11216,Brooklyn,Kings County,2019-10-31,2548.964840273242
11216,Brooklyn,Kings County,2019-11-30,2552.9002453575176
11216,Brooklyn,Kings County,2019-12-31,2548.1981010352924
11216,Brooklyn,Kings County,2020-01-31,2513.836309831809
11216,Brooklyn,Kings County,2020-02-29,2541.3063083620773
11216,Brooklyn,Kings County,2020-03-31,2546.318641319539
11216,Brooklyn,Kings County,2020-04-30,2539.2894317236064
11216,Brooklyn,Kings County,2020-05-31,2511.7974495002168
11216,Brooklyn,Kings County,2020-06-30,2512.1818579445103
11216,Brooklyn,Kings County,2020-07-31,2524.3975438982434
11216,Brooklyn,Kings County,2020-08-31,2500.5461185112513
11216,Brooklyn,Kings County,2020-09-30,2436.2966568688526
11216,Brooklyn,Kings County,2020-10-31,2382.92337898077
11216,Brooklyn,Kings County,2020-11-30,2329.870864156442
11216,Brooklyn,Kings County,2020-12-31,2312.117509376027
11216,Brooklyn,Kings County,2021-01-31,2284.207030584463
11216,Brooklyn,Kings County,2021-02-28,2294.5730319107815
11216,Brooklyn,Kings County,2021-03-31,2319.166561434322
11216,Brooklyn,Kings County,2021-04-30,2362.257690931757
11216,Brooklyn,Kings County,2021-05-31,2388.524876635487
11216,Brooklyn,Kings County,2021-06-30,2443.461408316112
11216,Brooklyn,Kings County,2021-07-31,2505.334610825029
11216,Brooklyn,Kings County,2021-08-31,2587.675765343597
11216,Brooklyn,Kings County,2021-09-30,2639.3573802080846
11216,Brooklyn,Kings County,2021-10-31,2658.7744360280367
11216,Brooklyn,Kings County,2021-11-30,2646.9391672877314
11216,Brooklyn,Kings County,2021-12-31,2628.890269786324
11216,Brooklyn,Kings County,2022-01-31,2628.996656065181
11216,Brooklyn,Kings County,2022-02-28,2684.0414541958294
11216,Brooklyn,Kings County,2022-03-31,2740.4652266751946
11216,Brooklyn,Kings County,2022-04-30,2807.4123846491048
11216,Brooklyn,Kings County,2022-05-31,2866.5880018741263
11216,Brooklyn,Kings County,2022-06-30,2955.147239966785
11216,Brooklyn,Kings County,2022-07-31,3059.157925285886
11216,Brooklyn,Kings County,2022-08-31,3126.8833344267155
11216,Brooklyn,Kings County,2022-09-30,3130.501143731624
11216,Brooklyn,Kings County,2022-10-31,3084.6219730100297
11216,Brooklyn,Kings County,2022-11-30,3025.985781516129
11216,Brooklyn,Kings County,2022-12-31,2993.2905534985866
11216,Brooklyn,Kings County,2023-01-31,2974.7634561664927
11216,Brooklyn,Kings County,2023-02-28,2966.2556528699065
11216,Brooklyn,Kings County,2023-03-31,2991.5202743613877
11216,Brooklyn,Kings County,2023-04-30,3049.5246377004096
11216,Brooklyn,Kings County,2023-05-31,3103.5079375069686
11216,Brooklyn,Kings County,2023-06-30,3148.448909507728
11216,Brooklyn,Kings County,2023-07-31,3161.8651586634733
11216,Brooklyn,Kings County,2023-08-31,3204.9775954332736
11216,Brooklyn,Kings County,2023-09-30,3212.436545314885
11216,Brooklyn,Kings County,2023-10-31,3190.1853603915497
11216,Brooklyn,Kings County,2023-11-30,3117.4185222235956
11216,Brooklyn,Kings County,2023-12-31,3089.804307597448
11216,Brooklyn,Kings County,2024-01-31,3082.0917325775586
11216,Brooklyn,Kings County,2024-02-29,3113.5678255836647
11216,Brooklyn,Kings County,2024-03-31,3159.4451642994904
11216,Brooklyn,Kings County,2024-04-30,3205.6621449787367
11216,Brooklyn,Kings County,2024-05-31,3284.443055877817
11216,Brooklyn,Kings County,2024-06-30,3317.1932305105465
11216,Brooklyn,Kings County,2024-07-31,3353.896581747976
11216,Brooklyn,Kings County,2024-08-31,3334.7948542467734
11216,Brooklyn,Kings County,2024-09-30,3334.024132014767
11216,Brooklyn,Kings County,2024-10-31,3328.2734857479186
11216,Brooklyn,Kings County,2024-11-30,3288.300463130606
11216,Brooklyn,Kings County,2024-12-31,3229.8776010252736
11216,Brooklyn,Kings County,2025-01-31,3180.619183376684
11216,Brooklyn,Kings County,2025-02-28,3193.201257216531
11216,Brooklyn,Kings County,2025-03-31,3239.897624818672
11216,Brooklyn,Kings County,2025-04-30,3321.69233052593
11216,Brooklyn,Kings County,2025-05-31,3373.3218503492058
11216,Brooklyn,Kings County,2025-06-30,3435.299886415384
11216,Brooklyn,Kings County,2025-07-31,3446.897485520389
11216,Brooklyn,Kings County,2025-08-31,3468.963495148859
11216,Brooklyn,Kings County,2025-09-30,3447.8649314851864
11216,Brooklyn,Kings County,2025-10-31,3411.768262173562
11216,Brooklyn,Kings County,2025-11-30,3320.1305929305745
11216,Brooklyn,Kings County,2025-12-31,3249.8755553596666
11216,Brooklyn,Kings County,2026-01-31,3275.2050015446575
11216,Brooklyn,Kings County,2026-02-28,3386.376381961672
11216,Brooklyn,Kings County,2026-03-31,3486.0426834281957
11216,Brooklyn,Kings County,2026-04-30,3540.7043501665125
11216,Brooklyn,Kings County,2026-05-31,3558.3305540009874
11216,Brooklyn,Kings County,2026-06-30,3599.9676473965283
11216,Brooklyn,Kings County,2026-07-31,3632.924274138268
10023,Manhattan,New York County,2015-01-31,3307.536302484554
10023,Manhattan,New York County,2015-02-28,3311.1121702915802
10023,Manhattan,New York County,2015-03-31,3342.213705088829
10023,Manhattan,New York County,2015-04-30,3364.0463843120488
10023,Manhattan,New York County,2015-05-31,3392.5850291123215
10023,Manhattan,New York County,2015-06-30,3391.612121355127
10023,Manhattan,New York County,2015-07-31,3403.1605617296636
10023,Manhattan,New York County,2015-08-31,3402.956401680392
10023,Manhattan,New York County,2015-09-30,3414.5556501748088
10023,Manhattan,New York County,2015-10-31,3405.5530376472616
10023,Manhattan,New York County,2015-11-30,3402.6604256724586
10023,Manhattan,New York County,2015-12-31,3388.2078946116467
10023,Manhattan,New York County,2016-01-31,3365.4132773388465
10023,Manhattan,New York County,2016-02-29,3383.946425175979
10023,Manhattan,New York County,2016-03-31,3405.5008010475813
10023,Manhattan,New York County,2016-04-30,3447.7165769770554
10023,Manhattan,New York County,2016-05-31,3437.500054599477
10023,Manhattan,New York County,2016-06-30,3422.6337690126934
10023,Manhattan,New York County,2016-07-31,3419.7453677699614
10023,Manhattan,New York County,2016-08-31,3410.6372148038217
10023,Manhattan,New York County,2016-09-30,3406.7990269183456
10023,Manhattan,New York County,2016-10-31,3402.34939525129
10023,Manhattan,New York County,2016-11-30,3369.188680713112
10023,Manhattan,New York County,2016-12-31,3336.5958041533127
10023,Manhattan,New York County,2017-01-31,3310.18592395166
10023,Manhattan,New York County,2017-02-28,3351.085831633625
10023,Manhattan,New York County,2017-03-31,3373.376330110774
10023,Manhattan,New York County,2017-04-30,3403.71220510527
10023,Manhattan,New York County,2017-05-31,3404.734392022407
10023,Manhattan,New York County,2017-06-30,3421.146060872225
10023,Manhattan,New York County,2017-07-31,3416.533846042287
10023,Manhattan,New York County,2017-08-31,3411.806948104305
10023,Manhattan,New York County,2017-09-30,3397.3443029908603
10023,Manhattan,New York County,2017-10-31,3378.988678144
10023,Manhattan,New York County,2017-11-30,3348.0979590385346
10023,Manhattan,New York County,2017-12-31,3330.4180918929746
10023,Manhattan,New York County,2018-01-31,3337.135126328111
10023,Manhattan,New York County,2018-02-28,3366.6740792822447
10023,Manhattan,New York County,2018-03-31,3391.506446598525
10023,Manhattan,New York County,2018-04-30,3424.001260345251
10023,Manhattan,New York County,2018-05-31,3442.459375469988
10023,Manhattan,New York County,2018-06-30,3461.66748237855
10023,Manhattan,New York County,2018-07-31,3456.00765323559
10023,Manhattan,New York County,2018-08-31,3462.212368773159
10023,Manhattan,New York County,2018-09-30,3470.2668894452454
10023,Manhattan,New York County,2018-10-31,3461.0223372447376
10023,Manhattan,New York County,2018-11-30,3422.3118672052906
10023,Manhattan,New York County,2018-12-31,3401.3735207893237
10023,Manhattan,New York County,2019-01-31,3385.7695077473463
10023,Manhattan,New York County,2019-02-28,3403.0060779158
10023,Manhattan,New York County,2019-03-31,3428.1310041316106
10023,Manhattan,New York County,2019-04-30,3463.6112069554365
10023,Manhattan,New York County,2019-05-31,3500.7001005501097
10023,Manhattan,New York County,2019-06-30,3537.8112984301088
10023,Manhattan,New York County,2019-07-31,3559.17800385626
10023,Manhattan,New York County,2019-08-31,3565.115953137422
10023,Manhattan,New York County,2019-09-30,3553.051728581509
10023,Manhattan,New York County,2019-10-31,3554.140933170223
10023,Manhattan,New York County,2019-11-30,3535.4991923400758
10023,Manhattan,New York County,2019-12-31,3514.6038882134267
10023,Manhattan,New York County,2020-01-31,3509.125275428299
10023,Manhattan,New York County,2020-02-29,3537.901563316851
10023,Manhattan,New York County,2020-03-31,3543.66963074229
10023,Manhattan,New York County,2020-04-30,3512.2536298881464
10023,Manhattan,New York County,2020-05-31,3459.8871696026713
10023,Manhattan,New York County,2020-06-30,3413.0770326575766
10023,Manhattan,New York County,2020-07-31,3350.649664465555
10023,Manhattan,New York County,2020-08-31,3250.430041786355
10023,Manhattan,New York County,2020-09-30,3171.754192266102
10023,Manhattan,New York County,2020-10-31,3082.347647715731
10023,Manhattan,New York County,2020-11-30,3027.360974073605
10023,Manhattan,New York County,2020-12-31,2941.0592344579322
10023,Manhattan,New York County,2021-01-31,2951.2929837262195
10023,Manhattan,New York County,2021-02-28,2986.929354516832
10023,Manhattan,New York County,2021-03-31,3053.52646986174
10023,Manhattan,New York County,2021-04-30,3106.769367704742
10023,Manhattan,New York County,2021-05-31,3179.347129168618
10023,Manhattan,New York County,2021-06-30,3282.875376304738
10023,Manhattan,New York County,2021-07-31,3397.0189526365043
10023,Manhattan,New York County,2021-08-31,3502.0818606199177
10023,Manhattan,New York County,2021-09-30,3612.9092288569755
10023,Manhattan,New York County,2021-10-31,3681.2461752467384
10023,Manhattan,New York County,2021-11-30,3716.155083574006
10023,Manhattan,New York County,2021-12-31,3768.138529478134
10023,Manhattan,New York County,2022-01-31,3817.7803066228335
10023,Manhattan,New York County,2022-02-28,3887.0735490362854
10023,Manhattan,New York County,2022-03-31,3911.998344794692
10023,Manhattan,New York County,2022-04-30,3942.508217987495
10023,Manhattan,New York County,2022-05-31,4001.755437996522
10023,Manhattan,New York County,2022-06-30,4046.1421083088267
10023,Manhattan,New York County,2022-07-31,4091.122752996586
10023,Manhattan,New York County,2022-08-31,4107.431311981285
10023,Manhattan,New York County,2022-09-30,4146.218514360456
10023,Manhattan,New York County,2022-10-31,4151.048103117272
10023,Manhattan,New York County,2022-11-30,4119.643158084795
10023,Manhattan,New York County,2022-12-31,4072.729908737968
10023,Manhattan,New York County,2023-01-31,4047.5881296707303
10023,Manhattan,New York County,2023-02-28,4059.028451803638
10023,Manhattan,New York County,2023-03-31,4082.759842465159
10023,Manhattan,New York County,2023-04-30,4116.8361866129335
10023,Manhattan,New York County,2023-05-31,4173.428215346546
10023,Manhattan,New York County,2023-06-30,4202.824862746773
10023,Manhattan,New York County,2023-07-31,4234.87753584054
10023,Manhattan,New York County,2023-08-31,4236.896523521293
10023,Manhattan,New York County,2023-09-30,4242.945742544866
10023,Manhattan,New York County,2023-10-31,4259.177405323374
10023,Manhattan,New York County,2023-11-30,4222.169805469594
10023,Manhattan,New York County,2023-12-31,4173.624464997323
10023,Manhattan,New York County,2024-01-31,4128.759781251
10023,Manhattan,New York County,2024-02-29,4153.319297981864
10023,Manhattan,New York County,2024-03-31,4224.09535280267
10023,Manhattan,New York County,2024-04-30,4300.972196599746
10023,Manhattan,New York County,2024-05-31,4366.9208632008085
10023,Manhattan,New York County,2024-06-30,4402.405390983278
10023,Manhattan,New York County,2024-07-31,4421.5132232651495
10023,Manhattan,New York County,2024-08-31,4419.173083954073
10023,Manhattan,New York County,2024-09-30,4413.264919384321
10023,Manhattan,New York County,2024-10-31,4393.964483240006
10023,Manhattan,New York County,2024-11-30,4395.925633081784
10023,Manhattan,New York County,2024-12-31,4391.421454909131
10023,Manhattan,New York County,2025-01-31,4415.41088050685
10023,Manhattan,New York County,2025-02-28,4460.995899873819
10023,Manhattan,New York County,2025-03-31,4508.672143353651
10023,Manhattan,New York County,2025-04-30,4549.427778809897
10023,Manhattan,New York County,2025-05-31,4580.160196890383
10023,Manhattan,New York County,2025-06-30,4647.293339313713
10023,Manhattan,New York County,2025-07-31,4742.5206839736275
10023,Manhattan,New York County,2025-08-31,4804.542802189154
10023,Manhattan,New York County,2025-09-30,4835.676186277386
10023,Manhattan,New York County,2025-10-31,4801.849983449445
10023,Manhattan,New York County,2025-11-30,4802.476784050189
10023,Manhattan,New York County,2025-12-31,4752.501317338599
10023,Manhattan,New York County,2026-01-31,4714.3941748230245
10023,Manhattan,New York County,2026-02-28,4726.071277636399
10023,Manhattan,New York County,2026-03-31,4781.697420419745
10023,Manhattan,New York County,2026-04-30,4859.0000102564
10023,Manhattan,New York County,2026-05-31,4925.781535557866
10023,Manhattan,New York County,2026-06-30,4995.293455555859
10023,Manhattan,New York County,2026-07-31,5048.557808920169
10033,Manhattan,New York County,2015-03-31,2071.368790396181
10033,Manhattan,New York County,2015-04-30,2077.429684495327
10033,Manhattan,New York County,2015-05-31,2109.0842322976605
10033,Manhattan,New York County,2015-06-30,2140.392551809347
10033,Manhattan,New York County,2015-07-31,2172.8886263245104
10033,Manhattan,New York County,2015-08-31,2183.6604661922443
10033,Manhattan,New York County,2015-09-30,2176.9134740551085
10033,Manhattan,New York County,2015-10-31,2162.2692797224663
10033,Manhattan,New York County,2015-11-30,2141.240274446413
10033,Manhattan,New York County,2015-12-31,2140.4558875342223
10033,Manhattan,New York County,2016-01-31,2129.352908800228
10033,Manhattan,New York County,2016-02-29,2149.332361792679
10033,Manhattan,New York County,2016-03-31,2136.89052355522
10033,Manhattan,New York County,2016-04-30,2155.346815333034
10033,Manhattan,New York County,2016-05-31,2168.314551512929
10033,Manhattan,New York County,2016-06-30,2229.731290402612
10033,Manhattan,New York County,2016-07-31,2254.6257233202823
10033,Manhattan,New York County,2016-08-31,2293.8853332522795
10033,Manhattan,New York County,2016-09-30,2276.5134147902627
10033,Manhattan,New York County,2016-10-31,2304.5974724692373
10033,Manhattan,New York County,2016-11-30,2283.0727693320523
10033,Manhattan,New York County,2016-12-31,2291.811722410142
10033,Manhattan,New York County,2017-01-31,2236.1621115113803
10033,Manhattan,New York County,2017-02-28,2197.897431880118
10033,Manhattan,New York County,2017-03-31,2191.456658953029
10033,Manhattan,New York County,2017-04-30,2218.3470738457318
10033,Manhattan,New York County,2017-05-31,2270.6945285259562
10033,Manhattan,New York County,2017-06-30,2286.3359851464056
10033,Manhattan,New York County,2017-07-31,2296.2352338185588
10033,Manhattan,New York County,2017-08-31,2308.639271418226
10033,Manhattan,New York County,2017-09-30,2308.74210849458
10033,Manhattan,New York County,2017-10-31,2301.2277361506044
10033,Manhattan,New York County,2017-11-30,2251.1750685138745
10033,Manhattan,New York County,2017-12-31,2252.3593024511156
10033,Manhattan,New York County,2018-01-31,2238.7322197167427
10033,Manhattan,New York County,2018-02-28,2291.7468102879197
10033,Manhattan,New York County,2018-03-31,2297.6385397683434
10033,Manhattan,New York County,2018-04-30,2331.7349738444923
10033,Manhattan,New York County,2018-05-31,2310.562677942832
10033,Manhattan,New York County,2018-06-30,2325.9332108173767
10033,Manhattan,New York County,2018-07-31,2349.394924099844
10033,Manhattan,New York County,2018-08-31,2383.1384282253916
10033,Manhattan,New York County,2018-09-30,2405.8904430436874
10033,Manhattan,New York County,2018-10-31,2410.7228530965604
10033,Manhattan,New York County,2018-11-30,2409.623705588856
10033,Manhattan,New York County,2018-12-31,2410.5577548471574
10033,Manhattan,New York County,2019-01-31,2399.582919891036
10033,Manhattan,New York County,2019-02-28,2387.4993627616223
10033,Manhattan,New York County,2019-03-31,2355.158803215098
10033,Manhattan,New York County,2019-04-30,2343.416544343171
10033,Manhattan,New York County,2019-05-31,2359.8270188855677
10033,Manhattan,New York County,2019-06-30,2385.2031640940036
10033,Manhattan,New York County,2019-07-31,2401.333502356842
10033,Manhattan,New York County,2019-08-31,2416.9216234529235
10033,Manhattan,New York County,2019-09-30,2405.791595884993
10033,Manhattan,New York County,2019-10-31,2415.0891187416432
10033,Manhattan,New York County,2019-11-30,2390.82186415133
10033,Manhattan,New York County,2019-12-31,2386.77212715607
10033,Manhattan,New York County,2020-01-31,2377.317623048616
10033,Manhattan,New York County,2020-02-29,2392.398899178576
10033,Manhattan,New York County,2020-03-31,2402.3735475018625
10033,Manhattan,New York County,2020-04-30,2429.2876211074
10033,Manhattan,New York County,2020-05-31,2422.7033028248925
10033,Manhattan,New York County,2020-06-30,2416.896782624274
10033,Manhattan,New York County,2020-07-31,2377.1789215282984
10033,Manhattan,New York County,2020-08-31,2368.8367243500456
10033,Manhattan,New York County,2020-09-30,2345.990994737483
10033,Manhattan,New York County,2020-10-31,2320.681603900171
10033,Manhattan,New York County,2020-11-30,2279.089219882292
10033,Manhattan,New York County,2020-12-31,2255.384027488672
10033,Manhattan,New York County,2021-01-31,2210.0442039701056
10033,Manhattan,New York County,2021-02-28,2220.5953348793905
10033,Manhattan,New York County,2021-03-31,2231.003659561015
10033,Manhattan,New York County,2021-04-30,2290.948947740843
10033,Manhattan,New York County,2021-05-31,2294.603187368541
10033,Manhattan,New York County,2021-06-30,2301.3389924440344
10033,Manhattan,New York County,2021-07-31,2307.4791272951193
10033,Manhattan,New York County,2021-08-31,2314.6636649549037
10033,Manhattan,New York County,2021-09-30,2365.4974980398983
10033,Manhattan,New York County,2021-10-31,2379.727761052643
10033,Manhattan,New York County,2021-11-30,2401.843992250022
10033,Manhattan,New York County,2021-12-31,2389.0385571469747
10033,Manhattan,New York County,2022-01-31,2390.7295042613405
10033,Manhattan,New York County,2022-02-28,2425.606247394156
10033,Manhattan,New York County,2022-03-31,2445.7058119367425
10033,Manhattan,New York County,2022-04-30,2506.552249435282
10033,Manhattan,New York County,2022-05-31,2549.8345072891234
10033,Manhattan,New York County,2022-06-30,2599.02988302264
10033,Manhattan,New York County,2022-07-31,2605.290957519727
10033,Manhattan,New York County,2022-08-31,2631.273034803443
10033,Manhattan,New York County,2022-09-30,2634.3487865657944
10033,Manhattan,New York County,2022-10-31,2643.379646788548
10033,Manhattan,New York County,2022-11-30,2623.2057702034767
10033,Manhattan,New York County,2022-12-31,2610.925425174424
10033,Manhattan,New York County,2023-01-31,2643.073994488262
10033,Manhattan,New York County,2023-02-28,2651.608870517523
10033,Manhattan,New York County,2023-03-31,2700.8762649605414
10033,Manhattan,New York County,2023-04-30,2695.5218362350083
10033,Manhattan,New York County,2023-05-31,2724.2623538802245
10033,Manhattan,New York County,2023-06-30,2745.7643205231207
10033,Manhattan,New York County,2023-07-31,2754.860486759846
10033,Manhattan,New York County,2023-08-31,2753.978531904267
10033,Manhattan,New York County,2023-09-30,2751.1226834367967
10033,Manhattan,New York County,2023-10-31,2764.9786507055655
10033,Manhattan,New York County,2023-11-30,2733.684964841161
10033,Manhattan,New York County,2023-12-31,2691.6043385265853
10033,Manhattan,New York County,2024-01-31,2682.8734969912057
10033,Manhattan,New York County,2024-02-29,2693.168845144003
10033,Manhattan,New York County,2024-03-31,2672.825123677327
10033,Manhattan,New York County,2024-04-30,2661.132805756192
10033,Manhattan,New York County,2024-05-31,2739.840109405395
10033,Manhattan,New York County,2024-06-30,2793.534486642628
10033,Manhattan,New York County,2024-07-31,2835.5347052257007
10033,Manhattan,New York County,2024-08-31,2800.332897498938
10033,Manhattan,New York County,2024-09-30,2819.654104584856
10033,Manhattan,New York County,2024-10-31,2819.5772084507635
10033,Manhattan,New York County,2024-11-30,2802.166023874229
10033,Manhattan,New York County,2024-12-31,2771.1560853905753
10033,Manhattan,New York County,2025-01-31,2761.8235593971945
10033,Manhattan,New York County,2025-02-28,2789.1255876589503
10033,Manhattan,New York County,2025-03-31,2851.4035201692263
10033,Manhattan,New York County,2025-04-30,2890.2198387699245
10033,Manhattan,New York County,2025-05-31,2920.4848032524997
10033,Manhattan,New York County,2025-06-30,2959.450948641236
10033,Manhattan,New York County,2025-07-31,2989.8802276028837
10033,Manhattan,New York County,2025-08-31,3007.3153848790034
10033,Manhattan,New York County,2025-09-30,2986.8263610065874
10033,Manhattan,New York County,2025-10-31,3005.3694834294524
10033,Manhattan,New York County,2025-11-30,3018.4310743253277
10033,Manhattan,New York County,2025-12-31,3027.6909354208196
10033,Manhattan,New York County,2026-01-31,3003.4330523055264
10033,Manhattan,New York County,2026-02-28,2975.125162494444
10033,Manhattan,New York County,2026-03-31,3025.3181621392955
10033,Manhattan,New York County,2026-04-30,3072.98648589527
10033,Manhattan,New York County,2026-05-31,3135.708940964269
10033,Manhattan,New York County,2026-06-30,3120.9932271716834
10033,Manhattan,New York County,2026-07-31,3156.2670940170938
11238,Brooklyn,Kings County,2015-01-31,2554.354523471786
11238,Brooklyn,Kings County,2015-02-28,2542.1396923807274
11238,Brooklyn,Kings County,2015-03-31,2532.198390672954
11238,Brooklyn,Kings County,2015-04-30,2558.2165954585785
11238,Brooklyn,Kings County,2015-05-31,2588.968561679903
11238,Brooklyn,Kings County,2015-06-30,2620.5839004227164
11238,Brooklyn,Kings County,2015-07-31,2628.745662742071
11238,Brooklyn,Kings County,2015-08-31,2652.9116456195757
11238,Brooklyn,Kings County,2015-09-30,2657.6945365504193
11238,Brooklyn,Kings County,2015-10-31,2668.936363767534
11238,Brooklyn,Kings County,2015-11-30,2649.9747886353484
11238,Brooklyn,Kings County,2015-12-31,2686.951615406432
11238,Brooklyn,Kings County,2016-01-31,2658.749593418514
11238,Brooklyn,Kings County,2016-02-29,2640.313588538504
11238,Brooklyn,Kings County,2016-03-31,2586.4291031969206
11238,Brooklyn,Kings County,2016-04-30,2587.7147198943067
11238,Brooklyn,Kings County,2016-05-31,2633.2506375708635
11238,Brooklyn,Kings County,2016-06-30,2686.6937164576552
11238,Brooklyn,Kings County,2016-07-31,2701.157715147923
11238,Brooklyn,Kings County,2016-08-31,2704.8163065970216
11238,Brooklyn,Kings County,2016-09-30,2705.5474503893574
11238,Brooklyn,Kings County,2016-10-31,2714.612403156092
11238,Brooklyn,Kings County,2016-11-30,2718.9405138510515
11238,Brooklyn,Kings County,2016-12-31,2679.829822270682
11238,Brooklyn,Kings County,2017-01-31,2675.1595361514983
11238,Brooklyn,Kings County,2017-02-28,2652.321482478651
11238,Brooklyn,Kings County,2017-03-31,2655.712525613842
11238,Brooklyn,Kings County,2017-04-30,2677.409695821834
11238,Brooklyn,Kings County,2017-05-31,2705.399927974033
11238,Brooklyn,Kings County,2017-06-30,2749.2343277954324
11238,Brooklyn,Kings County,2017-07-31,2767.7376940210447
11238,Brooklyn,Kings County,2017-08-31,2779.366536479184
11238,Brooklyn,Kings County,2017-09-30,2767.234084622388
11238,Brooklyn,Kings County,2017-10-31,2744.5429552385567
11238,Brooklyn,Kings County,2017-11-30,2718.0755570259084
11238,Brooklyn,Kings County,2017-12-31,2697.95235627523
11238,Brooklyn,Kings County,2018-01-31,2697.7934166241466
11238,Brooklyn,Kings County,2018-02-28,2691.3240907388927
11238,Brooklyn,Kings County,2018-03-31,2723.8776136719257
11238,Brooklyn,Kings County,2018-04-30,2740.339061455927
11238,Brooklyn,Kings County,2018-05-31,2775.198925624509
11238,Brooklyn,Kings County,2018-06-30,2789.4551075632785
11238,Brooklyn,Kings County,2018-07-31,2823.1705526151227
11238,Brooklyn,Kings County,2018-08-31,2833.5847218696413
11238,Brooklyn,Kings County,2018-09-30,2827.6379443836536
11238,Brooklyn,Kings County,2018-10-31,2819.0064218943235
11238,Brooklyn,Kings County,2018-11-30,2792.0905189550394
11238,Brooklyn,Kings County,2018-12-31,2792.365892041741
11238,Brooklyn,Kings County,2019-01-31,2793.5061927907677
11238,Brooklyn,Kings County,2019-02-28,2819.152648880456
11238,Brooklyn,Kings County,2019-03-31,2826.952928189181
11238,Brooklyn,Kings County,2019-04-30,2845.066917148095
11238,Brooklyn,Kings County,2019-05-31,2872.1989475574283
11238,Brooklyn,Kings County,2019-06-30,2886.7214162668824
11238,Brooklyn,Kings County,2019-07-31,2902.6798831250835
11238,Brooklyn,Kings County,2019-08-31,2915.9237856763716
11238,Brooklyn,Kings County,2019-09-30,2947.166115006292
11238,Brooklyn,Kings County,2019-10-31,2943.452710222249
11238,Brooklyn,Kings County,2019-11-30,2935.183387030798
11238,Brooklyn,Kings County,2019-12-31,2919.0908106798515
11238,Brooklyn,Kings County,2020-01-31,2902.2091782952957
11238,Brooklyn,Kings County,2020-02-29,2935.2312673495862
11238,Brooklyn,Kings County,2020-03-31,2963.0207823919627
11238,Brooklyn,Kings County,2020-04-30,2980.9995078303123
11238,Brooklyn,Kings County,2020-05-31,2942.4909746729445
11238,Brooklyn,Kings County,2020-06-30,2913.544091619166
11238,Brooklyn,Kings County,2020-07-31,2887.324767941918
11238,Brooklyn,Kings County,2020-08-31,2859.5786748073865
11238,Brooklyn,Kings County,2020-09-30,2791.43575960576
11238,Brooklyn,Kings County,2020-10-31,2752.9655983567013
11238,Brooklyn,Kings County,2020-11-30,2705.442299554426
11238,Brooklyn,Kings County,2020-12-31,2702.451075794649
11238,Brooklyn,Kings County,2021-01-31,2679.005520737186
11238,Brooklyn,Kings County,2021-02-28,2690.9414090298073
11238,Brooklyn,Kings County,2021-03-31,2702.358972217199
11238,Brooklyn,Kings County,2021-04-30,2746.415314344465
11238,Brooklyn,Kings County,2021-05-31,2806.9358032255896
11238,Brooklyn,Kings County,2021-06-30,2874.815024780968
11238,Brooklyn,Kings County,2021-07-31,2946.6921766744736
11238,Brooklyn,Kings County,2021-08-31,3007.217728938187
11238,Brooklyn,Kings County,2021-09-30,3057.462795493024
11238,Brooklyn,Kings County,2021-10-31,3071.92281031905
11238,Brooklyn,Kings County,2021-11-30,3094.8997032708703
11238,Brooklyn,Kings County,2021-12-31,3118.5832540124966
11238,Brooklyn,Kings County,2022-01-31,3148.7948994602325
11238,Brooklyn,Kings County,2022-02-28,3183.5606101294
11238,Brooklyn,Kings County,2022-03-31,3246.822882393743
11238,Brooklyn,Kings County,2022-04-30,3324.9460913418375
11238,Brooklyn,Kings County,2022-05-31,3371.3191661813344
11238,Brooklyn,Kings County,2022-06-30,3423.0962396109426
11238,Brooklyn,Kings County,2022-07-31,3481.7223626593677
11238,Brooklyn,Kings County,2022-08-31,3570.589801615321
11238,Brooklyn,Kings County,2022-09-30,3566.9145168904793
11238,Brooklyn,Kings County,2022-10-31,3544.2752340885227
11238,Brooklyn,Kings County,2022-11-30,3485.4994291310977
11238,Brooklyn,Kings County,2022-12-31,3466.429041896852
11238,Brooklyn,Kings County,2023-01-31,3458.399832069593
11238,Brooklyn,Kings County,2023-02-28,3433.3876145839554
11238,Brooklyn,Kings County,2023-03-31,3454.837611669745
11238,Brooklyn,Kings County,2023-04-30,3492.496519816118
11238,Brooklyn,Kings County,2023-05-31,3538.5288086743612
11238,Brooklyn,Kings County,2023-06-30,3588.3392870922453
11238,Brooklyn,Kings County,2023-07-31,3580.4007399094535
11238,Brooklyn,Kings County,2023-08-31,3627.368213701695
11238,Brooklyn,Kings County,2023-09-30,3637.9954012410203
11238,Brooklyn,Kings County,2023-10-31,3666.979045198688
11238,Brooklyn,Kings County,2023-11-30,3651.3889339501657
11238,Brooklyn,Kings County,2023-12-31,3617.3956307476324
11238,Brooklyn,Kings County,2024-01-31,3616.8406478083893
11238,Brooklyn,Kings County,2024-02-29,3636.799390722552
11238,Brooklyn,Kings County,2024-03-31,3679.493583887593
11238,Brooklyn,Kings County,2024-04-30,3719.415897910924
11238,Brooklyn,Kings County,2024-05-31,3714.0594929304434
11238,Brooklyn,Kings County,2024-06-30,3737.2929887342925
11238,Brooklyn,Kings County,2024-07-31,3751.7832875304503
11238,Brooklyn,Kings County,2024-08-31,3766.01645891627
11238,Brooklyn,Kings County,2024-09-30,3748.63036656148
11238,Brooklyn,Kings County,2024-10-31,3700.8841845415923
11238,Brooklyn,Kings County,2024-11-30,3681.1231095190433
11238,Brooklyn,Kings County,2024-12-31,3649.7283092254315
11238,Brooklyn,Kings County,2025-01-31,3665.51543757819
11238,Brooklyn,Kings County,2025-02-28,3726.1264894311325
11238,Brooklyn,Kings County,2025-03-31,3789.0871111026945
11238,Brooklyn,Kings County,2025-04-30,3841.455517622832
11238,Brooklyn,Kings County,2025-05-31,3864.45856223178
11238,Brooklyn,Kings County,2025-06-30,3911.2804563854074
11238,Brooklyn,Kings County,2025-07-31,3955.777643577806
11238,Brooklyn,Kings County,2025-08-31,3967.9691011701507
11238,Brooklyn,Kings County,2025-09-30,3869.241765307446
11238,Brooklyn,Kings County,2025-10-31,3836.0642931664415
11238,Brooklyn,Kings County,2025-11-30,3863.730889109896
11238,Brooklyn,Kings County,2025-12-31,3957.4719083273812
11238,Brooklyn,Kings County,2026-01-31,3997.2536305766203
11238,Brooklyn,Kings County,2026-02-28,3948.321161589121
11238,Brooklyn,Kings County,2026-03-31,3961.90872133246
11238,Brooklyn,Kings County,2026-04-30,3983.4305780752534
11238,Brooklyn,Kings County,2026-05-31,4058.2941483555865
11238,Brooklyn,Kings County,2026-06-30,4087.5273324748764
11238,Brooklyn,Kings County,2026-07-31,4127.105438935628
11435,Queens,Queens County,2015-05-31,1380.5286994767682
11435,Queens,Queens County,2015-06-30,1400.6035423652881
11435,Queens,Queens County,2015-07-31,1466.1551997174631
11435,Queens,Queens County,2015-08-31,1435.9567410017107
11435,Queens,Queens County,2015-09-30,1458.7723386908062
11435,Queens,Queens County,2015-10-31,1466.9734205295267
11435,Queens,Queens County,2015-11-30,1469.9370513361437
11435,Queens,Queens County,2015-12-31,1433.8776736780799
11435,Queens,Queens County,2016-01-31,1421.6680421745832
11435,Queens,Queens County,2016-02-29,1450.1337917097696
11435,Queens,Queens County,2016-04-30,1452.1292819519658
11435,Queens,Queens County,2016-05-31,1455.4693357315764
11435,Queens,Queens County,2016-06-30,1485.244020940427
11435,Queens,Queens County,2016-07-31,1535.1479941223688
11435,Queens,Queens County,2016-08-31,1535.2204794502811
11435,Queens,Queens County,2016-09-30,1563.8798857345305
11435,Queens,Queens County,2016-10-31,1581.5547180232375
11435,Queens,Queens County,2016-11-30,1601.8547129466651
11435,Queens,Queens County,2016-12-31,1542.1435315305391
11435,Queens,Queens County,2017-01-31,1524.0128346188135
11435,Queens,Queens County,2017-02-28,1547.87906807325
11435,Queens,Queens County,2017-03-31,1568.740829517494
11435,Queens,Queens County,2017-04-30,1597.6278903483535
11435,Queens,Queens County,2017-05-31,1590.7166943834102
11435,Queens,Queens County,2017-06-30,1604.8147609962014
11435,Queens,Queens County,2017-07-31,1615.9682374196118
11435,Queens,Queens County,2017-08-31,1627.1239536611154
11435,Queens,Queens County,2017-09-30,1628.048534742427
11435,Queens,Queens County,2017-10-31,1614.3850904330789
11435,Queens,Queens County,2017-11-30,1590.9957642529903
11435,Queens,Queens County,2017-12-31,1577.7965772688822
11435,Queens,Queens County,2018-01-31,1582.5195107050836
11435,Queens,Queens County,2018-02-28,1640.383152723016
11435,Queens,Queens County,2018-03-31,1667.0821796821517
11435,Queens,Queens County,2018-04-30,1673.4571485518993
11435,Queens,Queens County,2018-05-31,1636.6607642095344
11435,Queens,Queens County,2018-06-30,1634.5341593057217
11435,Queens,Queens County,2018-07-31,1641.3041832488577
11435,Queens,Queens County,2018-08-31,1652.548034231819
11435,Queens,Queens County,2018-09-30,1652.1703780301716
11435,Queens,Queens County,2018-10-31,1655.6641883933246
11435,Queens,Queens County,2018-11-30,1690.7587143037715
11435,Queens,Queens County,2018-12-31,1713.2757792652646
11435,Queens,Queens County,2019-01-31,1737.7865137800625
11435,Queens,Queens County,2019-02-28,1723.6853786813008
11435,Queens,Queens County,2019-03-31,1724.247185479865
11435,Queens,Queens County,2019-04-30,1698.6347534266442
11435,Queens,Queens County,2019-05-31,1709.2792439224538
11435,Queens,Queens County,2019-06-30,1707.5753463924932
11435,Queens,Queens County,2019-07-31,1722.3819409084115
11435,Queens,Queens County,2019-08-31,1731.9032951116942
11435,Queens,Queens County,2019-09-30,1726.217776941726
11435,Queens,Queens County,2019-10-31,1752.3239180389537
11435,Queens,Queens County,2019-11-30,1748.0663029820346
11435,Queens,Queens County,2019-12-31,1766.0050271090445
11435,Queens,Queens County,2020-01-31,1743.1700869655124
11435,Queens,Queens County,2020-02-29,1717.1551862094832
11435,Queens,Queens County,2020-03-31,1710.6345541231342
11435,Queens,Queens County,2020-04-30,1814.3355388485684
11435,Queens,Queens County,2020-05-31,1855.7484508204875
11435,Queens,Queens County,2020-06-30,1882.6528282829843
11435,Queens,Queens County,2020-07-31,1791.63029268643
11435,Queens,Queens County,2020-08-31,1764.5087008549906
11435,Queens,Queens County,2020-09-30,1746.6874233220256
11435,Queens,Queens County,2020-10-31,1753.6572196748134
11435,Queens,Queens County,2020-11-30,1772.9754568233236
11435,Queens,Queens County,2020-12-31,1762.6730851002753
11435,Queens,Queens County,2021-01-31,1762.5961358069073
11435,Queens,Queens County,2021-02-28,1769.2172241055116
11435,Queens,Queens County,2021-03-31,1762.8049212034248
11435,Queens,Queens County,2021-04-30,1773.5607502146652
11435,Queens,Queens County,2021-05-31,1757.4654602928733
11435,Queens,Queens County,2021-06-30,1808.3778797311695
11435,Queens,Queens County,2021-07-31,1810.5056457015253
11435,Queens,Queens County,2021-08-31,1841.79819683249
11435,Queens,Queens County,2021-10-31,1829.540081534174
11435,Queens,Queens County,2021-11-30,1828.1457051796149
11435,Queens,Queens County,2021-12-31,1805.4110207345611
11435,Queens,Queens County,2022-01-31,1827.3393346729627
11435,Queens,Queens County,2022-02-28,1836.3964224605597
11435,Queens,Queens County,2022-03-31,1877.8161766856063
11435,Queens,Queens County,2022-04-30,1900.0687575638988
11435,Queens,Queens County,2022-05-31,1914.2933360597813
11435,Queens,Queens County,2022-06-30,1949.3558181886665
11435,Queens,Queens County,2022-07-31,1959.5545218972575
11435,Queens,Queens County,2022-08-31,1978.08930084121
11435,Queens,Queens County,2022-09-30,1991.5988689568528
11435,Queens,Queens County,2022-10-31,1990.0428386873593
11435,Queens,Queens County,2022-11-30,1960.840982476013
11435,Queens,Queens County,2022-12-31,1945.0257736419426
11435,Queens,Queens County,2023-01-31,1924.022763001022
11435,Queens,Queens County,2023-02-28,1958.5777278995768
11435,Queens,Queens County,2023-03-31,1955.1876806463608
11435,Queens,Queens County,2023-04-30,1962.071203126929
11435,Queens,Queens County,2023-05-31,1976.0517530576788
11435,Queens,Queens County,2023-06-30,2001.1277828684938
11435,Queens,Queens County,2023-07-31,2078.961525854922
11435,Queens,Queens County,2023-08-31,2119.3057100410288
11435,Queens,Queens County,2023-09-30,2129.5582508582843
11435,Queens,Queens County,2023-10-31,2108.196833963834
11435,Queens,Queens County,2023-11-30,2075.7851895814874
11435,Queens,Queens County,2023-12-31,2060.9252867398545
11435,Queens,Queens County,2024-01-31,2081.820417834215
11435,Queens,Queens County,2024-02-29,2074.2914930394763
11435,Queens,Queens County,2024-03-31,2150.9012664504844
11435,Queens,Queens County,2024-04-30,2171.2426249344967
11435,Queens,Queens County,2024-05-31,2228.9323966415377
11435,Queens,Queens County,2024-06-30,2187.8613306834645
11435,Queens,Queens County,2024-07-31,2181.6242711361606
11435,Queens,Queens County,2024-08-31,2177.834346661003
11435,Queens,Queens County,2024-09-30,2200.7692384381244
11435,Queens,Queens County,2024-10-31,2178.7878408336273
11435,Queens,Queens County,2024-11-30,2215.827541587763
11435,Queens,Queens County,2024-12-31,2237.1341732867645
11435,Queens,Queens County,2025-01-31,2260.9666776157515
11435,Queens,Queens County,2025-02-28,2247.5181057533455
11435,Queens,Queens County,2025-03-31,2228.6128148252124
11435,Queens,Queens County,2025-04-30,2250.902715143621
11435,Queens,Queens County,2025-05-31,2266.0897725548625
11435,Queens,Queens County,2025-06-30,2288.4516780458334
11435,Queens,Queens County,2025-07-31,2294.8253834247325
11435,Queens,Queens County,2025-08-31,2305.3170105907748
11435,Queens,Queens County,2025-09-30,2313.241841353283
11435,Queens,Queens County,2025-10-31,2335.4544121884874
11435,Queens,Queens County,2025-11-30,2360.0022429018463
11435,Queens,Queens County,2025-12-31,2325.774777533775
11435,Queens,Queens County,2026-01-31,2282.5825083698983
11435,Queens,Queens County,2026-02-28,2221.6473965697746
11435,Queens,Queens County,2026-03-31,2265.417144100748
11435,Queens,Queens County,2026-04-30,2260.038980318278
11435,Queens,Queens County,2026-05-31,2310.1507881186567
11435,Queens,Queens County,2026-06-30,2304.3123839727755
11435,Queens,Queens County,2026-07-31,2342.990740740741
10460,Bronx,Bronx County,2025-08-31,2387.981246895045
10460,Bronx,Bronx County,2025-09-30,2233.657699523445
10460,Bronx,Bronx County,2025-10-31,2360.6293240809123
10460,Bronx,Bronx County,2025-11-30,2569.9350140404467
10460,Bronx,Bronx County,2025-12-31,2814.7115407608385
10460,Bronx,Bronx County,2026-01-31,2765.1457708497633
10460,Bronx,Bronx County,2026-02-28,2630.646889381271
10460,Bronx,Bronx County,2026-03-31,2480.3494073253664
10460,Bronx,Bronx County,2026-04-30,2383.634612262545
10460,Bronx,Bronx County,2026-05-31,2566.054094542182
10460,Bronx,Bronx County,2026-06-30,2633.4263228682844
10460,Bronx,Bronx County,2026-07-31,2766.1111111111113
10031,Manhattan,New York County,2015-01-31,1998.826651454004
10031,Manhattan,New York County,2015-02-28,2042.2022025921733
10031,Manhattan,New York County,2015-03-31,2045.5666737481838
10031,Manhattan,New York County,2015-04-30,2065.796020815296
10031,Manhattan,New York County,2015-05-31,2063.9724543367943
10031,Manhattan,New York County,2015-06-30,2092.8618675771745
10031,Manhattan,New York County,2015-07-31,2125.8832114108777
10031,Manhattan,New York County,2015-08-31,2148.2285922864357
10031,Manhattan,New York County,2015-09-30,2145.2510828156455
10031,Manhattan,New York County,2015-10-31,2137.8624243468385
10031,Manhattan,New York County,2015-11-30,2136.8200450388226
10031,Manhattan,New York County,2015-12-31,2121.7440665856757
10031,Manhattan,New York County,2016-01-31,2128.821137700012
10031,Manhattan,New York County,2016-02-29,2151.6178817009572
10031,Manhattan,New York County,2016-03-31,2172.54576095422
10031,Manhattan,New York County,2016-04-30,2176.475869056254
10031,Manhattan,New York County,2016-05-31,2167.3856707633354
10031,Manhattan,New York County,2016-06-30,2193.292368349071
10031,Manhattan,New York County,2016-07-31,2212.390812529998
10031,Manhattan,New York County,2016-08-31,2234.428119950193
10031,Manhattan,New York County,2016-09-30,2230.0366944792004
10031,Manhattan,New York County,2016-10-31,2232.453293642767
10031,Manhattan,New York County,2016-11-30,2227.310027273375
10031,Manhattan,New York County,2016-12-31,2221.295227888
10031,Manhattan,New York County,2017-01-31,2213.160747090477
10031,Manhattan,New York County,2017-02-28,2200.1463040415797
10031,Manhattan,New York County,2017-03-31,2204.272800716656
10031,Manhattan,New York County,2017-04-30,2214.068658919097
10031,Manhattan,New York County,2017-05-31,2225.3337178317165
10031,Manhattan,New York County,2017-06-30,2264.348740208848
10031,Manhattan,New York County,2017-07-31,2283.0494322228224
10031,Manhattan,New York County,2017-08-31,2284.8009518047133
10031,Manhattan,New York County,2017-09-30,2274.027118394758
10031,Manhattan,New York County,2017-10-31,2264.1919712895983
10031,Manhattan,New York County,2017-11-30,2244.96246810583
10031,Manhattan,New York County,2017-12-31,2242.5866982091707
10031,Manhattan,New York County,2018-01-31,2218.451527812158
10031,Manhattan,New York County,2018-02-28,2222.160962042045
10031,Manhattan,New York County,2018-03-31,2215.617868173098
10031,Manhattan,New York County,2018-04-30,2246.9215993290777
10031,Manhattan,New York County,2018-05-31,2274.034914643599
10031,Manhattan,New York County,2018-06-30,2313.896722967735
10031,Manhattan,New York County,2018-07-31,2326.9370578138114
10031,Manhattan,New York County,2018-08-31,2351.2170732834556
10031,Manhattan,New York County,2018-09-30,2353.387852853804
10031,Manhattan,New York County,2018-10-31,2350.8526571494303
10031,Manhattan,New York County,2018-11-30,2334.117985304969
10031,Manhattan,New York County,2018-12-31,2269.354911717986
10031,Manhattan,New York County,2019-01-31,2259.9233124194657
10031,Manhattan,New York County,2019-02-28,2265.051715583395
10031,Manhattan,New York County,2019-03-31,2297.5892745988112
10031,Manhattan,New York County,2019-04-30,2305.1565157383875
10031,Manhattan,New York County,2019-05-31,2319.0744030101873
10031,Manhattan,New York County,2019-06-30,2361.0176494711
10031,Manhattan,New York County,2019-07-31,2389.609785386675
10031,Manhattan,New York County,2019-08-31,2413.9118504038947
10031,Manhattan,New York County,2019-09-30,2405.130864402236
10031,Manhattan,New York County,2019-10-31,2386.85937088436
10031,Manhattan,New York County,2019-11-30,2348.5987118399034
10031,Manhattan,New York County,2019-12-31,2330.998764841566
10031,Manhattan,New York County,2020-01-31,2326.11804576724
10031,Manhattan,New York County,2020-02-29,2336.0238077894605
10031,Manhattan,New York County,2020-03-31,2383.353615489384
10031,Manhattan,New York County,2020-04-30,2388.8350325323586
10031,Manhattan,New York County,2020-05-31,2359.748666649345
10031,Manhattan,New York County,2020-06-30,2301.7073895078984
10031,Manhattan,New York County,2020-07-31,2259.956084128161
10031,Manhattan,New York County,2020-08-31,2254.5482810567078
10031,Manhattan,New York County,2020-09-30,2204.418287380188
10031,Manhattan,New York County,2020-10-31,2162.4281888915175
10031,Manhattan,New York County,2020-11-30,2114.6238456560823
10031,Manhattan,New York County,2020-12-31,2080.0945562849674
10031,Manhattan,New York County,2021-01-31,2094.1547614986202
10031,Manhattan,New York County,2021-02-28,2075.3382867005066
10031,Manhattan,New York County,2021-03-31,2114.926455658752
10031,Manhattan,New York County,2021-04-30,2118.2041869339696
10031,Manhattan,New York County,2021-05-31,2174.3750481017455
10031,Manhattan,New York County,2021-06-30,2198.4742405277284
10031,Manhattan,New York County,2021-07-31,2248.7424257107937
10031,Manhattan,New York County,2021-08-31,2279.925177712418
10031,Manhattan,New York County,2021-09-30,2319.83234700896
10031,Manhattan,New York County,2021-10-31,2321.948092314901
10031,Manhattan,New York County,2021-11-30,2324.182305818347
10031,Manhattan,New York County,2021-12-31,2295.7978358558266
10031,Manhattan,New York County,2022-01-31,2316.167358270473
10031,Manhattan,New York County,2022-02-28,2323.2880206457894
10031,Manhattan,New York County,2022-03-31,2355.8242800787584
10031,Manhattan,New York County,2022-04-30,2376.777874755961
10031,Manhattan,New York County,2022-05-31,2447.0361445528047
10031,Manhattan,New York County,2022-06-30,2516.1415499883406
10031,Manhattan,New York County,2022-07-31,2567.9343083335093
10031,Manhattan,New York County,2022-08-31,2604.369235204322
10031,Manhattan,New York County,2022-09-30,2614.8046696950178
10031,Manhattan,New York County,2022-10-31,2602.1854719945754
10031,Manhattan,New York County,2022-11-30,2572.3894504624677
10031,Manhattan,New York County,2022-12-31,2558.9504237565375
10031,Manhattan,New York County,2023-01-31,2582.0647622535816
10031,Manhattan,New York County,2023-02-28,2570.115524965367
10031,Manhattan,New York County,2023-03-31,2593.7303392622134
10031,Manhattan,New York County,2023-04-30,2595.281129489447
10031,Manhattan,New York County,2023-05-31,2635.885427857042
10031,Manhattan,New York County,2023-06-30,2661.442927513146
10031,Manhattan,New York County,2023-07-31,2685.723183800412
10031,Manhattan,New York County,2023-08-31,2725.449964912617
10031,Manhattan,New York County,2023-09-30,2726.59628668042
10031,Manhattan,New York County,2023-10-31,2719.5737726838315
10031,Manhattan,New York County,2023-11-30,2693.6774460840124
10031,Manhattan,New York County,2023-12-31,2651.4089328899827
10031,Manhattan,New York County,2024-01-31,2653.073717451111
10031,Manhattan,New York County,2024-02-29,2669.470508643723
10031,Manhattan,New York County,2024-03-31,2693.2401396104356
10031,Manhattan,New York County,2024-04-30,2735.9404660360487
10031,Manhattan,New York County,2024-05-31,2749.661297285838
10031,Manhattan,New York County,2024-06-30,2809.362557694482
10031,Manhattan,New York County,2024-07-31,2816.1786054868553
10031,Manhattan,New York County,2024-08-31,2819.312914013449
10031,Manhattan,New York County,2024-09-30,2796.5426887746407
10031,Manhattan,New York County,2024-10-31,2760.4186737367304
10031,Manhattan,New York County,2024-11-30,2755.8350756951886
10031,Manhattan,New York County,2024-12-31,2753.7212150035166
10031,Manhattan,New York County,2025-01-31,2776.1104687938287
10031,Manhattan,New York County,2025-02-28,2729.4585531400103
10031,Manhattan,New York County,2025-03-31,2760.4460328295813
10031,Manhattan,New York County,2025-04-30,2797.51300572252
10031,Manhattan,New York County,2025-05-31,2880.2139856370086
10031,Manhattan,New York County,2025-06-30,2909.80467628573
10031,Manhattan,New York County,2025-07-31,2946.7451475282173
10031,Manhattan,New York County,2025-08-31,3014.225636031323
10031,Manhattan,New York County,2025-09-30,3013.762929132329
10031,Manhattan,New York County,2025-10-31,3029.6128062192256
10031,Manhattan,New York County,2025-11-30,2964.4872444613216
10031,Manhattan,New York County,2025-12-31,2937.3560085200334
10031,Manhattan,New York County,2026-01-31,2877.4731485909892
10031,Manhattan,New York County,2026-02-28,2916.1002934168773
10031,Manhattan,New York County,2026-03-31,2957.9824951650075
10031,Manhattan,New York County,2026-04-30,3041.977830607983
10031,Manhattan,New York County,2026-05-31,3072.9905768384324
10031,Manhattan,New York County,2026-06-30,3101.2475212747518
10031,Manhattan,New York County,2026-07-31,3122.8662280701756
30906,Staten Island,Richmond County,2015-07-31,741.2865861724545
30906,Staten Island,Richmond County,2015-08-31,741.948473822062
30906,Staten Island,Richmond County,2015-09-30,731.9372499111744
30906,Staten Island,Richmond County,2015-10-31,724.4360237411169
30906,Staten Island,Richmond County,2015-11-30,725.2885435489457
30906,Staten Island,Richmond County,2015-12-31,732.2912861895442
30906,Staten Island,Richmond County,2016-02-29,744.0918531922026
30906,Staten Island,Richmond County,2016-03-31,743.59608672366
30906,Staten Island,Richmond County,2016-04-30,744.793058893187
30906,Staten Island,Richmond County,2016-05-31,741.8476021363992
30906,Staten Island,Richmond County,2016-06-30,752.0321852299771
30906,Staten Island,Richmond County,2016-07-31,752.3530066833976
30906,Staten Island,Richmond County,2016-08-31,752.4000057743596
30906,Staten Island,Richmond County,2016-09-30,752.6456911907225
30906,Staten Island,Richmond County,2016-10-31,749.399668172328
30906,Staten Island,Richmond County,2016-11-30,751.3859605644504
30906,Staten Island,Richmond County,2016-12-31,745.0035752914442
30906,Staten Island,Richmond County,2017-01-31,752.0512487518517
30906,Staten Island,Richmond County,2017-02-28,757.1236246091466
30906,Staten Island,Richmond County,2017-03-31,767.3118456892082
30906,Staten Island,Richmond County,2017-04-30,768.0831094791159
30906,Staten Island,Richmond County,2017-05-31,766.9892046529211
30906,Staten Island,Richmond County,2017-06-30,762.117494841103
30906,Staten Island,Richmond County,2017-07-31,769.4347816178616
30906,Staten Island,Richmond County,2017-08-31,779.6093039917132
30906,Staten Island,Richmond County,2017-09-30,788.2365596783391
30906,Staten Island,Richmond County,2017-10-31,781.045875018312
30906,Staten Island,Richmond County,2017-11-30,777.371494096269
30906,Staten Island,Richmond County,2017-12-31,782.0172178077229
30906,Staten Island,Richmond County,2018-01-31,789.5575340602327
30906,Staten Island,Richmond County,2018-02-28,787.999157107575
30906,Staten Island,Richmond County,2018-03-31,789.8296782625843
30906,Staten Island,Richmond County,2018-04-30,794.954737436122
30906,Staten Island,Richmond County,2018-05-31,804.4697012392
30906,Staten Island,Richmond County,2018-06-30,801.5578683923709
30906,Staten Island,Richmond County,2018-07-31,803.5606405518193
30906,Staten Island,Richmond County,2018-08-31,805.3270290432412
30906,Staten Island,Richmond County,2018-09-30,807.4349319266308
30906,Staten Island,Richmond County,2018-10-31,802.5441577258807
30906,Staten Island,Richmond County,2018-11-30,799.6651297579934
30906,Staten Island,Richmond County,2018-12-31,802.8954847453372
30906,Staten Island,Richmond County,2019-01-31,808.36157325634
30906,Staten Island,Richmond County,2019-02-28,818.1506814071531
30906,Staten Island,Richmond County,2019-03-31,820.9278188008027
30906,Staten Island,Richmond County,2019-04-30,828.988291875304
30906,Staten Island,Richmond County,2019-05-31,830.412673638217
30906,Staten Island,Richmond County,2019-06-30,837.4261928781591
30906,Staten Island,Richmond County,2019-07-31,829.7489993053642
30906,Staten Island,Richmond County,2019-08-31,835.8756295737071
30906,Staten Island,Richmond County,2019-09-30,835.8820042895164
30906,Staten Island,Richmond County,2019-10-31,842.4548360549823
30906,Staten Island,Richmond County,2019-11-30,842.6188494901821
30906,Staten Island,Richmond County,2019-12-31,847.565793857192
30906,Staten Island,Richmond County,2020-01-31,849.4190224985475
30906,Staten Island,Richmond County,2020-02-29,840.5919338456633
30906,Staten Island,Richmond County,2020-03-31,840.0946129986389
30906,Staten Island,Richmond County,2020-04-30,847.6812580219698
30906,Staten Island,Richmond County,2020-05-31,867.7179247542706
30906,Staten Island,Richmond County,2020-06-30,878.2819439987524
30906,Staten Island,Richmond County,2020-07-31,895.0962633567101
30906,Staten Island,Richmond County,2020-08-31,891.6920363073202
30906,Staten Island,Richmond County,2020-09-30,900.3471212560687
30906,Staten Island,Richmond County,2020-10-31,909.7998401470666
30906,Staten Island,Richmond County,2020-11-30,922.5006830494477
30906,Staten Island,Richmond County,2020-12-31,929.4531442150161
30906,Staten Island,Richmond County,2021-01-31,927.7954318761139
30906,Staten Island,Richmond County,2021-02-28,934.3259310250712
30906,Staten Island,Richmond County,2021-03-31,944.7967683946063
30906,Staten Island,Richmond County,2021-04-30,957.1992461991787
30906,Staten Island,Richmond County,2021-05-31,975.9220986265242
30906,Staten Island,Richmond County,2021-06-30,1001.7147308433259
30906,Staten Island,Richmond County,2021-07-31,1036.2003869532239
30906,Staten Island,Richmond County,2021-08-31,1052.2181136354159
30906,Staten Island,Richmond County,2021-09-30,1062.220153478479
30906,Staten Island,Richmond County,2021-10-31,1052.8509912576096
30906,Staten Island,Richmond County,2021-11-30,1057.243434393242
30906,Staten Island,Richmond County,2021-12-31,1049.5807769705987
30906,Staten Island,Richmond County,2022-01-31,1058.2887500808945
30906,Staten Island,Richmond County,2022-02-28,1063.6355433624408
30906,Staten Island,Richmond County,2022-03-31,1072.9285355752497
30906,Staten Island,Richmond County,2022-04-30,1079.8320191450914
30906,Staten Island,Richmond County,2022-05-31,1089.064863024561
30906,Staten Island,Richmond County,2022-06-30,1091.122467668733
30906,Staten Island,Richmond County,2022-07-31,1106.5296983457463
30906,Staten Island,Richmond County,2022-08-31,1114.8285495002985
30906,Staten Island,Richmond County,2022-09-30,1120.2932056824914
30906,Staten Island,Richmond County,2022-10-31,1111.9939596358415
30906,Staten Island,Richmond County,2022-11-30,1125.3600521072744
30906,Staten Island,Richmond County,2022-12-31,1146.483709766636
30906,Staten Island,Richmond County,2023-01-31,1155.5076373001614
30906,Staten Island,Richmond County,2023-02-28,1166.4743779168896
30906,Staten Island,Richmond County,2023-03-31,1170.7260123672634
30906,Staten Island,Richmond County,2023-04-30,1190.8120398262547
30906,Staten Island,Richmond County,2023-05-31,1197.4893401270026
30906,Staten Island,Richmond County,2023-06-30,1209.4032012183643
30906,Staten Island,Richmond County,2023-07-31,1220.0240178156546
30906,Staten Island,Richmond County,2023-08-31,1221.877842612836
30906,Staten Island,Richmond County,2023-09-30,1222.862418247738
30906,Staten Island,Richmond County,2023-10-31,1213.630184012491
30906,Staten Island,Richmond County,2023-11-30,1223.6926394674097
30906,Staten Island,Richmond County,2023-12-31,1229.5330434269192
30906,Staten Island,Richmond County,2024-01-31,1228.4850476561044
30906,Staten Island,Richmond County,2024-02-29,1223.2858913798766
30906,Staten Island,Richmond County,2024-03-31,1223.7729366574724
30906,Staten Island,Richmond County,2024-04-30,1240.219744595399
30906,Staten Island,Richmond County,2024-05-31,1248.7317984337337
30906,Staten Island,Richmond County,2024-06-30,1260.7375787920844
30906,Staten Island,Richmond County,2024-07-31,1258.7951185910404
30906,Staten Island,Richmond County,2024-08-31,1252.6274990635795
30906,Staten Island,Richmond County,2024-09-30,1254.3074482126399
30906,Staten Island,Richmond County,2024-10-31,1259.221281782868
30906,Staten Island,Richmond County,2024-11-30,1255.4672798595172
30906,Staten Island,Richmond County,2024-12-31,1263.345825183027
30906,Staten Island,Richmond County,2025-01-31,1279.4089638606279
30906,Staten Island,Richmond County,2025-02-28,1307.7875408612654
30906,Staten Island,Richmond County,2025-03-31,1324.4216668860704
30906,Staten Island,Richmond County,2025-04-30,1333.8903848566451
30906,Staten Island,Richmond County,2025-05-31,1338.1229997038672
30906,Staten Island,Richmond County,2025-06-30,1325.4581422517274
30906,Staten Island,Richmond County,2025-07-31,1325.4472443494747
30906,Staten Island,Richmond County,2025-08-31,1333.1219175528247
30906,Staten Island,Richmond County,2025-09-30,1339.7569794174458
30906,Staten Island,Richmond County,2025-10-31,1334.93790361856
30906,Staten Island,Richmond County,2025-11-30,1327.9379192572217
30906,Staten Island,Richmond County,2025-12-31,1337.6645698788602
30906,Staten Island,Richmond County,2026-01-31,1351.4937923294224
30906,Staten Island,Richmond County,2026-02-28,1343.5829326206233
30906,Staten Island,Richmond County,2026-03-31,1328.7721297814037
30906,Staten Island,Richmond County,2026-04-30,1312.5575971219716
30906,Staten Island,Richmond County,2026-05-31,1319.1632489659814
30906,Staten Island,Richmond County,2026-06-30,1330.5829826023366
30906,Staten Island,Richmond County,2026-07-31,1349.1268518518518
11225,Brooklyn,Kings County,2015-01-31,2003.6312911064576
11225,Brooklyn,Kings County,2015-02-28,2081.5210192072077
11225,Brooklyn,Kings County,2015-03-31,2124.725305268032
11225,Brooklyn,Kings County,2015-04-30,2157.003640185908
11225,Brooklyn,Kings County,2015-05-31,2150.520494368461
11225,Brooklyn,Kings County,2015-06-30,2153.257659006468
11225,Brooklyn,Kings County,2015-07-31,2155.410066328027
11225,Brooklyn,Kings County,2015-08-31,2191.972662353389
11225,Brooklyn,Kings County,2015-09-30,2233.9940431411806
11225,Brooklyn,Kings County,2015-10-31,2250.0356881829975
11225,Brooklyn,Kings County,2015-11-30,2247.3630603602196
11225,Brooklyn,Kings County,2015-12-31,2246.7501864819337
11225,Brooklyn,Kings County,2016-01-31,2248.612272187879
11225,Brooklyn,Kings County,2016-02-29,2226.3605378427014
11225,Brooklyn,Kings County,2016-03-31,2235.08423327408
11225,Brooklyn,Kings County,2016-04-30,2245.53178306787
11225,Brooklyn,Kings County,2016-05-31,2259.8759590530226
11225,Brooklyn,Kings County,2016-06-30,2268.1815666839516
11225,Brooklyn,Kings County,2016-07-31,2278.873656434533
11225,Brooklyn,Kings County,2016-08-31,2313.028449287044
11225,Brooklyn,Kings County,2016-09-30,2336.589047140733
11225,Brooklyn,Kings County,2016-10-31,2361.2926890835197
11225,Brooklyn,Kings County,2016-11-30,2344.690573780881
11225,Brooklyn,Kings County,2016-12-31,2306.259254446347
11225,Brooklyn,Kings County,2017-01-31,2276.5188877489413
11225,Brooklyn,Kings County,2017-02-28,2267.88457473307
11225,Brooklyn,Kings County,2017-03-31,2265.923700056035
11225,Brooklyn,Kings County,2017-04-30,2290.6968769111363
11225,Brooklyn,Kings County,2017-05-31,2302.42941054848
11225,Brooklyn,Kings County,2017-06-30,2360.52182205173
11225,Brooklyn,Kings County,2017-07-31,2363.9115622301806
11225,Brooklyn,Kings County,2017-08-31,2386.1761045515104
11225,Brooklyn,Kings County,2017-09-30,2365.6553306135843
11225,Brooklyn,Kings County,2017-10-31,2360.423568418633
11225,Brooklyn,Kings County,2017-11-30,2354.4151544383476
11225,Brooklyn,Kings County,2017-12-31,2345.1398365962727
11225,Brooklyn,Kings County,2018-01-31,2356.7345699154266
11225,Brooklyn,Kings County,2018-02-28,2354.6488224976642
11225,Brooklyn,Kings County,2018-03-31,2372.137154153112
11225,Brooklyn,Kings County,2018-04-30,2380.2788479947635
11225,Brooklyn,Kings County,2018-05-31,2388.5802971748485
11225,Brooklyn,Kings County,2018-06-30,2401.5332749145055
11225,Brooklyn,Kings County,2018-07-31,2420.385923802407
11225,Brooklyn,Kings County,2018-08-31,2445.0145279447997
11225,Brooklyn,Kings County,2018-09-30,2452.9878035055644
11225,Brooklyn,Kings County,2018-10-31,2437.889730557772
11225,Brooklyn,Kings County,2018-11-30,2435.710352901194
11225,Brooklyn,Kings County,2018-12-31,2444.655861206366
11225,Brooklyn,Kings County,2019-01-31,2458.6028047579334
11225,Brooklyn,Kings County,2019-02-28,2461.2323260694325
11225,Brooklyn,Kings County,2019-03-31,2442.2258233240245
11225,Brooklyn,Kings County,2019-04-30,2438.844833890986
11225,Brooklyn,Kings County,2019-05-31,2458.527040782832
11225,Brooklyn,Kings County,2019-06-30,2494.4201300884424
11225,Brooklyn,Kings County,2019-07-31,2518.9664585742908
11225,Brooklyn,Kings County,2019-08-31,2543.800307140322
11225,Brooklyn,Kings County,2019-09-30,2571.591776193822
11225,Brooklyn,Kings County,2019-10-31,2578.088776605801
11225,Brooklyn,Kings County,2019-11-30,2554.187606527587
11225,Brooklyn,Kings County,2019-12-31,2517.9053235600823
11225,Brooklyn,Kings County,2020-01-31,2520.897394475352
11225,Brooklyn,Kings County,2020-02-29,2530.0108646078284
11225,Brooklyn,Kings County,2020-03-31,2533.0491568240413
11225,Brooklyn,Kings County,2020-04-30,2509.9907215760163
11225,Brooklyn,Kings County,2020-05-31,2505.636681843313
11225,Brooklyn,Kings County,2020-06-30,2497.707382511143
11225,Brooklyn,Kings County,2020-07-31,2481.8313929360866
11225,Brooklyn,Kings County,2020-08-31,2455.792428265523
11225,Brooklyn,Kings County,2020-09-30,2414.7715212686644
11225,Brooklyn,Kings County,2020-10-31,2368.5123661431367
11225,Brooklyn,Kings County,2020-11-30,2304.1268115503863
11225,Brooklyn,Kings County,2020-12-31,2265.5148816374735
11225,Brooklyn,Kings County,2021-01-31,2267.7300295607865
11225,Brooklyn,Kings County,2021-02-28,2287.288684835882
11225,Brooklyn,Kings County,2021-03-31,2298.1567570948973
11225,Brooklyn,Kings County,2021-04-30,2338.2221990895287
11225,Brooklyn,Kings County,2021-05-31,2372.149971425495
11225,Brooklyn,Kings County,2021-06-30,2440.0957739396063
11225,Brooklyn,Kings County,2021-07-31,2465.986201841806
11225,Brooklyn,Kings County,2021-08-31,2491.948182786623
11225,Brooklyn,Kings County,2021-09-30,2497.615279654588
11225,Brooklyn,Kings County,2021-10-31,2523.604935485438
11225,Brooklyn,Kings County,2021-11-30,2537.644542947457
11225,Brooklyn,Kings County,2021-12-31,2568.140202722907
11225,Brooklyn,Kings County,2022-01-31,2564.888700201191
11225,Brooklyn,Kings County,2022-02-28,2567.6645666195423
11225,Brooklyn,Kings County,2022-03-31,2615.0977989247103
11225,Brooklyn,Kings County,2022-04-30,2659.879543580863
11225,Brooklyn,Kings County,2022-05-31,2735.837796654492
11225,Brooklyn,Kings County,2022-06-30,2752.3608854674326
11225,Brooklyn,Kings County,2022-07-31,2818.7276182198307
11225,Brooklyn,Kings County,2022-08-31,2876.751989949536
11225,Brooklyn,Kings County,2022-09-30,2933.4487795957316
11225,Brooklyn,Kings County,2022-10-31,2924.6039732393233
11225,Brooklyn,Kings County,2022-11-30,2891.12484000359
11225,Brooklyn,Kings County,2022-12-31,2857.6825952445447
11225,Brooklyn,Kings County,2023-01-31,2854.2510733485647
11225,Brooklyn,Kings County,2023-02-28,2856.018918981125
11225,Brooklyn,Kings County,2023-03-31,2864.1633798843586
11225,Brooklyn,Kings County,2023-04-30,2899.649738034264
11225,Brooklyn,Kings County,2023-05-31,2958.2345975240864
11225,Brooklyn,Kings County,2023-06-30,2991.5369189338667
11225,Brooklyn,Kings County,2023-07-31,3003.8436437612427
11225,Brooklyn,Kings County,2023-08-31,3001.036699945195
11225,Brooklyn,Kings County,2023-09-30,3017.6727313616398
11225,Brooklyn,Kings County,2023-10-31,2998.0087682482153
11225,Brooklyn,Kings County,2023-11-30,2979.401203474171
11225,Brooklyn,Kings County,2023-12-31,3032.01024561356
11225,Brooklyn,Kings County,2024-01-31,3061.156076850917
11225,Brooklyn,Kings County,2024-02-29,3099.731414162981
11225,Brooklyn,Kings County,2024-03-31,3050.0675867570676
11225,Brooklyn,Kings County,2024-04-30,3049.047083657002
11225,Brooklyn,Kings County,2024-05-31,3044.292247486867
11225,Brooklyn,Kings County,2024-06-30,3069.3433660038336
11225,Brooklyn,Kings County,2024-07-31,3091.5860971604234
11225,Brooklyn,Kings County,2024-08-31,3091.6599244775016
11225,Brooklyn,Kings County,2024-09-30,3057.5051424329345
11225,Brooklyn,Kings County,2024-10-31,3024.0784022851103
11225,Brooklyn,Kings County,2024-11-30,3025.4078062733456
11225,Brooklyn,Kings County,2024-12-31,2999.369709370923
11225,Brooklyn,Kings County,2025-01-31,3002.119439465101
11225,Brooklyn,Kings County,2025-02-28,2998.1000314046646
11225,Brooklyn,Kings County,2025-03-31,3069.606631200103
11225,Brooklyn,Kings County,2025-04-30,3104.6918645357837
11225,Brooklyn,Kings County,2025-05-31,3155.3449159146912
11225,Brooklyn,Kings County,2025-06-30,3199.1521009158087
11225,Brooklyn,Kings County,2025-07-31,3232.7390735615795
11225,Brooklyn,Kings County,2025-08-31,3270.4856759255063
11225,Brooklyn,Kings County,2025-09-30,3251.5057852290497
11225,Brooklyn,Kings County,2025-10-31,3242.8117940007514
11225,Brooklyn,Kings County,2025-11-30,3174.5034157639775
11225,Brooklyn,Kings County,2025-12-31,3180.022302743791
11225,Brooklyn,Kings County,2026-01-31,3176.437907680978
11225,Brooklyn,Kings County,2026-02-28,3188.474393284436
11225,Brooklyn,Kings County,2026-03-31,3199.5009951396873
11225,Brooklyn,Kings County,2026-04-30,3236.265363496522
11225,Brooklyn,Kings County,2026-05-31,3321.556946586786
11225,Brooklyn,Kings County,2026-06-30,3417.5270229143584
11225,Brooklyn,Kings County,2026-07-31,3473.951739618406
10128,Manhattan,New York County,2015-01-31,2669.1347168372145
10128,Manhattan,New York County,2015-02-28,2677.3592744994976
10128,Manhattan,New York County,2015-03-31,2701.729123189776
10128,Manhattan,New York County,2015-04-30,2719.7505040073415
10128,Manhattan,New York County,2015-05-31,2762.7209920912383
10128,Manhattan,New York County,2015-06-30,2773.007800528158
10128,Manhattan,New York County,2015-07-31,2780.2130939871117
10128,Manhattan,New York County,2015-08-31,2780.357123374262
10128,Manhattan,New York County,2015-09-30,2790.933727207009
10128,Manhattan,New York County,2015-10-31,2781.8164617031357
10128,Manhattan,New York County,2015-11-30,2757.2403810001797
10128,Manhattan,New York County,2015-12-31,2742.022752835144
10128,Manhattan,New York County,2016-01-31,2743.7873119841643
10128,Manhattan,New York County,2016-02-29,2755.9624128151163
10128,Manhattan,New York County,2016-03-31,2759.599036212342
10128,Manhattan,New York County,2016-04-30,2770.964350760971
10128,Manhattan,New York County,2016-05-31,2791.8672479486117
10128,Manhattan,New York County,2016-06-30,2814.6204505212695
10128,Manhattan,New York County,2016-07-31,2830.3990491748564
10128,Manhattan,New York County,2016-08-31,2821.8379989998
10128,Manhattan,New York County,2016-09-30,2808.984536704249
10128,Manhattan,New York County,2016-10-31,2782.5264918060348
10128,Manhattan,New York County,2016-11-30,2771.322820105291
10128,Manhattan,New York County,2016-12-31,2755.5134869702897
10128,Manhattan,New York County,2017-01-31,2758.5296596355306
10128,Manhattan,New York County,2017-02-28,2757.3153249038783
10128,Manhattan,New York County,2017-03-31,2777.0271668733153
10128,Manhattan,New York County,2017-04-30,2803.697109765784
10128,Manhattan,New York County,2017-05-31,2826.928086987572
10128,Manhattan,New York County,2017-06-30,2847.413967772633
10128,Manhattan,New York County,2017-07-31,2865.8028696685037
10128,Manhattan,New York County,2017-08-31,2872.930312881454
10128,Manhattan,New York County,2017-09-30,2858.155298202285
10128,Manhattan,New York County,2017-10-31,2824.6957892076475
10128,Manhattan,New York County,2017-11-30,2801.685596903335
10128,Manhattan,New York County,2017-12-31,2794.8461516633115
10128,Manhattan,New York County,2018-01-31,2783.7167999676835
10128,Manhattan,New York County,2018-02-28,2795.1433541929837
10128,Manhattan,New York County,2018-03-31,2813.2811820036545
10128,Manhattan,New York County,2018-04-30,2846.6405461575023
10128,Manhattan,New York County,2018-05-31,2875.577068333571
10128,Manhattan,New York County,2018-06-30,2901.296864766278
10128,Manhattan,New York County,2018-07-31,2930.696040290986
10128,Manhattan,New York County,2018-08-31,2934.7153990797997
10128,Manhattan,New York County,2018-09-30,2928.0471722879547
10128,Manhattan,New York County,2018-10-31,2911.0078104988047
10128,Manhattan,New York County,2018-11-30,2915.510093119537
10128,Manhattan,New York County,2018-12-31,2908.149495329993
10128,Manhattan,New York County,2019-01-31,2905.510074277456
10128,Manhattan,New York County,2019-02-28,2902.809978719799
10128,Manhattan,New York County,2019-03-31,2924.489238956136
10128,Manhattan,New York County,2019-04-30,2954.318190555698
10128,Manhattan,New York County,2019-05-31,2966.519215704603
10128,Manhattan,New York County,2019-06-30,2986.0499712647065
10128,Manhattan,New York County,2019-07-31,2994.1053655956403
10128,Manhattan,New York County,2019-08-31,3009.7905253503436
10128,Manhattan,New York County,2019-09-30,3014.644057669452
10128,Manhattan,New York County,2019-10-31,3004.58380968541
10128,Manhattan,New York County,2019-11-30,2997.902395755207
10128,Manhattan,New York County,2019-12-31,3002.1636334772725
10128,Manhattan,New York County,2020-01-31,3012.558352353524
10128,Manhattan,New York County,2020-02-29,3033.3236609635856
10128,Manhattan,New York County,2020-03-31,3034.5600514634675
10128,Manhattan,New York County,2020-04-30,3026.0492478634023
10128,Manhattan,New York County,2020-05-31,2993.8547555628834
10128,Manhattan,New York County,2020-06-30,2956.265991488186
10128,Manhattan,New York County,2020-07-31,2903.195268642941
10128,Manhattan,New York County,2020-08-31,2815.8049051204634
10128,Manhattan,New York County,2020-10-31,2643.773435330579
10128,Manhattan,New York County,2020-11-30,2566.103734306886
10128,Manhattan,New York County,2020-12-31,2521.952352638373
10128,Manhattan,New York County,2021-01-31,2476.762278905759
10128,Manhattan,New York County,2021-02-28,2508.575359880238
10128,Manhattan,New York County,2021-03-31,2562.2143525970114
10128,Manhattan,New York County,2021-04-30,2599.968883803079
10128,Manhattan,New York County,2021-05-31,2637.8530080966916
10128,Manhattan,New York County,2021-06-30,2679.620647675128
10128,Manhattan,New York County,2021-07-31,2767.7967905792802
10128,Manhattan,New York County,2021-08-31,2855.745671073506
10128,Manhattan,New York County,2021-09-30,2928.3093527033816
10128,Manhattan,New York County,2021-10-31,2997.797497771526
10128,Manhattan,New York County,2021-11-30,3032.8414988240875
10128,Manhattan,New York County,2021-12-31,3075.7226687682714
10128,Manhattan,New York County,2022-01-31,3116.1032142487747
10128,Manhattan,New York County,2022-02-28,3182.2826173811554
10128,Manhattan,New York County,2022-03-31,3253.4293241072523
10128,Manhattan,New York County,2022-04-30,3313.8768157593768
10128,Manhattan,New York County,2022-05-31,3380.4775356258265
10128,Manhattan,New York County,2022-06-30,3450.901925644923
10128,Manhattan,New York County,2022-07-31,3498.357958143613
10128,Manhattan,New York County,2022-08-31,3523.3286032747114
10128,Manhattan,New York County,2022-09-30,3510.8092910916507
10128,Manhattan,New York County,2022-10-31,3489.3422589428196
10128,Manhattan,New York County,2022-11-30,3449.416025636515
10128,Manhattan,New York County,2022-12-31,3412.935011636346
10128,Manhattan,New York County,2023-01-31,3406.2982694587895
10128,Manhattan,New York County,2023-02-28,3428.3251700817195
10128,Manhattan,New York County,2023-03-31,3464.1348813079744
10128,Manhattan,New York County,2023-04-30,3518.3570352536217
10128,Manhattan,New York County,2023-05-31,3563.3031581953924
10128,Manhattan,New York County,2023-06-30,3609.8272956386836
10128,Manhattan,New York County,2023-07-31,3627.2816364772398
10128,Manhattan,New York County,2023-08-31,3631.7262241521303
10128,Manhattan,New York County,2023-09-30,3612.667951687344
10128,Manhattan,New York County,2023-10-31,3582.2131755869195
10128,Manhattan,New York County,2023-11-30,3527.786965326595
10128,Manhattan,New York County,2023-12-31,3488.8556853959353
10128,Manhattan,New York County,2024-01-31,3474.146309927294
10128,Manhattan,New York County,2024-02-29,3493.87412904392
10128,Manhattan,New York County,2024-03-31,3554.6149081388307
10128,Manhattan,New York County,2024-04-30,3608.6723098836637
10128,Manhattan,New York County,2024-05-31,3671.582847124839
10128,Manhattan,New York County,2024-06-30,3709.1043347627888
10128,Manhattan,New York County,2024-07-31,3726.5627204593125
10128,Manhattan,New York County,2024-08-31,3738.681771523736
10128,Manhattan,New York County,2024-09-30,3723.9911127391883
10128,Manhattan,New York County,2024-10-31,3710.313295175594
10128,Manhattan,New York County,2024-11-30,3696.8657676832295
10128,Manhattan,New York County,2024-12-31,3656.196525582779
10128,Manhattan,New York County,2025-01-31,3662.2023529724556
10128,Manhattan,New York County,2025-02-28,3688.15430647005
10128,Manhattan,New York County,2025-03-31,3754.83136666322
10128,Manhattan,New York County,2025-04-30,3805.4949204366326
10128,Manhattan,New York County,2025-05-31,3858.3339230202355
10128,Manhattan,New York County,2025-06-30,3946.69869774599
10128,Manhattan,New York County,2025-07-31,4019.5592932211275
10128,Manhattan,New York County,2025-08-31,4054.9750166523686
10128,Manhattan,New York County,2025-09-30,4053.03859803013
10128,Manhattan,New York County,2025-10-31,4037.058704053524
10128,Manhattan,New York County,2025-11-30,4003.281876525172
10128,Manhattan,New York County,2025-12-31,3961.6523061278144
10128,Manhattan,New York County,2026-01-31,3940.475998268273
10128,Manhattan,New York County,2026-02-28,3960.7456137618256
10128,Manhattan,New York County,2026-03-31,4010.009109152223
10128,Manhattan,New York County,2026-04-30,4076.7398155927676
10128,Manhattan,New York County,2026-05-31,4167.761324829479
10128,Manhattan,New York County,2026-06-30,4244.950766784731
10128,Manhattan,New York County,2026-07-31,4305.3787169132
10473,Bronx,Bronx County,2026-03-31,2686.3733570082654
10473,Bronx,Bronx County,2026-04-30,2714.014037830911
10473,Bronx,Bronx County,2026-05-31,2800.6019289369406
10473,Bronx,Bronx County,2026-06-30,2837.509350053237
10473,Bronx,Bronx County,2026-07-31,2909.8888888888887
10009,Manhattan,New York County,2015-01-31,3135.5860259323395
10009,Manhattan,New York County,2015-02-28,3146.4964528337696
10009,Manhattan,New York County,2015-03-31,3149.6244864753903
10009,Manhattan,New York County,2015-04-30,3201.5030448694056
10009,Manhattan,New York County,2015-05-31,3229.4534027137624
10009,Manhattan,New York County,2015-06-30,3271.0386978765932
10009,Manhattan,New York County,2015-07-31,3272.9131617061907
10009,Manhattan,New York County,2015-08-31,3268.39451632818
10009,Manhattan,New York County,2015-09-30,3237.8392165380137
10009,Manhattan,New York County,2015-10-31,3212.665193499407
10009,Manhattan,New York County,2015-11-30,3199.391648447968
10009,Manhattan,New York County,2015-12-31,3202.055601631969
10009,Manhattan,New York County,2016-01-31,3231.0834970581573
10009,Manhattan,New York County,2016-02-29,3220.8840824319864
10009,Manhattan,New York County,2016-03-31,3236.2799008078046
10009,Manhattan,New York County,2016-04-30,3244.2775668820996
10009,Manhattan,New York County,2016-05-31,3296.168090111083
10009,Manhattan,New York County,2016-06-30,3333.3401803402467
10009,Manhattan,New York County,2016-07-31,3336.7635970868323
10009,Manhattan,New York County,2016-08-31,3341.4956820490615
10009,Manhattan,New York County,2016-09-30,3313.7373910225033
10009,Manhattan,New York County,2016-10-31,3298.0483679396016
10009,Manhattan,New York County,2016-11-30,3269.1541995801285
10009,Manhattan,New York County,2016-12-31,3246.116008031866
10009,Manhattan,New York County,2017-01-31,3251.932912558979
10009,Manhattan,New York County,2017-02-28,3254.2644956349773
10009,Manhattan,New York County,2017-03-31,3287.8365752368945
10009,Manhattan,New York County,2017-04-30,3318.7235859204147
10009,Manhattan,New York County,2017-05-31,3359.2428364626367
10009,Manhattan,New York County,2017-06-30,3390.342904854692
10009,Manhattan,New York County,2017-07-31,3397.4520356239273
10009,Manhattan,New York County,2017-08-31,3393.05055828268
10009,Manhattan,New York County,2017-09-30,3364.262024320745
10009,Manhattan,New York County,2017-10-31,3326.694299180061
10009,Manhattan,New York County,2017-11-30,3268.2259893639894
10009,Manhattan,New York County,2017-12-31,3247.2892614682396
10009,Manhattan,New York County,2018-01-31,3257.7746519127527
10009,Manhattan,New York County,2018-02-28,3298.2768365849784
10009,Manhattan,New York County,2018-03-31,3320.006426227641
10009,Manhattan,New York County,2018-04-30,3352.283765905776
10009,Manhattan,New York County,2018-05-31,3390.4199325195127
10009,Manhattan,New York County,2018-06-30,3426.4072490694894
10009,Manhattan,New York County,2018-07-31,3435.3126872532503
10009,Manhattan,New York County,2018-08-31,3435.734925205104
10009,Manhattan,New York County,2018-09-30,3428.342647138752
10009,Manhattan,New York County,2018-10-31,3401.3956925285092
10009,Manhattan,New York County,2018-11-30,3358.8489535982353
10009,Manhattan,New York County,2018-12-31,3344.4861774327715
10009,Manhattan,New York County,2019-01-31,3342.6578516096165
10009,Manhattan,New York County,2019-02-28,3366.8614166317248
10009,Manhattan,New York County,2019-03-31,3396.8404046169785
10009,Manhattan,New York County,2019-04-30,3437.9077300628405
10009,Manhattan,New York County,2019-05-31,3488.7433088013336
10009,Manhattan,New York County,2019-06-30,3516.5441908881967
10009,Manhattan,New York County,2019-07-31,3550.4523202058012
10009,Manhattan,New York County,2019-08-31,3546.505455741923
10009,Manhattan,New York County,2019-09-30,3543.7242053303744
10009,Manhattan,New York County,2019-10-31,3494.9064374183567
10009,Manhattan,New York County,2019-11-30,3466.860710640123
10009,Manhattan,New York County,2019-12-31,3451.5698355651953
10009,Manhattan,New York County,2020-01-31,3474.6817431074232
10009,Manhattan,New York County,2020-02-29,3496.661321770841
10009,Manhattan,New York County,2020-03-31,3512.1916307987844
10009,Manhattan,New York County,2020-04-30,3523.034054962369
10009,Manhattan,New York County,2020-05-31,3504.1558341933173
10009,Manhattan,New York County,2020-06-30,3456.9898614294843
10009,Manhattan,New York County,2020-07-31,3359.319790640807
10009,Manhattan,New York County,2020-08-31,3242.8511823244003
10009,Manhattan,New York County,2020-11-30,2825.8482813463092
10009,Manhattan,New York County,2020-12-31,2776.918466801472
10009,Manhattan,New York County,2021-01-31,2752.5669328779168
10009,Manhattan,New York County,2021-02-28,2776.1767534460905
10009,Manhattan,New York County,2021-03-31,2837.6412643937133
10009,Manhattan,New York County,2021-04-30,2958.562846298799
10009,Manhattan,New York County,2021-05-31,3091.282071428609
10009,Manhattan,New York County,2021-06-30,3269.9022889503626
10009,Manhattan,New York County,2021-07-31,3427.4904506805237
10009,Manhattan,New York County,2021-08-31,3564.1229280087
10009,Manhattan,New York County,2021-09-30,3635.6397404187937
10009,Manhattan,New York County,2021-10-31,3667.8306269819063
10009,Manhattan,New York County,2021-11-30,3705.142608257159
10009,Manhattan,New York County,2021-12-31,3735.211995787778
10009,Manhattan,New York County,2022-01-31,3757.7270618167104
10009,Manhattan,New York County,2022-02-28,3778.5357624721546
10009,Manhattan,New York County,2022-03-31,3828.215300059105
10009,Manhattan,New York County,2022-04-30,3928.7024770460785
10009,Manhattan,New York County,2022-05-31,4027.7603275512215
10009,Manhattan,New York County,2022-06-30,4128.233143139463
10009,Manhattan,New York County,2022-07-31,4197.1356789556
10009,Manhattan,New York County,2022-08-31,4234.899662850345
10009,Manhattan,New York County,2022-09-30,4230.040333937422
10009,Manhattan,New York County,2022-10-31,4165.912339349872
10009,Manhattan,New York County,2022-11-30,4098.506073079392
10009,Manhattan,New York County,2022-12-31,4049.0280488299054
10009,Manhattan,New York County,2023-01-31,4010.1787566008265
10009,Manhattan,New York County,2023-02-28,4008.04191148769
10009,Manhattan,New York County,2023-03-31,4025.0570299114243
10009,Manhattan,New York County,2023-04-30,4103.22872814579
10009,Manhattan,New York County,2023-05-31,4197.732125422085
10009,Manhattan,New York County,2023-06-30,4265.281644519426
10009,Manhattan,New York County,2023-07-31,4304.919222396311
10009,Manhattan,New York County,2023-08-31,4291.958361697572
10009,Manhattan,New York County,2023-09-30,4277.619025397443
10009,Manhattan,New York County,2023-10-31,4225.073490823758
10009,Manhattan,New York County,2023-11-30,4190.628735080733
10009,Manhattan,New York County,2023-12-31,4137.241382778576
10009,Manhattan,New York County,2024-01-31,4124.858629741961
10009,Manhattan,New York County,2024-02-29,4114.3248959043785
10009,Manhattan,New York County,2024-03-31,4147.4016208778285
10009,Manhattan,New York County,2024-04-30,4221.082283120258
10009,Manhattan,New York County,2024-05-31,4304.219750709182
10009,Manhattan,New York County,2024-06-30,4374.348682156387
10009,Manhattan,New York County,2024-07-31,4389.309138338273
10009,Manhattan,New York County,2024-08-31,4384.245989684528
10009,Manhattan,New York County,2024-09-30,4356.106588675407
10009,Manhattan,New York County,2024-10-31,4338.39166953465
10009,Manhattan,New York County,2024-11-30,4278.93069262291
10009,Manhattan,New York County,2024-12-31,4238.072566279975
10009,Manhattan,New York County,2025-01-31,4230.8213541817
10009,Manhattan,New York County,2025-02-28,4280.012986570799
10009,Manhattan,New York County,2025-03-31,4364.552182988968
10009,Manhattan,New York County,2025-04-30,4441.360533456241
10009,Manhattan,New York County,2025-05-31,4510.00938583234
10009,Manhattan,New York County,2025-06-30,4594.85830213094
10009,Manhattan,New York County,2025-07-31,4670.455306873654
10009,Manhattan,New York County,2025-08-31,4734.183544136536
10009,Manhattan,New York County,2025-09-30,4763.512067672234
10009,Manhattan,New York County,2025-10-31,4768.869168865215
10009,Manhattan,New York County,2025-11-30,4720.687857837213
10009,Manhattan,New York County,2025-12-31,4677.564895225486
10009,Manhattan,New York County,2026-01-31,4645.96816323373
10009,Manhattan,New York County,2026-02-28,4670.095463719317
10009,Manhattan,New York County,2026-03-31,4691.332259743323
10009,Manhattan,New York County,2026-04-30,4784.537574959367
10009,Manhattan,New York County,2026-05-31,4898.760274427527
10009,Manhattan,New York County,2026-06-30,5023.515753270117
10009,Manhattan,New York County,2026-07-31,5052.46145953022
11354,Queens,Queens County,2016-05-31,1777.7285965310905
11354,Queens,Queens County,2016-06-30,1770.8159816544141
11354,Queens,Queens County,2016-07-31,1797.295558924803
11354,Queens,Queens County,2016-08-31,1814.4955868013549
11354,Queens,Queens County,2016-09-30,1827.7106996069385
11354,Queens,Queens County,2016-10-31,1814.99127603366
11354,Queens,Queens County,2016-11-30,1826.8367020163023
11354,Queens,Queens County,2016-12-31,1806.1117242318542
11354,Queens,Queens County,2017-01-31,1806.063243167021
11354,Queens,Queens County,2017-02-28,1809.3081911129154
11354,Queens,Queens County,2017-03-31,1830.3870343739445
11354,Queens,Queens County,2017-04-30,1839.6560316577018
11354,Queens,Queens County,2017-05-31,1863.9014116803596
11354,Queens,Queens County,2017-06-30,1869.4104991268462
11354,Queens,Queens County,2017-07-31,1885.4003148378874
11354,Queens,Queens County,2017-08-31,1880.902414936672
11354,Queens,Queens County,2017-09-30,1877.1261860241214
11354,Queens,Queens County,2017-10-31,1865.8757982719374
11354,Queens,Queens County,2017-11-30,1851.525202676123
11354,Queens,Queens County,2017-12-31,1849.707893359948
11354,Queens,Queens County,2018-01-31,1873.4259598980298
11354,Queens,Queens County,2018-02-28,1895.957190275764
11354,Queens,Queens County,2018-03-31,1925.994086975249
11354,Queens,Queens County,2018-04-30,1916.348984229697
11354,Queens,Queens County,2018-05-31,1882.4089271326893
11354,Queens,Queens County,2018-06-30,1893.9157311203185
11354,Queens,Queens County,2018-07-31,1912.0920409475518
11354,Queens,Queens County,2018-08-31,1962.2550600617392
11354,Queens,Queens County,2018-09-30,1929.9563750272798
11354,Queens,Queens County,2018-10-31,1919.697023382245
11354,Queens,Queens County,2018-11-30,1899.535692595779
11354,Queens,Queens County,2018-12-31,1885.35610514056
11354,Queens,Queens County,2019-01-31,1876.894129928952
11354,Queens,Queens County,2019-02-28,1887.281893215865
11354,Queens,Queens County,2019-03-31,1945.7697820748356
11354,Queens,Queens County,2019-04-30,1955.552804372818
11354,Queens,Queens County,2019-05-31,1950.5536402211123
11354,Queens,Queens County,2019-06-30,1931.2674739793
11354,Queens,Queens County,2019-07-31,1943.2637407931127
11354,Queens,Queens County,2019-08-31,1948.5735980304537
11354,Queens,Queens County,2019-09-30,1959.23047402035
11354,Queens,Queens County,2019-10-31,1958.5790620312277
11354,Queens,Queens County,2019-11-30,1966.2884532947924
11354,Queens,Queens County,2019-12-31,1956.1981685487676
11354,Queens,Queens County,2020-01-31,1938.93282694208
11354,Queens,Queens County,2020-02-29,1938.3037151461147
11354,Queens,Queens County,2020-03-31,1950.7467829478906
11354,Queens,Queens County,2020-04-30,1996.7754165260856
11354,Queens,Queens County,2020-05-31,1997.69711721814
11354,Queens,Queens County,2020-06-30,1999.0689521003437
11354,Queens,Queens County,2020-07-31,1936.6059706026178
11354,Queens,Queens County,2020-08-31,1904.5675169637452
11354,Queens,Queens County,2020-09-30,1867.4356991744685
11354,Queens,Queens County,2020-10-31,1881.0651943600635
11354,Queens,Queens County,2020-11-30,1907.0291240208157
11354,Queens,Queens County,2020-12-31,1928.7729877401068
11354,Queens,Queens County,2021-01-31,1902.1196696838476
11354,Queens,Queens County,2021-02-28,1862.9364204599358
11354,Queens,Queens County,2021-03-31,1852.1405860390228
11354,Queens,Queens County,2021-04-30,1893.5846661579612
11354,Queens,Queens County,2021-05-31,1899.955991165187
11354,Queens,Queens County,2021-06-30,1918.9992787639483
11354,Queens,Queens County,2021-07-31,1934.8101625170418
11354,Queens,Queens County,2021-08-31,1996.8671738969372
11354,Queens,Queens County,2021-09-30,2001.6439949186918
11354,Queens,Queens County,2021-10-31,1984.4126606683822
11354,Queens,Queens County,2021-11-30,1999.8073890859716
11354,Queens,Queens County,2021-12-31,2007.7946066571567
11354,Queens,Queens County,2022-01-31,2024.747009503445
11354,Queens,Queens County,2022-02-28,2017.4303828350749
11354,Queens,Queens County,2022-03-31,2031.7337238471575
11354,Queens,Queens County,2022-04-30,2024.2814426391724
11354,Queens,Queens County,2022-05-31,2032.0469960208775
11354,Queens,Queens County,2022-06-30,2061.236235766764
11354,Queens,Queens County,2022-07-31,2128.9393151168715
11354,Queens,Queens County,2022-08-31,2181.6087812704177
11354,Queens,Queens County,2022-09-30,2185.8782257094463
11354,Queens,Queens County,2022-10-31,2180.199190555836
11354,Queens,Queens County,2022-11-30,2152.9626525182143
11354,Queens,Queens County,2022-12-31,2155.9412527330087
11354,Queens,Queens County,2023-01-31,2171.7891472970246
11354,Queens,Queens County,2023-02-28,2203.8895221379407
11354,Queens,Queens County,2023-03-31,2239.7451632803463
11354,Queens,Queens County,2023-04-30,2231.9130840787316
11354,Queens,Queens County,2023-05-31,2220.4362319738307
11354,Queens,Queens County,2023-06-30,2220.075078121348
11354,Queens,Queens County,2023-07-31,2263.6050857979103
11354,Queens,Queens County,2023-08-31,2274.7361463910306
11354,Queens,Queens County,2023-09-30,2285.76046888452
11354,Queens,Queens County,2023-10-31,2281.306260939849
11354,Queens,Queens County,2023-11-30,2277.1404580318926
11354,Queens,Queens County,2023-12-31,2300.5558229993344
11354,Queens,Queens County,2024-01-31,2306.4094139164686
11354,Queens,Queens County,2024-02-29,2337.6480417506077
11354,Queens,Queens County,2024-03-31,2343.088698494206
11354,Queens,Queens County,2024-04-30,2364.427610134699
11354,Queens,Queens County,2024-05-31,2369.477871568459
11354,Queens,Queens County,2024-06-30,2380.4490546241545
11354,Queens,Queens County,2024-07-31,2375.2694654468582
11354,Queens,Queens County,2024-08-31,2401.948207801365
11354,Queens,Queens County,2024-09-30,2398.1977206938145
11354,Queens,Queens County,2024-10-31,2425.824705850109
11354,Queens,Queens County,2024-11-30,2401.512022367847
11354,Queens,Queens County,2024-12-31,2390.02486899589
11354,Queens,Queens County,2025-01-31,2375.959745832798
11354,Queens,Queens County,2025-02-28,2400.5441901559348
11354,Queens,Queens County,2025-03-31,2450.464995958332
11354,Queens,Queens County,2025-04-30,2487.3606317103327
11354,Queens,Queens County,2025-05-31,2497.2649308145506
11354,Queens,Queens County,2025-06-30,2507.7969474896177
11354,Queens,Queens County,2025-07-31,2528.5516363929787
11354,Queens,Queens County,2025-08-31,2591.9636180460834
11354,Queens,Queens County,2025-09-30,2603.87532718433
11354,Queens,Queens County,2025-10-31,2569.986444919021
11354,Queens,Queens County,2025-11-30,2527.8936538073267
11354,Queens,Queens County,2025-12-31,2595.667779556641
11354,Queens,Queens County,2026-01-31,2584.6395641486934
11354,Queens,Queens County,2026-02-28,2611.985571730996
11354,Queens,Queens County,2026-03-31,2521.459203398295
11354,Queens,Queens County,2026-04-30,2576.0581676843635
11354,Queens,Queens County,2026-05-31,2611.1547766756657
11354,Queens,Queens County,2026-06-30,2640.675489772914
11354,Queens,Queens County,2026-07-31,2674.264705882353
10306,Staten Island,Richmond County,2024-11-30,2334.0419112704553
10306,Staten Island,Richmond County,2024-12-31,2334.559571641991
10306,Staten Island,Richmond County,2025-01-31,2443.014668386066
10306,Staten Island,Richmond County,2025-02-28,2467.0303092531444
10306,Staten Island,Richmond County,2025-03-31,2561.0312728356093
10306,Staten Island,Richmond County,2025-04-30,2570.382244651304
10306,Staten Island,Richmond County,2025-05-31,2542.30433416111
10306,Staten Island,Richmond County,2025-06-30,2506.1980745733104
10306,Staten Island,Richmond County,2025-07-31,2539.7531477008865
10306,Staten Island,Richmond County,2025-08-31,2546.408232738987
10306,Staten Island,Richmond County,2025-09-30,2577.181910477625
10306,Staten Island,Richmond County,2025-10-31,2559.6012883959315
10306,Staten Island,Richmond County,2025-11-30,2697.6664796498712
10306,Staten Island,Richmond County,2025-12-31,2739.002394673258
10306,Staten Island,Richmond County,2026-01-31,2740.8460657521136
10306,Staten Island,Richmond County,2026-02-28,2629.3721658419945
10306,Staten Island,Richmond County,2026-03-31,2585.6599682102824
10306,Staten Island,Richmond County,2026-04-30,2612.3912751692515
10306,Staten Island,Richmond County,2026-05-31,2697.317335704593
10306,Staten Island,Richmond County,2026-06-30,2655.6975720579517
10306,Staten Island,Richmond County,2026-07-31,2592.1717171717173
10003,Manhattan,New York County,2015-01-31,3250.720247582321
10003,Manhattan,New York County,2015-02-28,3247.450222070133
10003,Manhattan,New York County,2015-03-31,3274.203891112514
10003,Manhattan,New York County,2015-04-30,3329.5465284712127
10003,Manhattan,New York County,2015-05-31,3367.919973074394
10003,Manhattan,New York County,2015-06-30,3392.592800164019
10003,Manhattan,New York County,2015-07-31,3398.55530980955
10003,Manhattan,New York County,2015-08-31,3408.6745584116984
10003,Manhattan,New York County,2015-09-30,3388.417649703863
10003,Manhattan,New York County,2015-10-31,3368.2346581364454
10003,Manhattan,New York County,2015-11-30,3337.3118562827576
10003,Manhattan,New York County,2015-12-31,3338.2836490779664
10003,Manhattan,New York County,2016-01-31,3351.017496856444
10003,Manhattan,New York County,2016-02-29,3360.820173545592
10003,Manhattan,New York County,2016-03-31,3380.538492673776
10003,Manhattan,New York County,2016-04-30,3379.9026856316545
10003,Manhattan,New York County,2016-05-31,3419.012172041694
10003,Manhattan,New York County,2016-06-30,3428.481538918768
10003,Manhattan,New York County,2016-07-31,3457.8106287430346
10003,Manhattan,New York County,2016-08-31,3453.198455942351
10003,Manhattan,New York County,2016-09-30,3455.2394571127193
10003,Manhattan,New York County,2016-10-31,3411.2978146816563
10003,Manhattan,New York County,2016-11-30,3396.212510939671
10003,Manhattan,New York County,2016-12-31,3352.615822051616
10003,Manhattan,New York County,2017-01-31,3361.261030947976
10003,Manhattan,New York County,2017-02-28,3359.426041461075
10003,Manhattan,New York County,2017-03-31,3396.881594107115
10003,Manhattan,New York County,2017-04-30,3430.1140567468406
10003,Manhattan,New York County,2017-05-31,3464.143002766753
10003,Manhattan,New York County,2017-06-30,3493.209453000919
10003,Manhattan,New York County,2017-07-31,3495.9597538394355
10003,Manhattan,New York County,2017-08-31,3484.75799133546
10003,Manhattan,New York County,2017-09-30,3461.8773299330646
10003,Manhattan,New York County,2017-10-31,3440.931822335243
10003,Manhattan,New York County,2017-11-30,3407.813243999833
10003,Manhattan,New York County,2017-12-31,3382.110135003842
10003,Manhattan,New York County,2018-01-31,3367.8758560144156
10003,Manhattan,New York County,2018-02-28,3375.7489750137684
10003,Manhattan,New York County,2018-03-31,3413.219934539654
10003,Manhattan,New York County,2018-04-30,3450.108164546144
10003,Manhattan,New York County,2018-05-31,3497.763506326356
10003,Manhattan,New York County,2018-06-30,3518.5170162850413
10003,Manhattan,New York County,2018-07-31,3541.2237373553908
10003,Manhattan,New York County,2018-08-31,3551.2660280215646
10003,Manhattan,New York County,2018-09-30,3548.3515335168304
10003,Manhattan,New York County,2018-10-31,3530.9666919444217
10003,Manhattan,New York County,2018-11-30,3537.635814332918
10003,Manhattan,New York County,2018-12-31,3506.8935850458697
10003,Manhattan,New York County,2019-01-31,3479.6468929614575
10003,Manhattan,New York County,2019-02-28,3446.9396940034585
10003,Manhattan,New York County,2019-03-31,3489.5240937555045
10003,Manhattan,New York County,2019-04-30,3539.8862318711836
10003,Manhattan,New York County,2019-05-31,3588.8185892129486
10003,Manhattan,New York County,2019-06-30,3601.785471594326
10003,Manhattan,New York County,2019-07-31,3626.5973522144195
10003,Manhattan,New York County,2019-08-31,3644.2611081695554
10003,Manhattan,New York County,2019-09-30,3647.446967712185
10003,Manhattan,New York County,2019-10-31,3648.0526666072487
10003,Manhattan,New York County,2019-11-30,3614.36443737178
10003,Manhattan,New York County,2019-12-31,3604.5273037304087
10003,Manhattan,New York County,2020-01-31,3591.4303628613916
10003,Manhattan,New York County,2020-02-29,3630.161002442209
10003,Manhattan,New York County,2020-03-31,3638.314728499265
10003,Manhattan,New York County,2020-04-30,3609.0752499218274
10003,Manhattan,New York County,2020-05-31,3544.791068574811
10003,Manhattan,New York County,2020-06-30,3487.0104968519336
10003,Manhattan,New York County,2020-07-31,3413.382182171584
10003,Manhattan,New York County,2020-08-31,3293.644140337902
10003,Manhattan,New York County,2020-09-30,3175.2976909362
10003,Manhattan,New York County,2020-10-31,3061.8509067247
10003,Manhattan,New York County,2020-11-30,2972.6519446994803
10003,Manhattan,New York County,2020-12-31,2917.4625238892063
10003,Manhattan,New York County,2021-01-31,2907.4639813214376
10003,Manhattan,New York County,2021-02-28,2956.253210607744
10003,Manhattan,New York County,2021-03-31,3011.483599849167
10003,Manhattan,New York County,2021-04-30,3091.3969624024635
10003,Manhattan,New York County,2021-05-31,3205.32966847023
10003,Manhattan,New York County,2021-06-30,3344.283073352729
10003,Manhattan,New York County,2021-07-31,3507.406598755925
10003,Manhattan,New York County,2021-08-31,3643.822483761962
10003,Manhattan,New York County,2021-09-30,3755.044415593047
10003,Manhattan,New York County,2021-10-31,3824.279345358021
10003,Manhattan,New York County,2021-11-30,3825.5910747999365
10003,Manhattan,New York County,2021-12-31,3850.339807624924
10003,Manhattan,New York County,2022-01-31,3893.3326828680692
10003,Manhattan,New York County,2022-02-28,3986.072713145646
10003,Manhattan,New York County,2022-03-31,4061.8562701065084
10003,Manhattan,New York County,2022-04-30,4132.883676132952
10003,Manhattan,New York County,2022-05-31,4183.566861761086
10003,Manhattan,New York County,2022-06-30,4246.450490108715
10003,Manhattan,New York County,2022-07-31,4279.533061691579
10003,Manhattan,New York County,2022-08-31,4310.502333206241
10003,Manhattan,New York County,2022-09-30,4298.106082989659
10003,Manhattan,New York County,2022-10-31,4260.469540544056
10003,Manhattan,New York County,2022-11-30,4207.404047113048
10003,Manhattan,New York County,2022-12-31,4184.12814390116
10003,Manhattan,New York County,2023-01-31,4177.437854699356
10003,Manhattan,New York County,2023-02-28,4214.814351120691
10003,Manhattan,New York County,2023-03-31,4240.492723273158
10003,Manhattan,New York County,2023-04-30,4286.090272237249
10003,Manhattan,New York County,2023-05-31,4324.747065475207
10003,Manhattan,New York County,2023-06-30,4365.97479108255
10003,Manhattan,New York County,2023-07-31,4397.696994024816
10003,Manhattan,New York County,2023-08-31,4398.129854123642
10003,Manhattan,New York County,2023-09-30,4375.378499244525
10003,Manhattan,New York County,2023-10-31,4347.1230865354155
10003,Manhattan,New York County,2023-11-30,4307.889901395145
10003,Manhattan,New York County,2023-12-31,4262.472346187644
10003,Manhattan,New York County,2024-01-31,4245.126102947373
10003,Manhattan,New York County,2024-02-29,4291.206615679859
10003,Manhattan,New York County,2024-03-31,4371.170873681392
10003,Manhattan,New York County,2024-04-30,4466.818536480112
10003,Manhattan,New York County,2024-05-31,4511.225317015906
10003,Manhattan,New York County,2024-06-30,4530.08637226498
10003,Manhattan,New York County,2024-07-31,4531.416980792938
10003,Manhattan,New York County,2024-08-31,4535.547777333137
10003,Manhattan,New York County,2024-09-30,4533.570869891016
10003,Manhattan,New York County,2024-10-31,4492.224926749926
10003,Manhattan,New York County,2024-11-30,4457.820571353026
10003,Manhattan,New York County,2024-12-31,4449.564133417088
10003,Manhattan,New York County,2025-01-31,4478.541196242699
10003,Manhattan,New York County,2025-02-28,4523.5054875012365
10003,Manhattan,New York County,2025-03-31,4587.443459485302
10003,Manhattan,New York County,2025-04-30,4643.759089761492
10003,Manhattan,New York County,2025-05-31,4707.535917416849
10003,Manhattan,New York County,2025-06-30,4781.554671995872
10003,Manhattan,New York County,2025-07-31,4869.517293042924
10003,Manhattan,New York County,2025-08-31,4946.134173620763
10003,Manhattan,New York County,2025-09-30,4955.364368940987
10003,Manhattan,New York County,2025-10-31,4931.356258595113
10003,Manhattan,New York County,2025-11-30,4857.444988985151
10003,Manhattan,New York County,2025-12-31,4844.254168262242
10003,Manhattan,New York County,2026-01-31,4840.908734354243
10003,Manhattan,New York County,2026-02-28,4899.193494068017
10003,Manhattan,New York County,2026-03-31,5003.804868280786
10003,Manhattan,New York County,2026-04-30,5103.896825557653
10003,Manhattan,New York County,2026-05-31,5175.722068047386
10003,Manhattan,New York County,2026-06-30,5211.920287999621
10003,Manhattan,New York County,2026-07-31,5258.578285543608
11420,Queens,Queens County,2026-07-31,3400.0
10451,Bronx,Bronx County,2023-01-31,2805.84061325581
10451,Bronx,Bronx County,2023-02-28,2861.371859742593
10451,Bronx,Bronx County,2023-03-31,2877.6680981049817
10451,Bronx,Bronx County,2023-04-30,2907.5732258830826
10451,Bronx,Bronx County,2023-05-31,2882.289777229276
10451,Bronx,Bronx County,2023-06-30,2974.98225475613
10451,Bronx,Bronx County,2023-07-31,3043.792909983927
10451,Bronx,Bronx County,2023-08-31,3046.41322332502
10451,Bronx,Bronx County,2023-09-30,2992.869225464426
10451,Bronx,Bronx County,2023-10-31,2947.4557382298326
10451,Bronx,Bronx County,2023-11-30,3017.85121120704
10451,Bronx,Bronx County,2023-12-31,2963.449534838191
10451,Bronx,Bronx County,2024-01-31,2944.162335854521
10451,Bronx,Bronx County,2024-02-29,2880.851266885262
10451,Bronx,Bronx County,2024-03-31,2889.5735486064145
10451,Bronx,Bronx County,2024-04-30,2886.508305353522
10451,Bronx,Bronx County,2024-05-31,2883.1794811092864
10451,Bronx,Bronx County,2024-06-30,2951.0867420670097
10451,Bronx,Bronx County,2024-07-31,2981.1093021639845
10451,Bronx,Bronx County,2024-08-31,3000.947197861403
10451,Bronx,Bronx County,2024-09-30,2974.150750346978
10451,Bronx,Bronx County,2024-10-31,2978.476240237748
10451,Bronx,Bronx County,2024-11-30,2942.949552760366
10451,Bronx,Bronx County,2024-12-31,3008.8538668200176
10451,Bronx,Bronx County,2025-01-31,3018.0882832880275
10451,Bronx,Bronx County,2025-02-28,3036.9306107520215
10451,Bronx,Bronx County,2025-03-31,2988.700365544391
10451,Bronx,Bronx County,2025-04-30,2979.5360103987864
10451,Bronx,Bronx County,2025-05-31,2958.4546766986896
10451,Bronx,Bronx County,2025-06-30,2924.124414173656
10451,Bronx,Bronx County,2025-07-31,2848.0136838257426
10451,Bronx,Bronx County,2025-08-31,2855.967448456599
10451,Bronx,Bronx County,2025-09-30,2789.887594686526
10451,Bronx,Bronx County,2025-10-31,2897.624082272653
10451,Bronx,Bronx County,2025-11-30,2889.8202649484538
10451,Bronx,Bronx County,2025-12-31,2898.8755104701036
10451,Bronx,Bronx County,2026-01-31,2847.506491518671
10451,Bronx,Bronx County,2026-02-28,2960.4186314241924
10451,Bronx,Bronx County,2026-03-31,3080.2142258801155
10451,Bronx,Bronx County,2026-04-30,3113.6911272297157
10451,Bronx,Bronx County,2026-05-31,3017.250996596324
10451,Bronx,Bronx County,2026-06-30,2978.18329879852
10451,Bronx,Bronx County,2026-07-31,2984.7570207570207
10016,Manhattan,New York County,2015-01-31,3539.4291575633306
10016,Manhattan,New York County,2015-02-28,3532.3389659070317
10016,Manhattan,New York County,2015-03-31,3549.007919528226
10016,Manhattan,New York County,2015-04-30,3592.6543723925997
10016,Manhattan,New York County,2015-05-31,3647.382869035964
10016,Manhattan,New York County,2015-06-30,3691.0005815326613
10016,Manhattan,New York County,2015-07-31,3695.0181005830837
10016,Manhattan,New York County,2015-08-31,3704.936081340825
10016,Manhattan,New York County,2015-09-30,3685.5396986939586
10016,Manhattan,New York County,2015-10-31,3679.316015494146
10016,Manhattan,New York County,2015-11-30,3648.165355752785
10016,Manhattan,New York County,2015-12-31,3611.8821642502444
10016,Manhattan,New York County,2016-01-31,3602.3744220748995
10016,Manhattan,New York County,2016-02-29,3601.477478523936
10016,Manhattan,New York County,2016-03-31,3622.627378972154
10016,Manhattan,New York County,2016-04-30,3638.878574771383
10016,Manhattan,New York County,2016-05-31,3661.7265726148503
10016,Manhattan,New York County,2016-06-30,3691.6868161509183
10016,Manhattan,New York County,2016-07-31,3700.1373235846354
10016,Manhattan,New York County,2016-08-31,3706.24432539781
10016,Manhattan,New York County,2016-09-30,3698.7042916759287
10016,Manhattan,New York County,2016-10-31,3671.207180114945
10016,Manhattan,New York County,2016-11-30,3623.050743631977
10016,Manhattan,New York County,2016-12-31,3582.269433839888
10016,Manhattan,New York County,2017-01-31,3572.95703490725
10016,Manhattan,New York County,2017-02-28,3591.4167418145894
10016,Manhattan,New York County,2017-03-31,3603.402951970527
10016,Manhattan,New York County,2017-04-30,3612.9104035371734
10016,Manhattan,New York County,2017-05-31,3630.265203677501
10016,Manhattan,New York County,2017-06-30,3657.7927143059937
10016,Manhattan,New York County,2017-07-31,3695.262249132707
10016,Manhattan,New York County,2017-08-31,3705.690779015285
10016,Manhattan,New York County,2017-09-30,3703.07558976783
10016,Manhattan,New York County,2017-10-31,3667.585966304944
10016,Manhattan,New York County,2017-11-30,3610.549697060555
10016,Manhattan,New York County,2017-12-31,3572.8353682026855
10016,Manhattan,New York County,2018-01-31,3564.7710839399115
10016,Manhattan,New York County,2018-02-28,3586.009312428104
10016,Manhattan,New York County,2018-03-31,3617.5773465525485
10016,Manhattan,New York County,2018-04-30,3634.9484911002796
10016,Manhattan,New York County,2018-05-31,3672.9723212459876
10016,Manhattan,New York County,2018-06-30,3705.43025115335
10016,Manhattan,New York County,2018-07-31,3734.9873309746245
10016,Manhattan,New York County,2018-08-31,3759.3067339033278
10016,Manhattan,New York County,2018-09-30,3759.448808107352
10016,Manhattan,New York County,2018-10-31,3745.308633576404
10016,Manhattan,New York County,2018-11-30,3713.1063993597268
10016,Manhattan,New York County,2018-12-31,3674.5240042006044
10016,Manhattan,New York County,2019-01-31,3665.1711724796696
10016,Manhattan,New York County,2019-02-28,3678.9732404606284
10016,Manhattan,New York County,2019-03-31,3703.6560925843164
10016,Manhattan,New York County,2019-04-30,3738.8653633902672
10016,Manhattan,New York County,2019-05-31,3763.209271708131
10016,Manhattan,New York County,2019-06-30,3811.6075574140773
10016,Manhattan,New York County,2019-07-31,3835.730414385753
10016,Manhattan,New York County,2019-08-31,3853.746976058065
10016,Manhattan,New York County,2019-09-30,3856.8328849893524
10016,Manhattan,New York County,2019-10-31,3838.949528062341
10016,Manhattan,New York County,2019-11-30,3794.3588877484126
10016,Manhattan,New York County,2019-12-31,3764.7768381735227
10016,Manhattan,New York County,2020-01-31,3758.952530383231
10016,Manhattan,New York County,2020-02-29,3787.2627031912057
10016,Manhattan,New York County,2020-03-31,3788.3328357876057
10016,Manhattan,New York County,2020-04-30,3743.3670464764573
10016,Manhattan,New York County,2020-05-31,3702.278557252953
10016,Manhattan,New York County,2020-06-30,3642.084752187372
10016,Manhattan,New York County,2020-07-31,3594.042468722911
10016,Manhattan,New York County,2020-09-30,3340.588907947391
10016,Manhattan,New York County,2020-10-31,3218.36811102271
10016,Manhattan,New York County,2020-11-30,3113.074026957365
10016,Manhattan,New York County,2020-12-31,3054.426087922436
10016,Manhattan,New York County,2021-01-31,3035.6739475627137
10016,Manhattan,New York County,2021-02-28,3073.593954232217
10016,Manhattan,New York County,2021-03-31,3149.490841009696
10016,Manhattan,New York County,2021-04-30,3234.0500392812633
10016,Manhattan,New York County,2021-05-31,3351.8952116061846
10016,Manhattan,New York County,2021-06-30,3480.8857974560374
10016,Manhattan,New York County,2021-07-31,3637.913404760384
10016,Manhattan,New York County,2021-08-31,3800.5680276236803
10016,Manhattan,New York County,2021-09-30,3929.4390596247886
10016,Manhattan,New York County,2021-10-31,4015.5901747927237
10016,Manhattan,New York County,2021-11-30,4052.1568199122157
10016,Manhattan,New York County,2021-12-31,4076.849333699109
10016,Manhattan,New York County,2022-01-31,4121.33854308066
10016,Manhattan,New York County,2022-02-28,4181.747960562201
10016,Manhattan,New York County,2022-03-31,4228.050354465687
10016,Manhattan,New York County,2022-04-30,4265.054885456299
10016,Manhattan,New York County,2022-05-31,4318.067947720688
10016,Manhattan,New York County,2022-06-30,4393.645885953909
10016,Manhattan,New York County,2022-07-31,4476.446548086493
10016,Manhattan,New York County,2022-08-31,4523.749859329316
10016,Manhattan,New York County,2022-09-30,4532.699763676323
10016,Manhattan,New York County,2022-10-31,4481.330931524526
10016,Manhattan,New York County,2022-11-30,4398.994022723015
10016,Manhattan,New York County,2022-12-31,4336.137755124632
10016,Manhattan,New York County,2023-01-31,4310.04357866712
10016,Manhattan,New York County,2023-02-28,4319.255792623448
10016,Manhattan,New York County,2023-03-31,4330.112515448954
10016,Manhattan,New York County,2023-04-30,4379.845747367018
10016,Manhattan,New York County,2023-05-31,4463.369684308628
10016,Manhattan,New York County,2023-06-30,4551.014937792815
10016,Manhattan,New York County,2023-07-31,4610.346770297391
10016,Manhattan,New York County,2023-08-31,4601.771084908235
10016,Manhattan,New York County,2023-09-30,4570.121803223748
10016,Manhattan,New York County,2023-10-31,4500.364436790896
10016,Manhattan,New York County,2023-11-30,4446.029775684072
10016,Manhattan,New York County,2023-12-31,4380.45550618479
10016,Manhattan,New York County,2024-01-31,4375.14793632014
10016,Manhattan,New York County,2024-02-29,4406.060106219802
10016,Manhattan,New York County,2024-03-31,4476.714265468076
10016,Manhattan,New York County,2024-04-30,4537.271539399985
10016,Manhattan,New York County,2024-05-31,4599.038025794598
10016,Manhattan,New York County,2024-06-30,4671.23825007629
10016,Manhattan,New York County,2024-07-31,4724.05105923237
10016,Manhattan,New York County,2024-08-31,4720.359110126204
10016,Manhattan,New York County,2024-09-30,4671.559523780102
10016,Manhattan,New York County,2024-10-31,4618.935291560993
10016,Manhattan,New York County,2024-11-30,4589.785316553152
10016,Manhattan,New York County,2024-12-31,4583.009458466764
10016,Manhattan,New York County,2025-01-31,4591.778181837462
10016,Manhattan,New York County,2025-02-28,4630.563801692787
10016,Manhattan,New York County,2025-03-31,4695.605967466005
10016,Manhattan,New York County,2025-04-30,4746.556711121964
10016,Manhattan,New York County,2025-05-31,4795.463611243818
10016,Manhattan,New York County,2025-06-30,4868.391381882097
10016,Manhattan,New York County,2025-07-31,4939.34089020676
10016,Manhattan,New York County,2025-08-31,4977.929202734618
10016,Manhattan,New York County,2025-09-30,4955.713326082375
10016,Manhattan,New York County,2025-10-31,4910.438629041476
10016,Manhattan,New York County,2025-11-30,4859.391297117627
10016,Manhattan,New York County,2025-12-31,4819.78390563283
10016,Manhattan,New York County,2026-01-31,4836.77733065191
10016,Manhattan,New York County,2026-02-28,4892.943804960799
10016,Manhattan,New York County,2026-03-31,4951.384452510138
10016,Manhattan,New York County,2026-04-30,5005.6606229558565
10016,Manhattan,New York County,2026-05-31,5067.041362156301
10016,Manhattan,New York County,2026-06-30,5166.633129213369
10016,Manhattan,New York County,2026-07-31,5229.160561127582
10461,Bronx,Bronx County,2017-12-31,1655.6582144539366
10461,Bronx,Bronx County,2018-01-31,1653.4486165764856
10461,Bronx,Bronx County,2018-02-28,1626.3822445052224
10461,Bronx,Bronx County,2018-03-31,1636.8617771047243
10461,Bronx,Bronx County,2018-04-30,1632.7832232551439
10461,Bronx,Bronx County,2018-05-31,1700.0728222972032
10461,Bronx,Bronx County,2018-06-30,1668.7194768281133
10461,Bronx,Bronx County,2018-07-31,1726.020356391341
10461,Bronx,Bronx County,2018-08-31,1682.960282073084
10461,Bronx,Bronx County,2018-09-30,1772.8961202129776
10461,Bronx,Bronx County,2018-10-31,1760.4505424475376
10461,Bronx,Bronx County,2018-11-30,1796.669809888168
10461,Bronx,Bronx County,2018-12-31,1745.7242598989355
10461,Bronx,Bronx County,2019-01-31,1752.4091171392404
10461,Bronx,Bronx County,2019-02-28,1750.9882633532993
10461,Bronx,Bronx County,2019-03-31,1788.581533893362
10461,Bronx,Bronx County,2019-04-30,1808.3931940202572
10461,Bronx,Bronx County,2019-05-31,1847.8069246191267
10461,Bronx,Bronx County,2019-06-30,1878.3781117814033
10461,Bronx,Bronx County,2019-07-31,1869.7909657668033
10461,Bronx,Bronx County,2019-08-31,1849.936088032468
10461,Bronx,Bronx County,2019-09-30,1805.987744149105
10461,Bronx,Bronx County,2019-10-31,1780.676463756557
10461,Bronx,Bronx County,2019-11-30,1776.9370580915258
10461,Bronx,Bronx County,2019-12-31,1829.3609345874681
10461,Bronx,Bronx County,2020-01-31,1851.589400314546
10461,Bronx,Bronx County,2020-02-29,1887.9794956732
10461,Bronx,Bronx County,2020-03-31,1897.1648323586214
10461,Bronx,Bronx County,2020-04-30,1909.7162060083974
10461,Bronx,Bronx County,2020-05-31,1891.8813940197738
10461,Bronx,Bronx County,2020-06-30,1856.667088601183
10461,Bronx,Bronx County,2020-07-31,1853.5564498503786
10461,Bronx,Bronx County,2020-08-31,1867.6566617963865
10461,Bronx,Bronx County,2020-09-30,1866.925391636702
10461,Bronx,Bronx County,2020-10-31,1893.6706886150837
10461,Bronx,Bronx County,2020-11-30,1857.0848362779598
10461,Bronx,Bronx County,2020-12-31,1860.1986275719216
10461,Bronx,Bronx County,2021-01-31,1853.6497640724026
10461,Bronx,Bronx County,2021-02-28,1891.6202339052668
10461,Bronx,Bronx County,2021-03-31,1872.8688353344526
10461,Bronx,Bronx County,2021-04-30,1857.2130563814114
10461,Bronx,Bronx County,2021-05-31,1861.7528848607817
10461,Bronx,Bronx County,2021-06-30,1907.747358969976
10461,Bronx,Bronx County,2021-07-31,1958.976803313661
10461,Bronx,Bronx County,2021-08-31,1974.0471879538632
10461,Bronx,Bronx County,2021-09-30,1995.2395755820583
10461,Bronx,Bronx County,2021-10-31,1961.7176256034572
10461,Bronx,Bronx County,2021-11-30,1964.3425374312635
10461,Bronx,Bronx County,2021-12-31,2001.8133680962558
10461,Bronx,Bronx County,2022-01-31,2034.8265199274028
10461,Bronx,Bronx County,2022-02-28,2010.7109226603202
10461,Bronx,Bronx County,2022-03-31,1971.7561301271048
10461,Bronx,Bronx County,2022-04-30,1951.4682453486707
10461,Bronx,Bronx County,2022-05-31,1994.3168757834476
10461,Bronx,Bronx County,2022-06-30,1973.2580975411581
10461,Bronx,Bronx County,2022-07-31,1992.6818697201743
10461,Bronx,Bronx County,2022-08-31,2050.8492181328697
10461,Bronx,Bronx County,2022-09-30,2084.5815332350608
10461,Bronx,Bronx County,2022-10-31,2089.781397343255
10461,Bronx,Bronx County,2022-11-30,2068.353355793428
10461,Bronx,Bronx County,2022-12-31,2097.1430353619944
10461,Bronx,Bronx County,2023-01-31,2166.049461275708
10461,Bronx,Bronx County,2023-02-28,2140.8427547219626
10461,Bronx,Bronx County,2023-03-31,2158.09751759419
10461,Bronx,Bronx County,2023-04-30,2126.878774432758
10461,Bronx,Bronx County,2023-05-31,2156.964277652384
10461,Bronx,Bronx County,2023-06-30,2172.4092432597276
10461,Bronx,Bronx County,2023-07-31,2189.1389232001147
10461,Bronx,Bronx County,2023-08-31,2217.2791308389574
10461,Bronx,Bronx County,2023-09-30,2235.9405612980204
10461,Bronx,Bronx County,2023-10-31,2245.2360619587216
10461,Bronx,Bronx County,2023-11-30,2198.5522908689695
10461,Bronx,Bronx County,2023-12-31,2207.8192325950713
10461,Bronx,Bronx County,2024-01-31,2204.6888051043784
10461,Bronx,Bronx County,2024-02-29,2238.539517000442
10461,Bronx,Bronx County,2024-03-31,2273.6366250787073
10461,Bronx,Bronx County,2024-04-30,2384.6472242833534
10461,Bronx,Bronx County,2024-05-31,2460.9418239241145
10461,Bronx,Bronx County,2024-06-30,2440.763910572706
10461,Bronx,Bronx County,2024-07-31,2389.9276839414015
10461,Bronx,Bronx County,2024-08-31,2368.1821497046885
10461,Bronx,Bronx County,2024-09-30,2408.019037936726
10461,Bronx,Bronx County,2024-10-31,2403.6094056666225
10461,Bronx,Bronx County,2024-11-30,2421.830977896647
10461,Bronx,Bronx County,2024-12-31,2412.748896175557
10461,Bronx,Bronx County,2025-01-31,2404.66371110827
10461,Bronx,Bronx County,2025-02-28,2414.38372662774
10461,Bronx,Bronx County,2025-03-31,2417.364972884029
10461,Bronx,Bronx County,2025-04-30,2486.220237694717
10461,Bronx,Bronx County,2025-05-31,2440.061308729751
10461,Bronx,Bronx County,2025-06-30,2450.339940662153
10461,Bronx,Bronx County,2025-07-31,2412.0879712182054
10461,Bronx,Bronx County,2025-08-31,2449.0821679567603
10461,Bronx,Bronx County,2025-09-30,2491.714667753443
10461,Bronx,Bronx County,2025-10-31,2509.8932918210226
10461,Bronx,Bronx County,2025-11-30,2528.4124308802093
10461,Bronx,Bronx County,2025-12-31,2515.0684692131945
10461,Bronx,Bronx County,2026-01-31,2587.215231309376
10461,Bronx,Bronx County,2026-02-28,2536.7231628160057
10461,Bronx,Bronx County,2026-03-31,2587.1175259551715
10461,Bronx,Bronx County,2026-04-30,2574.266256934297
10461,Bronx,Bronx County,2026-05-31,2684.208670074008
10461,Bronx,Bronx County,2026-06-30,2679.9322803873733
10461,Bronx,Bronx County,2026-07-31,2673.705738705739
10459,Bronx,Bronx County,2026-03-31,2912.450158249148
10459,Bronx,Bronx County,2026-04-30,2993.68571186365
10459,Bronx,Bronx County,2026-05-31,2977.4169512652743
10459,Bronx,Bronx County,2026-06-30,2984.764956727903
10459,Bronx,Bronx County,2026-07-31,3044.8888888888887
10011,Manhattan,New York County,2015-01-31,3820.7426916337627
10011,Manhattan,New York County,2015-02-28,3839.07645739733
10011,Manhattan,New York County,2015-03-31,3844.38447517769
10011,Manhattan,New York County,2015-04-30,3854.4708764981347
10011,Manhattan,New York County,2015-05-31,3869.5702036122666
10011,Manhattan,New York County,2015-06-30,3911.7278394539026
10011,Manhattan,New York County,2015-07-31,3940.47272352299
10011,Manhattan,New York County,2015-08-31,3985.399125881298
10011,Manhattan,New York County,2015-09-30,3988.71930938503
10011,Manhattan,New York County,2015-10-31,3980.0204397222697
10011,Manhattan,New York County,2015-11-30,3961.908764195306
10011,Manhattan,New York County,2015-12-31,3964.4603828845275
10011,Manhattan,New York County,2016-01-31,3948.447664528812
10011,Manhattan,New York County,2016-02-29,3964.4548292474915
10011,Manhattan,New York County,2016-03-31,3954.5925621489755
10011,Manhattan,New York County,2016-04-30,3978.431383013996
10011,Manhattan,New York County,2016-05-31,3970.2348348085097
10011,Manhattan,New York County,2016-06-30,3986.5002505589277
10011,Manhattan,New York County,2016-07-31,4000.621163108333
10011,Manhattan,New York County,2016-08-31,4011.324794053347
10011,Manhattan,New York County,2016-09-30,4022.4725141828126
10011,Manhattan,New York County,2016-10-31,3992.8974567844557
10011,Manhattan,New York County,2016-11-30,3941.6262757229083
10011,Manhattan,New York County,2016-12-31,3887.2287979068988
10011,Manhattan,New York County,2017-01-31,3883.6315128299398
10011,Manhattan,New York County,2017-02-28,3911.6385168106476
10011,Manhattan,New York County,2017-03-31,3957.7631442696006
10011,Manhattan,New York County,2017-04-30,3982.6670985281758
10011,Manhattan,New York County,2017-05-31,4004.82017050452
10011,Manhattan,New York County,2017-06-30,4022.002756212383
10011,Manhattan,New York County,2017-07-31,4041.152974535832
10011,Manhattan,New York County,2017-08-31,4043.261086154959
10011,Manhattan,New York County,2017-09-30,4018.2813940996184
10011,Manhattan,New York County,2017-10-31,3983.5896190694566
10011,Manhattan,New York County,2017-11-30,3941.279397356489
10011,Manhattan,New York County,2017-12-31,3924.046176863842
10011,Manhattan,New York County,2018-01-31,3931.814038855281
10011,Manhattan,New York County,2018-02-28,3946.548157679827
10011,Manhattan,New York County,2018-03-31,3981.5391135905047
10011,Manhattan,New York County,2018-04-30,4011.417908981788
10011,Manhattan,New York County,2018-05-31,4055.1537487953424
10011,Manhattan,New York County,2018-06-30,4084.836325840508
10011,Manhattan,New York County,2018-07-31,4106.454354444153
10011,Manhattan,New York County,2018-08-31,4122.727916925839
10011,Manhattan,New York County,2018-09-30,4120.878964675887
10011,Manhattan,New York County,2018-10-31,4098.843590437233
10011,Manhattan,New York County,2018-11-30,4067.8157751668527
10011,Manhattan,New York County,2018-12-31,4030.7737857314487
10011,Manhattan,New York County,2019-01-31,4028.166089554249
10011,Manhattan,New York County,2019-02-28,4061.1941428305026
10011,Manhattan,New York County,2019-03-31,4094.226584952694
10011,Manhattan,New York County,2019-04-30,4138.259721830073
10011,Manhattan,New York County,2019-05-31,4157.152638014488
10011,Manhattan,New York County,2019-06-30,4187.8822837158605
10011,Manhattan,New York County,2019-07-31,4200.707682990935
10011,Manhattan,New York County,2019-08-31,4219.134059651024
10011,Manhattan,New York County,2019-09-30,4205.749998257767
10011,Manhattan,New York County,2019-10-31,4171.951967430793
10011,Manhattan,New York County,2019-11-30,4134.037636210944
10011,Manhattan,New York County,2019-12-31,4113.434013056244
10011,Manhattan,New York County,2020-01-31,4137.533998102807
10011,Manhattan,New York County,2020-02-29,4154.779082910722
10011,Manhattan,New York County,2020-03-31,4205.921347629792
10011,Manhattan,New York County,2020-04-30,4155.667465306622
10011,Manhattan,New York County,2020-05-31,4118.057694130897
10011,Manhattan,New York County,2020-06-30,4030.7572768886184
10011,Manhattan,New York County,2020-07-31,3971.3209498372175
10011,Manhattan,New York County,2020-10-31,3550.4084298300336
10011,Manhattan,New York County,2020-11-30,3482.9393749344445
10011,Manhattan,New York County,2020-12-31,3469.72548983666
10011,Manhattan,New York County,2021-01-31,3478.1834538879575
10011,Manhattan,New York County,2021-02-28,3515.1511332453174
10011,Manhattan,New York County,2021-03-31,3584.8617913397566
10011,Manhattan,New York County,2021-04-30,3687.4006144281366
10011,Manhattan,New York County,2021-05-31,3827.4814447210224
10011,Manhattan,New York County,2021-06-30,3971.51929631977
10011,Manhattan,New York County,2021-07-31,4130.078457348275
10011,Manhattan,New York County,2021-08-31,4241.897142816879
10011,Manhattan,New York County,2021-09-30,4335.567102075401
10011,Manhattan,New York County,2021-10-31,4373.723762956755
10011,Manhattan,New York County,2021-11-30,4426.143977359032
10011,Manhattan,New York County,2021-12-31,4473.132231046557
10011,Manhattan,New York County,2022-01-31,4531.302524425533
10011,Manhattan,New York County,2022-02-28,4565.969137953558
10011,Manhattan,New York County,2022-03-31,4625.8760079315325
10011,Manhattan,New York County,2022-04-30,4684.757443186205
10011,Manhattan,New York County,2022-05-31,4768.440657283822
10011,Manhattan,New York County,2022-06-30,4833.919032890996
10011,Manhattan,New York County,2022-07-31,4912.671468392679
10011,Manhattan,New York County,2022-08-31,4956.054252039463
10011,Manhattan,New York County,2022-09-30,4967.123134226114
10011,Manhattan,New York County,2022-10-31,4964.678984764129
10011,Manhattan,New York County,2022-11-30,4927.869423938958
10011,Manhattan,New York County,2022-12-31,4878.784596261552
10011,Manhattan,New York County,2023-01-31,4834.488313443768
10011,Manhattan,New York County,2023-02-28,4819.280851641006
10011,Manhattan,New York County,2023-03-31,4866.826382703727
10011,Manhattan,New York County,2023-04-30,4927.499640721133
10011,Manhattan,New York County,2023-05-31,4983.462374780925
10011,Manhattan,New York County,2023-06-30,5032.774734497322
10011,Manhattan,New York County,2023-07-31,5068.906914449727
10011,Manhattan,New York County,2023-08-31,5116.01154317159
10011,Manhattan,New York County,2023-09-30,5082.301604827657
10011,Manhattan,New York County,2023-10-31,5037.469184101241
10011,Manhattan,New York County,2023-11-30,4978.208040216022
10011,Manhattan,New York County,2023-12-31,4982.390361422665
10011,Manhattan,New York County,2024-01-31,5007.901043048219
10011,Manhattan,New York County,2024-02-29,5081.964061841672
10011,Manhattan,New York County,2024-03-31,5132.915258732779
10011,Manhattan,New York County,2024-04-30,5180.11972823577
10011,Manhattan,New York County,2024-05-31,5210.518890785154
10011,Manhattan,New York County,2024-06-30,5256.045931447929
10011,Manhattan,New York County,2024-07-31,5281.799760684961
10011,Manhattan,New York County,2024-08-31,5292.962106246555
10011,Manhattan,New York County,2024-09-30,5281.936394717982
10011,Manhattan,New York County,2024-10-31,5235.858831275062
10011,Manhattan,New York County,2024-11-30,5170.263768891395
10011,Manhattan,New York County,2024-12-31,5156.651851969258
10011,Manhattan,New York County,2025-01-31,5188.9087195486845
10011,Manhattan,New York County,2025-02-28,5274.732982983472
10011,Manhattan,New York County,2025-03-31,5322.150113182673
10011,Manhattan,New York County,2025-04-30,5411.657475072549
10011,Manhattan,New York County,2025-05-31,5478.249455426499
10011,Manhattan,New York County,2025-06-30,5599.710475893637
10011,Manhattan,New York County,2025-07-31,5683.577025979612
10011,Manhattan,New York County,2025-08-31,5806.83775715312
10011,Manhattan,New York County,2025-09-30,5800.058205056979
10011,Manhattan,New York County,2025-10-31,5779.199384604998
10011,Manhattan,New York County,2025-11-30,5664.84399367259
10011,Manhattan,New York County,2025-12-31,5617.655879332311
10011,Manhattan,New York County,2026-01-31,5594.167434168972
10011,Manhattan,New York County,2026-02-28,5637.3056118824725
10011,Manhattan,New York County,2026-03-31,5694.010703699687
10011,Manhattan,New York County,2026-04-30,5829.116362446315
10011,Manhattan,New York County,2026-05-31,5909.513349999168
10011,Manhattan,New York County,2026-06-30,6008.72931372221
10011,Manhattan,New York County,2026-07-31,6020.865015769762
11205,Brooklyn,Kings County,2015-01-31,2349.008013777739
11205,Brooklyn,Kings County,2015-02-28,2413.687458600219
11205,Brooklyn,Kings County,2015-03-31,2453.32767378392
11205,Brooklyn,Kings County,2015-04-30,2442.343888299564
11205,Brooklyn,Kings County,2015-05-31,2414.5622058607883
11205,Brooklyn,Kings County,2015-06-30,2450.0927422687623
11205,Brooklyn,Kings County,2015-07-31,2484.7452826342237
11205,Brooklyn,Kings County,2015-08-31,2494.2932935699087
11205,Brooklyn,Kings County,2015-09-30,2491.6564683011493
11205,Brooklyn,Kings County,2015-10-31,2457.0088939714
11205,Brooklyn,Kings County,2015-11-30,2409.9792688659145
11205,Brooklyn,Kings County,2015-12-31,2369.898609383293
11205,Brooklyn,Kings County,2016-01-31,2424.2511886046477
11205,Brooklyn,Kings County,2016-02-29,2445.9819493953996
11205,Brooklyn,Kings County,2016-03-31,2489.7730981672717
11205,Brooklyn,Kings County,2016-04-30,2502.216522892354
11205,Brooklyn,Kings County,2016-05-31,2544.977012945936
11205,Brooklyn,Kings County,2016-06-30,2533.0995292110956
11205,Brooklyn,Kings County,2016-07-31,2516.1423861581757
11205,Brooklyn,Kings County,2016-08-31,2540.382763632041
11205,Brooklyn,Kings County,2016-09-30,2583.392803103833
11205,Brooklyn,Kings County,2016-10-31,2557.4582606740046
11205,Brooklyn,Kings County,2016-11-30,2538.13955009108
11205,Brooklyn,Kings County,2016-12-31,2472.2440298331694
11205,Brooklyn,Kings County,2017-01-31,2487.3600676281158
11205,Brooklyn,Kings County,2017-02-28,2481.9780836182426
11205,Brooklyn,Kings County,2017-03-31,2500.509112632346
11205,Brooklyn,Kings County,2017-04-30,2510.1737676832113
11205,Brooklyn,Kings County,2017-05-31,2522.8458786901815
11205,Brooklyn,Kings County,2017-06-30,2568.4489088612727
11205,Brooklyn,Kings County,2017-07-31,2600.7956721290006
11205,Brooklyn,Kings County,2017-08-31,2643.1722565009477
11205,Brooklyn,Kings County,2017-09-30,2628.6108515892856
11205,Brooklyn,Kings County,2017-10-31,2604.583776530619
11205,Brooklyn,Kings County,2017-11-30,2576.141291126167
11205,Brooklyn,Kings County,2017-12-31,2591.0058137184697
11205,Brooklyn,Kings County,2018-01-31,2600.137128934348
11205,Brooklyn,Kings County,2018-02-28,2575.206918274884
11205,Brooklyn,Kings County,2018-03-31,2552.653522330846
11205,Brooklyn,Kings County,2018-04-30,2538.948621848877
11205,Brooklyn,Kings County,2018-05-31,2570.3634192980608
11205,Brooklyn,Kings County,2018-06-30,2607.3202003794386
11205,Brooklyn,Kings County,2018-07-31,2655.654011207131
11205,Brooklyn,Kings County,2018-08-31,2685.766220018556
11205,Brooklyn,Kings County,2018-09-30,2716.9831160573085
11205,Brooklyn,Kings County,2018-10-31,2709.7325862363787
11205,Brooklyn,Kings County,2018-11-30,2692.2130963372747
11205,Brooklyn,Kings County,2018-12-31,2698.918904085481
11205,Brooklyn,Kings County,2019-01-31,2726.5767128683765
11205,Brooklyn,Kings County,2019-02-28,2736.5174426140793
11205,Brooklyn,Kings County,2019-03-31,2724.639218558259
11205,Brooklyn,Kings County,2019-04-30,2718.1932376840214
11205,Brooklyn,Kings County,2019-05-31,2738.058622725116
11205,Brooklyn,Kings County,2019-06-30,2767.672859303656
11205,Brooklyn,Kings County,2019-07-31,2787.617151828893
11205,Brooklyn,Kings County,2019-08-31,2819.1904657012533
11205,Brooklyn,Kings County,2019-09-30,2821.079928995911
11205,Brooklyn,Kings County,2019-10-31,2836.7083600716055
11205,Brooklyn,Kings County,2019-11-30,2829.007826873717
11205,Brooklyn,Kings County,2019-12-31,2867.825031680215
11205,Brooklyn,Kings County,2020-01-31,2841.23108362713
11205,Brooklyn,Kings County,2020-02-29,2864.610084101668
11205,Brooklyn,Kings County,2020-03-31,2859.463969206566
11205,Brooklyn,Kings County,2020-04-30,2876.6101296658594
11205,Brooklyn,Kings County,2020-05-31,2859.6055277507635
11205,Brooklyn,Kings County,2020-06-30,2808.283377953203
11205,Brooklyn,Kings County,2020-07-31,2788.5520179667806
11205,Brooklyn,Kings County,2020-08-31,2728.776850371481
11205,Brooklyn,Kings County,2020-09-30,2698.4233625631487
11205,Brooklyn,Kings County,2020-10-31,2631.0156090948485
11205,Brooklyn,Kings County,2020-11-30,2587.4054861880745
11205,Brooklyn,Kings County,2020-12-31,2537.233642227874
11205,Brooklyn,Kings County,2021-01-31,2543.5819549238827
11205,Brooklyn,Kings County,2021-02-28,2579.5365074875504
11205,Brooklyn,Kings County,2021-03-31,2617.069864768996
11205,Brooklyn,Kings County,2021-04-30,2648.707530910786
11205,Brooklyn,Kings County,2021-05-31,2674.866760080592
11205,Brooklyn,Kings County,2021-06-30,2736.712499382319
11205,Brooklyn,Kings County,2021-07-31,2820.162173132337
11205,Brooklyn,Kings County,2021-08-31,2864.610623938958
11205,Brooklyn,Kings County,2021-09-30,2889.221555498683
11205,Brooklyn,Kings County,2021-10-31,2904.4099333545105
11205,Brooklyn,Kings County,2021-11-30,2946.198057331433
11205,Brooklyn,Kings County,2021-12-31,2958.812066086311
11205,Brooklyn,Kings County,2022-01-31,3020.840170268986
11205,Brooklyn,Kings County,2022-02-28,3089.1280594227146
11205,Brooklyn,Kings County,2022-03-31,3160.5414406153845
11205,Brooklyn,Kings County,2022-04-30,3199.108736573339
11205,Brooklyn,Kings County,2022-05-31,3259.2800327382224
11205,Brooklyn,Kings County,2022-06-30,3358.2097812946345
11205,Brooklyn,Kings County,2022-07-31,3425.992664757856
11205,Brooklyn,Kings County,2022-08-31,3451.4600732237477
11205,Brooklyn,Kings County,2022-09-30,3412.4183084208003
11205,Brooklyn,Kings County,2022-10-31,3368.0145142050355
11205,Brooklyn,Kings County,2022-11-30,3344.3199248688366
11205,Brooklyn,Kings County,2022-12-31,3334.3178565020944
11205,Brooklyn,Kings County,2023-01-31,3330.733303894477
11205,Brooklyn,Kings County,2023-02-28,3353.5624777167995
11205,Brooklyn,Kings County,2023-03-31,3410.297713791188
11205,Brooklyn,Kings County,2023-04-30,3437.7259338830117
11205,Brooklyn,Kings County,2023-05-31,3441.3510144240145
11205,Brooklyn,Kings County,2023-06-30,3478.707298455451
11205,Brooklyn,Kings County,2023-07-31,3501.981794528288
11205,Brooklyn,Kings County,2023-08-31,3559.8234200692277
11205,Brooklyn,Kings County,2023-09-30,3523.424869059139
11205,Brooklyn,Kings County,2023-10-31,3516.561801232561
11205,Brooklyn,Kings County,2023-11-30,3427.688724606793
11205,Brooklyn,Kings County,2023-12-31,3425.4684623018416
11205,Brooklyn,Kings County,2024-01-31,3443.01878670264
11205,Brooklyn,Kings County,2024-02-29,3493.3093609570183
11205,Brooklyn,Kings County,2024-03-31,3522.451070784004
11205,Brooklyn,Kings County,2024-04-30,3528.9982338628674
11205,Brooklyn,Kings County,2024-05-31,3578.4382717833805
11205,Brooklyn,Kings County,2024-06-30,3620.664940908881
11205,Brooklyn,Kings County,2024-07-31,3666.7478514031154
11205,Brooklyn,Kings County,2024-08-31,3666.144602857653
11205,Brooklyn,Kings County,2024-09-30,3658.18676360651
11205,Brooklyn,Kings County,2024-10-31,3646.775538630341
11205,Brooklyn,Kings County,2024-11-30,3570.471644468619
11205,Brooklyn,Kings County,2024-12-31,3527.7383950883573
11205,Brooklyn,Kings County,2025-01-31,3468.300831909039
11205,Brooklyn,Kings County,2025-02-28,3505.5940469543734
11205,Brooklyn,Kings County,2025-03-31,3548.8791796715636
11205,Brooklyn,Kings County,2025-04-30,3669.9853740440085
11205,Brooklyn,Kings County,2025-05-31,3781.6661005429014
11205,Brooklyn,Kings County,2025-06-30,3861.917601105664
11205,Brooklyn,Kings County,2025-07-31,3858.289371702867
11205,Brooklyn,Kings County,2025-08-31,3832.8817950538387
11205,Brooklyn,Kings County,2025-09-30,3816.4236273420147
11205,Brooklyn,Kings County,2025-10-31,3745.1085071907128
11205,Brooklyn,Kings County,2025-11-30,3735.0133002021444
11205,Brooklyn,Kings County,2025-12-31,3730.3165257681653
11205,Brooklyn,Kings County,2026-01-31,3795.341027201899
11205,Brooklyn,Kings County,2026-02-28,3815.725256072194
11205,Brooklyn,Kings County,2026-03-31,3846.248576451622
11205,Brooklyn,Kings County,2026-04-30,3916.9626357488114
11205,Brooklyn,Kings County,2026-05-31,3991.8527312017914
11205,Brooklyn,Kings County,2026-06-30,4020.39105353619
11205,Brooklyn,Kings County,2026-07-31,4044.4812312312315
11237,Brooklyn,Kings County,2015-01-31,2479.704905673137
11237,Brooklyn,Kings County,2015-02-28,2430.582728978243
11237,Brooklyn,Kings County,2015-03-31,2470.2902035371317
11237,Brooklyn,Kings County,2015-04-30,2449.975582134102
11237,Brooklyn,Kings County,2015-05-31,2539.7796402433496
11237,Brooklyn,Kings County,2015-06-30,2578.346270670619
11237,Brooklyn,Kings County,2015-07-31,2679.081363634242
11237,Brooklyn,Kings County,2015-08-31,2686.767521669213
11237,Brooklyn,Kings County,2015-09-30,2713.459195789976
11237,Brooklyn,Kings County,2015-10-31,2677.8192445209365
11237,Brooklyn,Kings County,2015-11-30,2660.15683793976
11237,Brooklyn,Kings County,2015-12-31,2604.5237771667057
11237,Brooklyn,Kings County,2016-01-31,2614.0836140849306
11237,Brooklyn,Kings County,2016-02-29,2586.0196007101617
11237,Brooklyn,Kings County,2016-03-31,2612.729867716871
11237,Brooklyn,Kings County,2016-04-30,2615.901513642862
11237,Brooklyn,Kings County,2016-05-31,2630.357373411592
11237,Brooklyn,Kings County,2016-06-30,2625.141603946516
11237,Brooklyn,Kings County,2016-07-31,2640.92259258439
11237,Brooklyn,Kings County,2016-08-31,2666.920574823913
11237,Brooklyn,Kings County,2016-09-30,2701.9449521844754
11237,Brooklyn,Kings County,2016-10-31,2718.222016870561
11237,Brooklyn,Kings County,2016-11-30,2723.5638410584643
11237,Brooklyn,Kings County,2016-12-31,2695.8196613381756
11237,Brooklyn,Kings County,2017-01-31,2656.291973192103
11237,Brooklyn,Kings County,2017-02-28,2651.1466726401
11237,Brooklyn,Kings County,2017-03-31,2640.515962751501
11237,Brooklyn,Kings County,2017-04-30,2636.992436095338
11237,Brooklyn,Kings County,2017-05-31,2629.373516434763
11237,Brooklyn,Kings County,2017-06-30,2653.429425885577
11237,Brooklyn,Kings County,2017-07-31,2673.974133684796
11237,Brooklyn,Kings County,2017-08-31,2689.135745052368
11237,Brooklyn,Kings County,2017-09-30,2680.3369416857736
11237,Brooklyn,Kings County,2017-10-31,2660.9559859004407
11237,Brooklyn,Kings County,2017-11-30,2627.0394356725224
11237,Brooklyn,Kings County,2017-12-31,2619.9700176038355
11237,Brooklyn,Kings County,2018-01-31,2575.2663205361664
11237,Brooklyn,Kings County,2018-02-28,2562.671124094794
11237,Brooklyn,Kings County,2018-03-31,2556.542709464283
11237,Brooklyn,Kings County,2018-04-30,2612.825199945857
11237,Brooklyn,Kings County,2018-05-31,2653.903849671995
11237,Brooklyn,Kings County,2018-06-30,2681.132356644994
11237,Brooklyn,Kings County,2018-07-31,2682.747666644412
11237,Brooklyn,Kings County,2018-08-31,2670.358881464068
11237,Brooklyn,Kings County,2018-09-30,2652.5043780708297
11237,Brooklyn,Kings County,2018-10-31,2635.112792295651
11237,Brooklyn,Kings County,2018-11-30,2602.4539742833226
11237,Brooklyn,Kings County,2018-12-31,2536.448921222774
11237,Brooklyn,Kings County,2019-01-31,2507.5458556568474
11237,Brooklyn,Kings County,2019-02-28,2549.081722585087
11237,Brooklyn,Kings County,2019-03-31,2634.181335235781
11237,Brooklyn,Kings County,2019-04-30,2681.8578335965763
11237,Brooklyn,Kings County,2019-05-31,2686.906370450213
11237,Brooklyn,Kings County,2019-06-30,2691.083250026393
11237,Brooklyn,Kings County,2019-07-31,2727.8935168701055
11237,Brooklyn,Kings County,2019-08-31,2771.143831755951
11237,Brooklyn,Kings County,2019-09-30,2802.683052736658
11237,Brooklyn,Kings County,2019-10-31,2812.254493858455
11237,Brooklyn,Kings County,2019-11-30,2785.9913428867085
11237,Brooklyn,Kings County,2019-12-31,2778.6785982794468
11237,Brooklyn,Kings County,2020-01-31,2758.1566452189195
11237,Brooklyn,Kings County,2020-02-29,2778.6435527352555
11237,Brooklyn,Kings County,2020-03-31,2781.4023186573427
11237,Brooklyn,Kings County,2020-04-30,2795.1140634899575
11237,Brooklyn,Kings County,2020-05-31,2776.148499655214
11237,Brooklyn,Kings County,2020-06-30,2740.381778483107
11237,Brooklyn,Kings County,2020-07-31,2700.860194136714
11237,Brooklyn,Kings County,2020-08-31,2640.446842528983
11237,Brooklyn,Kings County,2020-09-30,2585.070708420141
11237,Brooklyn,Kings County,2020-10-31,2513.1024095972934
11237,Brooklyn,Kings County,2020-11-30,2466.4889158948695
11237,Brooklyn,Kings County,2020-12-31,2431.85690133319
11237,Brooklyn,Kings County,2021-01-31,2413.0451454299878
11237,Brooklyn,Kings County,2021-02-28,2417.4968561235974
11237,Brooklyn,Kings County,2021-03-31,2415.2803644940764
11237,Brooklyn,Kings County,2021-04-30,2459.2583690259294
11237,Brooklyn,Kings County,2021-05-31,2484.2605444107503
11237,Brooklyn,Kings County,2021-06-30,2547.680456420614
11237,Brooklyn,Kings County,2021-07-31,2609.8658623280935
11237,Brooklyn,Kings County,2021-08-31,2688.7647142689357
11237,Brooklyn,Kings County,2021-09-30,2739.1220794578235
11237,Brooklyn,Kings County,2021-10-31,2781.3327585505067
11237,Brooklyn,Kings County,2021-11-30,2786.835693635226
11237,Brooklyn,Kings County,2021-12-31,2813.929423438653
11237,Brooklyn,Kings County,2022-01-31,2880.645534091888
11237,Brooklyn,Kings County,2022-02-28,2967.1460714479435
11237,Brooklyn,Kings County,2022-03-31,3035.909450812096
11237,Brooklyn,Kings County,2022-04-30,3049.392691298115
11237,Brooklyn,Kings County,2022-05-31,3121.561564868516
11237,Brooklyn,Kings County,2022-06-30,3207.170831233341
11237,Brooklyn,Kings County,2022-07-31,3299.4337561266384
11237,Brooklyn,Kings County,2022-08-31,3367.833934589528
11237,Brooklyn,Kings County,2022-09-30,3392.3214529039687
11237,Brooklyn,Kings County,2022-10-31,3394.251647905174
11237,Brooklyn,Kings County,2022-11-30,3322.934805236675
11237,Brooklyn,Kings County,2022-12-31,3258.1883551805095
11237,Brooklyn,Kings County,2023-01-31,3202.0580794336715
11237,Brooklyn,Kings County,2023-02-28,3208.7804217351872
11237,Brooklyn,Kings County,2023-03-31,3238.3756935719575
11237,Brooklyn,Kings County,2023-04-30,3279.2769435406803
11237,Brooklyn,Kings County,2023-05-31,3311.8733227839334
11237,Brooklyn,Kings County,2023-06-30,3368.9490380324573
11237,Brooklyn,Kings County,2023-07-31,3401.9356805422613
11237,Brooklyn,Kings County,2023-08-31,3421.6445540595
11237,Brooklyn,Kings County,2023-09-30,3403.4814008115486
11237,Brooklyn,Kings County,2023-10-31,3382.6999901659037
11237,Brooklyn,Kings County,2023-11-30,3352.940979303591
11237,Brooklyn,Kings County,2023-12-31,3352.015970095615
11237,Brooklyn,Kings County,2024-01-31,3331.4741346051505
11237,Brooklyn,Kings County,2024-02-29,3345.9514298918057
11237,Brooklyn,Kings County,2024-03-31,3339.9153405877137
11237,Brooklyn,Kings County,2024-04-30,3379.5311181889856
11237,Brooklyn,Kings County,2024-05-31,3424.504284179198
11237,Brooklyn,Kings County,2024-06-30,3471.81667783572
11237,Brooklyn,Kings County,2024-07-31,3518.6548262127867
11237,Brooklyn,Kings County,2024-08-31,3514.478087656312
11237,Brooklyn,Kings County,2024-09-30,3506.2722690147425
11237,Brooklyn,Kings County,2024-10-31,3437.7873170429407
11237,Brooklyn,Kings County,2024-11-30,3395.820459044731
11237,Brooklyn,Kings County,2024-12-31,3356.9299360270247
11237,Brooklyn,Kings County,2025-01-31,3374.7470778874695
11237,Brooklyn,Kings County,2025-02-28,3410.777083956918
11237,Brooklyn,Kings County,2025-03-31,3442.9512055459504
11237,Brooklyn,Kings County,2025-04-30,3497.654978608429
11237,Brooklyn,Kings County,2025-05-31,3541.4120053386464
11237,Brooklyn,Kings County,2025-06-30,3602.6295019489435
11237,Brooklyn,Kings County,2025-07-31,3632.300584753408
11237,Brooklyn,Kings County,2025-08-31,3632.6973707646903
11237,Brooklyn,Kings County,2025-09-30,3630.2942052986073
11237,Brooklyn,Kings County,2025-10-31,3597.3766666456654
11237,Brooklyn,Kings County,2025-11-30,3566.327838494039
11237,Brooklyn,Kings County,2025-12-31,3518.610361295475
11237,Brooklyn,Kings County,2026-01-31,3517.3180354255583
11237,Brooklyn,Kings County,2026-02-28,3548.687271602266
11237,Brooklyn,Kings County,2026-03-31,3616.5789733705055
11237,Brooklyn,Kings County,2026-04-30,3673.4291891051275
11237,Brooklyn,Kings County,2026-05-31,3726.4640491562836
11237,Brooklyn,Kings County,2026-06-30,3785.7763716905306
11237,Brooklyn,Kings County,2026-07-31,3824.653867102397
11224,Brooklyn,Kings County,2024-09-30,3168.326888308733
11224,Brooklyn,Kings County,2024-10-31,3117.1676909353123
11224,Brooklyn,Kings County,2024-11-30,3084.1912712975923
11224,Brooklyn,Kings County,2025-01-31,3006.3089395665024
11224,Brooklyn,Kings County,2025-02-28,2996.06295295878
11224,Brooklyn,Kings County,2025-03-31,3120.957080015067
11224,Brooklyn,Kings County,2025-04-30,3191.7453943301307
11224,Brooklyn,Kings County,2025-05-31,3319.467813632299
11224,Brooklyn,Kings County,2025-06-30,3280.3969262634773
11224,Brooklyn,Kings County,2025-07-31,3281.5114180042497
11224,Brooklyn,Kings County,2025-08-31,3281.9145702158166
11224,Brooklyn,Kings County,2025-09-30,3217.353985530742
11224,Brooklyn,Kings County,2025-10-31,3272.1765996547056
11224,Brooklyn,Kings County,2025-11-30,3274.8623532501583
11224,Brooklyn,Kings County,2025-12-31,3388.507991818598
11224,Brooklyn,Kings County,2026-01-31,3285.011531276631
11224,Brooklyn,Kings County,2026-02-28,3250.698137065544
11224,Brooklyn,Kings County,2026-03-31,3284.4974146619875
11224,Brooklyn,Kings County,2026-04-30,3273.3077050935594
11224,Brooklyn,Kings County,2026-05-31,3299.403233772583
11224,Brooklyn,Kings County,2026-06-30,3308.8988401382862
11224,Brooklyn,Kings County,2026-07-31,3354.7083333333335
11374,Queens,Queens County,2015-03-31,1986.790659577084
11374,Queens,Queens County,2015-04-30,1991.1559265991175
11374,Queens,Queens County,2015-05-31,1973.325213520921
11374,Queens,Queens County,2015-06-30,1995.643022984841
11374,Queens,Queens County,2015-07-31,2036.2306739980925
11374,Queens,Queens County,2015-08-31,2087.251819804062
11374,Queens,Queens County,2015-09-30,2111.5932301190624
11374,Queens,Queens County,2015-10-31,2087.8736983732447
11374,Queens,Queens County,2015-11-30,2082.309938352057
11374,Queens,Queens County,2015-12-31,2072.3011599791776
11374,Queens,Queens County,2016-01-31,2071.6947840929597
11374,Queens,Queens County,2016-02-29,2071.968291660771
11374,Queens,Queens County,2016-03-31,2041.0613937104954
11374,Queens,Queens County,2016-04-30,2027.1857820644827
11374,Queens,Queens County,2016-05-31,2026.5833701670917
11374,Queens,Queens County,2016-06-30,2079.663747292494
11374,Queens,Queens County,2016-07-31,2087.843577455531
11374,Queens,Queens County,2016-08-31,2091.3639899752834
11374,Queens,Queens County,2016-09-30,2112.534324830105
11374,Queens,Queens County,2016-10-31,2177.9213173393955
11374,Queens,Queens County,2016-11-30,2191.560439109772
11374,Queens,Queens County,2016-12-31,2183.56431956869
11374,Queens,Queens County,2017-01-31,2160.857357850037
11374,Queens,Queens County,2017-02-28,2168.997744039809
11374,Queens,Queens County,2017-03-31,2165.093305565149
11374,Queens,Queens County,2017-04-30,2165.51846533004
11374,Queens,Queens County,2017-05-31,2152.4895523769296
11374,Queens,Queens County,2017-06-30,2147.420085067722
11374,Queens,Queens County,2017-07-31,2165.0308586393016
11374,Queens,Queens County,2017-08-31,2181.873157239201
11374,Queens,Queens County,2017-09-30,2192.727234800344
11374,Queens,Queens County,2017-10-31,2187.7217727668203
11374,Queens,Queens County,2017-11-30,2187.39451157563
11374,Queens,Queens County,2017-12-31,2164.3327843616453
11374,Queens,Queens County,2018-01-31,2127.919466869967
11374,Queens,Queens County,2018-02-28,2120.086903729246
11374,Queens,Queens County,2018-03-31,2148.0032087461273
11374,Queens,Queens County,2018-04-30,2187.2753637033707
11374,Queens,Queens County,2018-05-31,2182.901638671426
11374,Queens,Queens County,2018-06-30,2188.193586511153
11374,Queens,Queens County,2018-07-31,2189.8034516595108
11374,Queens,Queens County,2018-08-31,2217.5378331331576
11374,Queens,Queens County,2018-09-30,2215.770268161412
11374,Queens,Queens County,2018-10-31,2218.0164810165966
11374,Queens,Queens County,2018-11-30,2221.2480253548533
11374,Queens,Queens County,2018-12-31,2238.650461020208
11374,Queens,Queens County,2019-01-31,2239.3990845741987
11374,Queens,Queens County,2019-02-28,2241.169260955821
11374,Queens,Queens County,2019-03-31,2246.7037655353633
11374,Queens,Queens County,2019-04-30,2259.5840245031864
11374,Queens,Queens County,2019-05-31,2277.720703629078
11374,Queens,Queens County,2019-06-30,2293.621712663844
11374,Queens,Queens County,2019-07-31,2321.909902802544
11374,Queens,Queens County,2019-08-31,2322.9513559287243
11374,Queens,Queens County,2019-09-30,2301.31905798089
11374,Queens,Queens County,2019-10-31,2284.4864389440913
11374,Queens,Queens County,2019-11-30,2285.850810675286
11374,Queens,Queens County,2019-12-31,2272.0922624032237
11374,Queens,Queens County,2020-01-31,2295.944587246968
11374,Queens,Queens County,2020-02-29,2308.1589983774506
11374,Queens,Queens County,2020-03-31,2337.79302753686
11374,Queens,Queens County,2020-04-30,2316.63294262039
11374,Queens,Queens County,2020-05-31,2314.3648608292465
11374,Queens,Queens County,2020-06-30,2316.044689461885
11374,Queens,Queens County,2020-07-31,2299.335414541049
11374,Queens,Queens County,2020-08-31,2288.932859150079
11374,Queens,Queens County,2020-09-30,2260.3104117887074
11374,Queens,Queens County,2020-10-31,2272.1493916074132
11374,Queens,Queens County,2020-11-30,2259.4974905625245
11374,Queens,Queens County,2020-12-31,2267.4838159720475
11374,Queens,Queens County,2021-01-31,2247.0332769882543
11374,Queens,Queens County,2021-02-28,2227.2933539843384
11374,Queens,Queens County,2021-03-31,2223.165330551435
11374,Queens,Queens County,2021-04-30,2240.0929730368052
11374,Queens,Queens County,2021-05-31,2238.4200823995966
11374,Queens,Queens County,2021-06-30,2243.4887323508483
11374,Queens,Queens County,2021-07-31,2247.555428371791
11374,Queens,Queens County,2021-08-31,2263.9331324271307
11374,Queens,Queens County,2021-09-30,2284.5232458412447
11374,Queens,Queens County,2021-10-31,2291.4252545834524
11374,Queens,Queens County,2021-11-30,2335.413459309368
11374,Queens,Queens County,2021-12-31,2356.127470826489
11374,Queens,Queens County,2022-01-31,2369.392638102881
11374,Queens,Queens County,2022-02-28,2353.836461307324
11374,Queens,Queens County,2022-03-31,2369.0260120289963
11374,Queens,Queens County,2022-04-30,2392.2391958637095
11374,Queens,Queens County,2022-05-31,2421.740858695621
11374,Queens,Queens County,2022-06-30,2449.0122546985913
11374,Queens,Queens County,2022-07-31,2488.994849077288
11374,Queens,Queens County,2022-08-31,2544.5932676462635
11374,Queens,Queens County,2022-09-30,2575.608234753855
11374,Queens,Queens County,2022-10-31,2611.8952602796353
11374,Queens,Queens County,2022-11-30,2595.8285507184087
11374,Queens,Queens County,2022-12-31,2593.6077294668626
11374,Queens,Queens County,2023-01-31,2557.471413754541
11374,Queens,Queens County,2023-02-28,2583.51259994068
11374,Queens,Queens County,2023-03-31,2579.491617759869
11374,Queens,Queens County,2023-04-30,2610.305632027272
11374,Queens,Queens County,2023-05-31,2612.3094170342483
11374,Queens,Queens County,2023-06-30,2651.1411631608958
11374,Queens,Queens County,2023-07-31,2668.980941030721
11374,Queens,Queens County,2023-08-31,2698.1061824656695
11374,Queens,Queens County,2023-09-30,2728.503686512544
11374,Queens,Queens County,2023-10-31,2728.2892388942437
11374,Queens,Queens County,2023-11-30,2746.13155491374
11374,Queens,Queens County,2023-12-31,2718.2921911253816
11374,Queens,Queens County,2024-01-31,2731.389127333461
11374,Queens,Queens County,2024-02-29,2778.871229117125
11374,Queens,Queens County,2024-03-31,2779.587639179263
11374,Queens,Queens County,2024-04-30,2826.480731659244
11374,Queens,Queens County,2024-05-31,2793.411346780677
11374,Queens,Queens County,2024-06-30,2820.381365309308
11374,Queens,Queens County,2024-07-31,2839.1476137979457
11374,Queens,Queens County,2024-08-31,2855.7638191777264
11374,Queens,Queens County,2024-09-30,2881.458421654883
11374,Queens,Queens County,2024-10-31,2833.8868578619795
11374,Queens,Queens County,2024-11-30,2818.4698332848197
11374,Queens,Queens County,2024-12-31,2823.923776802687
11374,Queens,Queens County,2025-01-31,2877.204581476408
11374,Queens,Queens County,2025-02-28,2929.458400531789
11374,Queens,Queens County,2025-03-31,2943.8629791562485
11374,Queens,Queens County,2025-04-30,2915.58772601389
11374,Queens,Queens County,2025-05-31,2884.8793526286527
11374,Queens,Queens County,2025-06-30,2905.458043420699
11374,Queens,Queens County,2025-07-31,2929.40104432789
11374,Queens,Queens County,2025-08-31,2997.188258958959
11374,Queens,Queens County,2025-09-30,3021.5162688635723
11374,Queens,Queens County,2025-10-31,3057.0731296815884
11374,Queens,Queens County,2025-11-30,3015.151985377943
11374,Queens,Queens County,2025-12-31,3028.2726289784105
11374,Queens,Queens County,2026-01-31,2995.4869423855293
11374,Queens,Queens County,2026-02-28,3007.8944227261813
11374,Queens,Queens County,2026-03-31,2989.4924744081814
11374,Queens,Queens County,2026-04-30,3043.556333258835
11374,Queens,Queens County,2026-05-31,3118.140175588759
11374,Queens,Queens County,2026-06-30,3133.1082494541083
11374,Queens,Queens County,2026-07-31,3114.2722222222224
11228,Brooklyn,Kings County,2020-10-31,1831.2932026926296
11228,Brooklyn,Kings County,2020-11-30,1824.533538838537
11228,Brooklyn,Kings County,2020-12-31,1871.4314110549092
11228,Brooklyn,Kings County,2021-01-31,1845.936966742076
11228,Brooklyn,Kings County,2021-02-28,1838.1287038102573
11228,Brooklyn,Kings County,2021-03-31,1817.9298024812463
11228,Brooklyn,Kings County,2021-04-30,1830.5426447366378
11228,Brooklyn,Kings County,2021-05-31,1847.4536328926902
11228,Brooklyn,Kings County,2021-06-30,1831.5704326643108
11228,Brooklyn,Kings County,2021-07-31,1871.195122894899
11228,Brooklyn,Kings County,2021-08-31,1889.5756029822464
11228,Brooklyn,Kings County,2021-09-30,1908.1746760547433
11228,Brooklyn,Kings County,2021-11-30,1906.2199518211723
11228,Brooklyn,Kings County,2021-12-31,1858.2469081299073
11228,Brooklyn,Kings County,2022-01-31,1856.7286573099043
11228,Brooklyn,Kings County,2022-02-28,1842.0161868896703
11228,Brooklyn,Kings County,2022-03-31,1888.3241615795366
11228,Brooklyn,Kings County,2022-04-30,1981.6600853728053
11228,Brooklyn,Kings County,2022-05-31,2085.9521142763892
11228,Brooklyn,Kings County,2022-06-30,2110.96904916062
11228,Brooklyn,Kings County,2022-07-31,2094.8029113945304
11228,Brooklyn,Kings County,2022-08-31,2075.596609204714
11228,Brooklyn,Kings County,2022-09-30,2136.1776767687757
11228,Brooklyn,Kings County,2022-10-31,2106.3595587648597
11228,Brooklyn,Kings County,2022-11-30,2215.1106197826193
11228,Brooklyn,Kings County,2022-12-31,2266.9162411360653
11228,Brooklyn,Kings County,2023-01-31,2298.7729796663357
11228,Brooklyn,Kings County,2023-02-28,2202.4996592523116
11228,Brooklyn,Kings County,2023-03-31,2144.1778762686
11228,Brooklyn,Kings County,2023-04-30,2157.1846163299547
11228,Brooklyn,Kings County,2023-05-31,2196.134935785482
11228,Brooklyn,Kings County,2023-06-30,2271.1180611463233
11228,Brooklyn,Kings County,2023-07-31,2232.498089687136
11228,Brooklyn,Kings County,2023-08-31,2276.903134902802
11228,Brooklyn,Kings County,2023-09-30,2277.946070079393
11228,Brooklyn,Kings County,2023-10-31,2404.568999560749
11228,Brooklyn,Kings County,2023-11-30,2434.3269766578837
11228,Brooklyn,Kings County,2023-12-31,2374.156090308166
11228,Brooklyn,Kings County,2024-01-31,2345.4127558182618
11228,Brooklyn,Kings County,2024-02-29,2378.786028786993
11228,Brooklyn,Kings County,2024-03-31,2510.7370875015836
11228,Brooklyn,Kings County,2024-04-30,2444.251598690978
11228,Brooklyn,Kings County,2024-05-31,2458.140663230888
11228,Brooklyn,Kings County,2024-06-30,2376.104708641839
11228,Brooklyn,Kings County,2024-07-31,2441.1898294675384
11228,Brooklyn,Kings County,2024-08-31,2406.1782412099574
11228,Brooklyn,Kings County,2024-09-30,2451.3495353591525
11228,Brooklyn,Kings County,2024-10-31,2499.288771740994
11228,Brooklyn,Kings County,2024-11-30,2536.753605898672
11228,Brooklyn,Kings County,2024-12-31,2603.5490732785697
11228,Brooklyn,Kings County,2025-01-31,2573.311746561575
11228,Brooklyn,Kings County,2025-02-28,2603.251864618104
11228,Brooklyn,Kings County,2025-03-31,2500.34047260921
11228,Brooklyn,Kings County,2025-04-30,2574.0137024069268
11228,Brooklyn,Kings County,2025-05-31,2611.643042375141
11228,Brooklyn,Kings County,2025-06-30,2702.8185014801206
11228,Brooklyn,Kings County,2025-07-31,2780.3314616167636
11228,Brooklyn,Kings County,2025-08-31,2915.516345678605
11228,Brooklyn,Kings County,2025-09-30,2951.56032275164
11228,Brooklyn,Kings County,2025-10-31,2892.870532869921
11228,Brooklyn,Kings County,2025-11-30,2810.645667165059
11228,Brooklyn,Kings County,2025-12-31,2730.1300652349196
11228,Brooklyn,Kings County,2026-01-31,2689.075678271688
11228,Brooklyn,Kings County,2026-02-28,2630.571998667929
11228,Brooklyn,Kings County,2026-03-31,2680.101521536959
11228,Brooklyn,Kings County,2026-04-30,2783.486772439249
11228,Brooklyn,Kings County,2026-05-31,2834.2601690634197
11228,Brooklyn,Kings County,2026-06-30,2908.0336353046455
11228,Brooklyn,Kings County,2026-07-31,2870.555555555555
10465,Bronx,Bronx County,2021-05-31,1880.590665745132
10465,Bronx,Bronx County,2021-06-30,1909.4127300367409
10465,Bronx,Bronx County,2021-07-31,1904.075571945854
10465,Bronx,Bronx County,2021-08-31,1946.8709386464323
10465,Bronx,Bronx County,2021-09-30,2040.1080376982477
10465,Bronx,Bronx County,2021-10-31,2102.2647593823735
10465,Bronx,Bronx County,2021-11-30,2050.2435554909875
10465,Bronx,Bronx County,2021-12-31,1920.4710110248027
10465,Bronx,Bronx County,2022-01-31,1963.8215800039427
10465,Bronx,Bronx County,2022-02-28,2014.890471884646
10465,Bronx,Bronx County,2022-03-31,2138.3271861180197
10465,Bronx,Bronx County,2022-04-30,2150.723224236652
10465,Bronx,Bronx County,2022-05-31,2197.496207921709
10465,Bronx,Bronx County,2022-06-30,2242.4845330274657
10465,Bronx,Bronx County,2022-07-31,2245.044004260919
10465,Bronx,Bronx County,2022-08-31,2253.7380336721208
10465,Bronx,Bronx County,2022-09-30,2170.671667316198
10465,Bronx,Bronx County,2022-10-31,2170.3295620317353
10465,Bronx,Bronx County,2022-11-30,2153.060581160568
10465,Bronx,Bronx County,2022-12-31,2204.2285207849486
10465,Bronx,Bronx County,2023-01-31,2215.992040635764
10465,Bronx,Bronx County,2023-02-28,2182.6378287123966
10465,Bronx,Bronx County,2023-03-31,2235.80881672435
10465,Bronx,Bronx County,2023-04-30,2292.794794827588
10465,Bronx,Bronx County,2023-05-31,2374.169636907686
10465,Bronx,Bronx County,2023-06-30,2290.6835966469484
10465,Bronx,Bronx County,2023-07-31,2261.3079253898363
10465,Bronx,Bronx County,2023-08-31,2284.4582142622085
10465,Bronx,Bronx County,2023-09-30,2374.0808501222823
10465,Bronx,Bronx County,2023-10-31,2387.952226487709
10465,Bronx,Bronx County,2023-11-30,2408.278902495084
10465,Bronx,Bronx County,2023-12-31,2345.858590649584
10465,Bronx,Bronx County,2024-01-31,2358.7077176642847
10465,Bronx,Bronx County,2024-02-29,2367.4059091277395
10465,Bronx,Bronx County,2024-03-31,2403.8752044532876
10465,Bronx,Bronx County,2024-04-30,2425.4924483379814
10465,Bronx,Bronx County,2024-05-31,2455.8533727282334
10465,Bronx,Bronx County,2024-06-30,2539.2211385082305
10465,Bronx,Bronx County,2024-07-31,2504.691940470426
10465,Bronx,Bronx County,2024-08-31,2474.3725566289354
10465,Bronx,Bronx County,2024-09-30,2474.509520561312
10465,Bronx,Bronx County,2024-10-31,2602.966282863009
10465,Bronx,Bronx County,2024-11-30,2706.031510249367
10465,Bronx,Bronx County,2024-12-31,2667.350985871551
10465,Bronx,Bronx County,2025-01-31,2626.9014349666363
10465,Bronx,Bronx County,2025-02-28,2527.506650572109
10465,Bronx,Bronx County,2025-03-31,2615.910531746862
10465,Bronx,Bronx County,2025-04-30,2656.6323361080126
10465,Bronx,Bronx County,2025-05-31,2696.376189935182
10465,Bronx,Bronx County,2025-06-30,2630.8735767457465
10465,Bronx,Bronx County,2025-07-31,2603.205307804366
10465,Bronx,Bronx County,2025-08-31,2616.8545577410223
10465,Bronx,Bronx County,2025-09-30,2706.6731201363837
10465,Bronx,Bronx County,2025-10-31,2828.0793093671705
10465,Bronx,Bronx County,2025-11-30,2804.782476500904
10465,Bronx,Bronx County,2025-12-31,2807.1491492478244
10465,Bronx,Bronx County,2026-01-31,2789.0331196689644
10465,Bronx,Bronx County,2026-02-28,2866.6575652133192
10465,Bronx,Bronx County,2026-03-31,2889.971698413505
10465,Bronx,Bronx County,2026-04-30,2836.4821619850013
10465,Bronx,Bronx County,2026-05-31,2873.392799421549
10465,Bronx,Bronx County,2026-06-30,2786.0647745764463
10465,Bronx,Bronx County,2026-07-31,2855.6666666666665
10040,Manhattan,New York County,2015-01-31,1890.8399558943145
10040,Manhattan,New York County,2015-02-28,1905.9877384379797
10040,Manhattan,New York County,2015-03-31,1926.801427095986
10040,Manhattan,New York County,2015-04-30,1932.5923272130876
10040,Manhattan,New York County,2015-05-31,1943.6130314227698
10040,Manhattan,New York County,2015-06-30,1966.0014696004223
10040,Manhattan,New York County,2015-07-31,2001.6373576795497
10040,Manhattan,New York County,2015-08-31,2006.1249617782473
10040,Manhattan,New York County,2015-09-30,1992.5896791128425
10040,Manhattan,New York County,2015-10-31,2008.0324437216486
10040,Manhattan,New York County,2015-11-30,2007.3656025800617
10040,Manhattan,New York County,2015-12-31,1992.6201840413407
10040,Manhattan,New York County,2016-01-31,1959.7685259654004
10040,Manhattan,New York County,2016-02-29,1932.068140595038
10040,Manhattan,New York County,2016-03-31,1943.9052744701683
10040,Manhattan,New York County,2016-04-30,1964.2561750859525
10040,Manhattan,New York County,2016-05-31,2007.3537140072285
10040,Manhattan,New York County,2016-06-30,2039.6861695844898
10040,Manhattan,New York County,2016-07-31,2071.437383227629
10040,Manhattan,New York County,2016-08-31,2096.8658334541255
10040,Manhattan,New York County,2016-09-30,2095.937294656189
10040,Manhattan,New York County,2016-10-31,2053.386030674107
10040,Manhattan,New York County,2016-11-30,2043.9342216893547
10040,Manhattan,New York County,2016-12-31,2062.6416394310095
10040,Manhattan,New York County,2017-01-31,2086.1929595916918
10040,Manhattan,New York County,2017-02-28,2081.3808526896846
10040,Manhattan,New York County,2017-03-31,2063.690501749507
10040,Manhattan,New York County,2017-04-30,2087.2001415550803
10040,Manhattan,New York County,2017-05-31,2112.958997865915
10040,Manhattan,New York County,2017-06-30,2140.0997566721776
10040,Manhattan,New York County,2017-07-31,2157.4274857640016
10040,Manhattan,New York County,2017-08-31,2152.996301589434
10040,Manhattan,New York County,2017-09-30,2151.8100074309064
10040,Manhattan,New York County,2017-10-31,2142.694559073371
10040,Manhattan,New York County,2017-11-30,2115.084635797199
10040,Manhattan,New York County,2017-12-31,2113.5010362149746
10040,Manhattan,New York County,2018-01-31,2106.511828798768
10040,Manhattan,New York County,2018-02-28,2147.193699826063
10040,Manhattan,New York County,2018-03-31,2143.4297164983777
10040,Manhattan,New York County,2018-04-30,2156.9356118726273
10040,Manhattan,New York County,2018-05-31,2169.584188395413
10040,Manhattan,New York County,2018-06-30,2200.7788577419506
10040,Manhattan,New York County,2018-07-31,2210.034154513287
10040,Manhattan,New York County,2018-08-31,2199.4406505958204
10040,Manhattan,New York County,2018-09-30,2186.113360417364
10040,Manhattan,New York County,2018-10-31,2180.5510872425994
10040,Manhattan,New York County,2018-11-30,2194.1871910909404
10040,Manhattan,New York County,2018-12-31,2195.521943784429
10040,Manhattan,New York County,2019-01-31,2192.0928845256617
10040,Manhattan,New York County,2019-02-28,2178.173637653388
10040,Manhattan,New York County,2019-03-31,2174.5438385253924
10040,Manhattan,New York County,2019-04-30,2201.519301842558
10040,Manhattan,New York County,2019-05-31,2221.268529680895
10040,Manhattan,New York County,2019-06-30,2239.1000589847113
10040,Manhattan,New York County,2019-07-31,2249.3241823246576
10040,Manhattan,New York County,2019-08-31,2266.2762320173565
10040,Manhattan,New York County,2019-09-30,2267.699266170973
10040,Manhattan,New York County,2019-10-31,2266.605728794112
10040,Manhattan,New York County,2019-11-30,2230.7389016120073
10040,Manhattan,New York County,2019-12-31,2235.2578626892955
10040,Manhattan,New York County,2020-01-31,2215.9806988694745
10040,Manhattan,New York County,2020-02-29,2246.5044021948415
10040,Manhattan,New York County,2020-03-31,2249.1784573914847
10040,Manhattan,New York County,2020-04-30,2272.412095048006
10040,Manhattan,New York County,2020-05-31,2285.645765225708
10040,Manhattan,New York County,2020-06-30,2303.784416332065
10040,Manhattan,New York County,2020-07-31,2293.9036118000936
10040,Manhattan,New York County,2020-08-31,2264.078693827252
10040,Manhattan,New York County,2020-09-30,2213.8914945728784
10040,Manhattan,New York County,2020-10-31,2176.0283682254953
10040,Manhattan,New York County,2020-11-30,2136.8763910613443
10040,Manhattan,New York County,2020-12-31,2101.7662832238725
10040,Manhattan,New York County,2021-01-31,2108.6804477397905
10040,Manhattan,New York County,2021-02-28,2139.576077868513
10040,Manhattan,New York County,2021-03-31,2170.848464806742
10040,Manhattan,New York County,2021-04-30,2157.065750248898
10040,Manhattan,New York County,2021-05-31,2145.922122232858
10040,Manhattan,New York County,2021-06-30,2149.9563263919963
10040,Manhattan,New York County,2021-07-31,2180.0841531156475
10040,Manhattan,New York County,2021-08-31,2190.2710964471908
10040,Manhattan,New York County,2021-09-30,2194.3694737425603
10040,Manhattan,New York County,2021-10-31,2205.1938492667687
10040,Manhattan,New York County,2021-11-30,2238.8523742581683
10040,Manhattan,New York County,2021-12-31,2328.2340240868725
10040,Manhattan,New York County,2022-01-31,2361.3066066634456
10040,Manhattan,New York County,2022-02-28,2399.733388412922
10040,Manhattan,New York County,2022-03-31,2392.2125770479984
10040,Manhattan,New York County,2022-04-30,2387.2856398893127
10040,Manhattan,New York County,2022-05-31,2392.6229539505366
10040,Manhattan,New York County,2022-06-30,2376.9069814539794
10040,Manhattan,New York County,2022-07-31,2437.4208295625876
10040,Manhattan,New York County,2022-08-31,2461.028904061071
10040,Manhattan,New York County,2022-09-30,2504.299608519994
10040,Manhattan,New York County,2022-10-31,2510.0178185616537
10040,Manhattan,New York County,2022-11-30,2516.0938502635904
10040,Manhattan,New York County,2022-12-31,2543.1662812716595
10040,Manhattan,New York County,2023-01-31,2541.360513368832
10040,Manhattan,New York County,2023-02-28,2545.193083344683
10040,Manhattan,New York County,2023-03-31,2534.3343430280056
10040,Manhattan,New York County,2023-04-30,2530.4838691625023
10040,Manhattan,New York County,2023-05-31,2548.5557581918015
10040,Manhattan,New York County,2023-06-30,2553.114278300838
10040,Manhattan,New York County,2023-07-31,2608.610834101172
10040,Manhattan,New York County,2023-08-31,2624.8010835453206
10040,Manhattan,New York County,2023-09-30,2657.8598980901947
10040,Manhattan,New York County,2023-10-31,2641.9182877457442
10040,Manhattan,New York County,2023-11-30,2629.1608519053766
10040,Manhattan,New York County,2023-12-31,2591.900590314469
10040,Manhattan,New York County,2024-01-31,2591.326297823645
10040,Manhattan,New York County,2024-02-29,2628.5048812672667
10040,Manhattan,New York County,2024-03-31,2670.800614626301
10040,Manhattan,New York County,2024-04-30,2706.1965263881134
10040,Manhattan,New York County,2024-05-31,2700.4328950120735
10040,Manhattan,New York County,2024-06-30,2691.1209524946785
10040,Manhattan,New York County,2024-07-31,2702.6023579319476
10040,Manhattan,New York County,2024-08-31,2723.9940740827037
10040,Manhattan,New York County,2024-09-30,2754.818370254724
10040,Manhattan,New York County,2024-10-31,2717.8709150759873
10040,Manhattan,New York County,2024-11-30,2735.085634399994
10040,Manhattan,New York County,2024-12-31,2699.405297829017
10040,Manhattan,New York County,2025-01-31,2702.3849980302157
10040,Manhattan,New York County,2025-02-28,2668.6314114854727
10040,Manhattan,New York County,2025-03-31,2696.786720221878
10040,Manhattan,New York County,2025-04-30,2714.8822866222044
10040,Manhattan,New York County,2025-05-31,2751.6917759278053
10040,Manhattan,New York County,2025-06-30,2787.6210780457914
10040,Manhattan,New York County,2025-07-31,2859.233327203268
10040,Manhattan,New York County,2025-08-31,2891.221519044405
10040,Manhattan,New York County,2025-09-30,2899.2413095649476
10040,Manhattan,New York County,2025-10-31,2874.084985313955
10040,Manhattan,New York County,2025-11-30,2847.282200463086
10040,Manhattan,New York County,2025-12-31,2853.5209717692273
10040,Manhattan,New York County,2026-01-31,2834.4895085093945
10040,Manhattan,New York County,2026-02-28,2801.708682150246
10040,Manhattan,New York County,2026-03-31,2794.6066416381877
10040,Manhattan,New York County,2026-04-30,2817.842951202892
10040,Manhattan,New York County,2026-05-31,2904.8945967306313
10040,Manhattan,New York County,2026-06-30,2959.8607680251293
10040,Manhattan,New York County,2026-07-31,2987.9377104377104
10305,Staten Island,Richmond County,2023-02-28,2119.1631727455956
10305,Staten Island,Richmond County,2023-03-31,2166.508628764142
10305,Staten Island,Richmond County,2023-04-30,2132.30633058162
10305,Staten Island,Richmond County,2023-05-31,2129.553033428829
10305,Staten Island,Richmond County,2023-06-30,2083.789376256097
10305,Staten Island,Richmond County,2023-07-31,2069.3522788114747
10305,Staten Island,Richmond County,2023-08-31,2071.6959208320604
10305,Staten Island,Richmond County,2023-09-30,2212.8892845013024
10305,Staten Island,Richmond County,2023-10-31,2198.7023181138616
10305,Staten Island,Richmond County,2023-11-30,2255.530185601472
10305,Staten Island,Richmond County,2023-12-31,2153.049394984368
10305,Staten Island,Richmond County,2024-01-31,2217.7827242731164
10305,Staten Island,Richmond County,2024-03-31,2255.3121931398578
10305,Staten Island,Richmond County,2024-04-30,2375.5202303569467
10305,Staten Island,Richmond County,2024-05-31,2432.209285159284
10305,Staten Island,Richmond County,2024-06-30,2459.693059506996
10305,Staten Island,Richmond County,2024-07-31,2401.554415789508
10305,Staten Island,Richmond County,2024-08-31,2460.1229068026278
10305,Staten Island,Richmond County,2024-09-30,2459.1947585667663
10305,Staten Island,Richmond County,2024-10-31,2453.155313443641
10305,Staten Island,Richmond County,2024-11-30,2384.0914222363376
10305,Staten Island,Richmond County,2024-12-31,2488.5182426018
10305,Staten Island,Richmond County,2025-01-31,2561.78909100739
10305,Staten Island,Richmond County,2025-02-28,2661.6195605125504
10305,Staten Island,Richmond County,2025-03-31,2575.638542787223
10305,Staten Island,Richmond County,2025-04-30,2541.9472659026806
10305,Staten Island,Richmond County,2025-05-31,2561.1458046032903
10305,Staten Island,Richmond County,2025-06-30,2656.2673541183453
10305,Staten Island,Richmond County,2025-07-31,2671.2432996533016
10305,Staten Island,Richmond County,2025-08-31,2658.231063333877
10305,Staten Island,Richmond County,2025-09-30,2554.462218806038
10305,Staten Island,Richmond County,2025-10-31,2612.066653999165
10305,Staten Island,Richmond County,2025-11-30,2622.3745825806964
10305,Staten Island,Richmond County,2025-12-31,2733.390666666486
10305,Staten Island,Richmond County,2026-01-31,2770.225115263957
10305,Staten Island,Richmond County,2026-02-28,2732.399874683504
10305,Staten Island,Richmond County,2026-03-31,2745.320452821497
10305,Staten Island,Richmond County,2026-04-30,2750.1329142483146
10305,Staten Island,Richmond County,2026-05-31,2823.793609597422
10305,Staten Island,Richmond County,2026-06-30,2785.040489709081
10305,Staten Island,Richmond County,2026-07-31,2744.933333333333
10019,Manhattan,New York County,2015-01-31,3408.6121016817337
10019,Manhattan,New York County,2015-02-28,3395.3147528194086
10019,Manhattan,New York County,2015-03-31,3409.429753149589
10019,Manhattan,New York County,2015-04-30,3451.8681766531768
10019,Manhattan,New York County,2015-05-31,3488.353973207905
10019,Manhattan,New York County,2015-06-30,3505.7342065479097
10019,Manhattan,New York County,2015-07-31,3499.188446525124
10019,Manhattan,New York County,2015-08-31,3512.937302201902
10019,Manhattan,New York County,2015-09-30,3526.772346125839
10019,Manhattan,New York County,2015-10-31,3527.5070100793378
10019,Manhattan,New York County,2015-11-30,3495.3662606069747
10019,Manhattan,New York County,2015-12-31,3463.496469638566
10019,Manhattan,New York County,2016-01-31,3429.3860029439797
10019,Manhattan,New York County,2016-02-29,3423.096420845858
10019,Manhattan,New York County,2016-03-31,3428.1471935388677
10019,Manhattan,New York County,2016-04-30,3461.438974704228
10019,Manhattan,New York County,2016-05-31,3480.514175265333
10019,Manhattan,New York County,2016-06-30,3512.2437823392465
10019,Manhattan,New York County,2016-07-31,3543.5056756143604
10019,Manhattan,New York County,2016-08-31,3540.934696479085
10019,Manhattan,New York County,2016-09-30,3526.3895731442212
10019,Manhattan,New York County,2016-10-31,3500.532529624815
10019,Manhattan,New York County,2016-11-30,3473.9829664252516
10019,Manhattan,New York County,2016-12-31,3434.459603224849
10019,Manhattan,New York County,2017-01-31,3422.344865293746
10019,Manhattan,New York County,2017-02-28,3411.448596494634
10019,Manhattan,New York County,2017-03-31,3431.541826827745
10019,Manhattan,New York County,2017-04-30,3455.829971675225
10019,Manhattan,New York County,2017-05-31,3498.3551428067085
10019,Manhattan,New York County,2017-06-30,3525.8646037414337
10019,Manhattan,New York County,2017-07-31,3525.4236864180652
10019,Manhattan,New York County,2017-08-31,3534.4672026779654
10019,Manhattan,New York County,2017-09-30,3530.148979510731
10019,Manhattan,New York County,2017-10-31,3499.50458459228
10019,Manhattan,New York County,2017-11-30,3446.0743756151146
10019,Manhattan,New York County,2017-12-31,3405.363023567759
10019,Manhattan,New York County,2018-01-31,3397.938499737858
10019,Manhattan,New York County,2018-02-28,3424.135850983505
10019,Manhattan,New York County,2018-03-31,3435.09559617386
10019,Manhattan,New York County,2018-04-30,3450.3882032881324
10019,Manhattan,New York County,2018-05-31,3468.7095263933315
10019,Manhattan,New York County,2018-06-30,3502.4168329556906
10019,Manhattan,New York County,2018-07-31,3545.0325410181176
10019,Manhattan,New York County,2018-08-31,3558.443721094293
10019,Manhattan,New York County,2018-09-30,3549.186587634116
10019,Manhattan,New York County,2018-10-31,3518.466074861824
10019,Manhattan,New York County,2018-11-30,3470.32304921719
10019,Manhattan,New York County,2018-12-31,3462.97004280864
10019,Manhattan,New York County,2019-01-31,3450.5102291206344
10019,Manhattan,New York County,2019-02-28,3468.4294398610136
10019,Manhattan,New York County,2019-03-31,3470.9609279007823
10019,Manhattan,New York County,2019-04-30,3511.782965674714
10019,Manhattan,New York County,2019-05-31,3542.6939007984415
10019,Manhattan,New York County,2019-06-30,3593.030196401654
10019,Manhattan,New York County,2019-07-31,3603.9847639491927
10019,Manhattan,New York County,2019-08-31,3614.608956123508
10019,Manhattan,New York County,2019-09-30,3621.9818231576105
10019,Manhattan,New York County,2019-10-31,3600.85072861187
10019,Manhattan,New York County,2019-11-30,3577.0202220913907
10019,Manhattan,New York County,2019-12-31,3549.497263137472
10019,Manhattan,New York County,2020-01-31,3553.468595399752
10019,Manhattan,New York County,2020-02-29,3579.341163134024
10019,Manhattan,New York County,2020-03-31,3588.464393526344
10019,Manhattan,New York County,2020-04-30,3570.501722723924
10019,Manhattan,New York County,2020-05-31,3484.521572165802
10019,Manhattan,New York County,2020-06-30,3395.107936673119
10019,Manhattan,New York County,2020-07-31,3304.1916886482604
10019,Manhattan,New York County,2020-08-31,3237.8677649060173
10019,Manhattan,New York County,2020-09-30,3141.706608882435
10019,Manhattan,New York County,2020-10-31,3076.2171572614925
10019,Manhattan,New York County,2020-11-30,3036.06123766827
10019,Manhattan,New York County,2020-12-31,3008.456015670608
10019,Manhattan,New York County,2021-01-31,3006.2420638856
10019,Manhattan,New York County,2021-02-28,3028.1888247605843
10019,Manhattan,New York County,2021-03-31,3061.3155442294274
10019,Manhattan,New York County,2021-04-30,3129.441226136159
10019,Manhattan,New York County,2021-05-31,3205.7944460025146
10019,Manhattan,New York County,2021-06-30,3334.56511175643
10019,Manhattan,New York County,2021-07-31,3462.139706689023
10019,Manhattan,New York County,2021-08-31,3559.98773694226
10019,Manhattan,New York County,2021-09-30,3648.036216245219
10019,Manhattan,New York County,2021-10-31,3690.0459832151164
10019,Manhattan,New York County,2021-11-30,3738.2024684456123
10019,Manhattan,New York County,2021-12-31,3760.5444718523368
10019,Manhattan,New York County,2022-01-31,3805.873090260959
10019,Manhattan,New York County,2022-02-28,3864.345575452206
10019,Manhattan,New York County,2022-03-31,3924.3488735731316
10019,Manhattan,New York County,2022-04-30,3969.819858566126
10019,Manhattan,New York County,2022-05-31,4037.8022733949424
10019,Manhattan,New York County,2022-06-30,4125.676058988553
10019,Manhattan,New York County,2022-07-31,4195.726745278163
10019,Manhattan,New York County,2022-08-31,4221.956086312224
10019,Manhattan,New York County,2022-09-30,4217.647410827603
10019,Manhattan,New York County,2022-10-31,4167.125965472969
10019,Manhattan,New York County,2022-11-30,4094.5205640093604
10019,Manhattan,New York County,2022-12-31,4029.194776797088
10019,Manhattan,New York County,2023-01-31,4039.46364839334
10019,Manhattan,New York County,2023-02-28,4059.998996025198
10019,Manhattan,New York County,2023-03-31,4108.113995820409
10019,Manhattan,New York County,2023-04-30,4147.882969079672
10019,Manhattan,New York County,2023-05-31,4206.079170032352
10019,Manhattan,New York County,2023-06-30,4256.8660518436045
10019,Manhattan,New York County,2023-07-31,4274.066245116845
10019,Manhattan,New York County,2023-08-31,4280.658715382404
10019,Manhattan,New York County,2023-09-30,4257.940514755135
10019,Manhattan,New York County,2023-10-31,4214.515257935556
10019,Manhattan,New York County,2023-11-30,4155.063568158061
10019,Manhattan,New York County,2023-12-31,4115.721681169366
10019,Manhattan,New York County,2024-01-31,4099.24341904782
10019,Manhattan,New York County,2024-02-29,4135.466290589762
10019,Manhattan,New York County,2024-03-31,4163.991906748239
10019,Manhattan,New York County,2024-04-30,4230.586095257965
10019,Manhattan,New York County,2024-05-31,4292.821155712556
10019,Manhattan,New York County,2024-06-30,4353.481182938544
10019,Manhattan,New York County,2024-07-31,4383.625381600472
10019,Manhattan,New York County,2024-08-31,4388.142684009265
10019,Manhattan,New York County,2024-09-30,4381.581887423772
10019,Manhattan,New York County,2024-10-31,4371.361362855493
10019,Manhattan,New York County,2024-11-30,4334.308080876388
10019,Manhattan,New York County,2024-12-31,4341.06197417962
10019,Manhattan,New York County,2025-01-31,4341.569768751581
10019,Manhattan,New York County,2025-02-28,4369.298520124298
10019,Manhattan,New York County,2025-03-31,4380.3631390384235
10019,Manhattan,New York County,2025-04-30,4430.181998059728
10019,Manhattan,New York County,2025-05-31,4489.751831054717
10019,Manhattan,New York County,2025-06-30,4553.688335426026
10019,Manhattan,New York County,2025-07-31,4623.695497260918
10019,Manhattan,New York County,2025-08-31,4678.784497995986
10019,Manhattan,New York County,2025-09-30,4684.430957851003
10019,Manhattan,New York County,2025-10-31,4651.261288650879
10019,Manhattan,New York County,2025-11-30,4581.485790900352
10019,Manhattan,New York County,2025-12-31,4542.46942282286
10019,Manhattan,New York County,2026-01-31,4518.768491790624
10019,Manhattan,New York County,2026-02-28,4535.359193336996
10019,Manhattan,New York County,2026-03-31,4558.659071158297
10019,Manhattan,New York County,2026-04-30,4616.029974932508
10019,Manhattan,New York County,2026-05-31,4700.683572533689
10019,Manhattan,New York County,2026-06-30,4792.898716500884
10019,Manhattan,New York County,2026-07-31,4855.828573904528
11365,Queens,Queens County,2023-11-30,2409.7062281227754
11365,Queens,Queens County,2023-12-31,2334.9145204080814
11365,Queens,Queens County,2024-01-31,2426.944714402927
11365,Queens,Queens County,2024-02-29,2454.3837836129837
11365,Queens,Queens County,2024-03-31,2537.182487806548
11365,Queens,Queens County,2024-04-30,2475.9085379334647
11365,Queens,Queens County,2024-05-31,2529.6062805472375
11365,Queens,Queens County,2024-06-30,2556.9406505645898
11365,Queens,Queens County,2024-07-31,2652.684806594208
11365,Queens,Queens County,2024-08-31,2653.755116781061
11365,Queens,Queens County,2024-09-30,2572.860302821183
11365,Queens,Queens County,2024-10-31,2490.5614060440867
11365,Queens,Queens County,2024-11-30,2454.1065205363675
11365,Queens,Queens County,2024-12-31,2486.273429417498
11365,Queens,Queens County,2025-01-31,2512.120604641831
11365,Queens,Queens County,2025-02-28,2591.3235920019697
11365,Queens,Queens County,2025-03-31,2633.011317130394
11365,Queens,Queens County,2025-04-30,2760.823633934262
11365,Queens,Queens County,2025-05-31,2707.687624619503
11365,Queens,Queens County,2025-06-30,2750.329094500455
11365,Queens,Queens County,2025-07-31,2710.5020711569705
11365,Queens,Queens County,2025-08-31,2797.440884197268
11365,Queens,Queens County,2025-09-30,2838.0939441523237
11365,Queens,Queens County,2025-10-31,2790.8970268031603
11365,Queens,Queens County,2025-11-30,2661.063033897094
11365,Queens,Queens County,2025-12-31,2566.840424345609
11365,Queens,Queens County,2026-01-31,2639.8167554562624
11365,Queens,Queens County,2026-02-28,2722.256367025428
11365,Queens,Queens County,2026-03-31,2800.713925062126
11365,Queens,Queens County,2026-04-30,2723.0543057213918
11365,Queens,Queens County,2026-05-31,2743.4461543613666
11365,Queens,Queens County,2026-06-30,2753.224077758368
11365,Queens,Queens County,2026-07-31,2709.196428571429
10028,Manhattan,New York County,2015-01-31,2515.707506800416
10028,Manhattan,New York County,2015-02-28,2511.2687872898346
10028,Manhattan,New York County,2015-03-31,2519.942889813682
10028,Manhattan,New York County,2015-04-30,2549.5203718346515
10028,Manhattan,New York County,2015-05-31,2562.435410401401
10028,Manhattan,New York County,2015-06-30,2592.300528309084
10028,Manhattan,New York County,2015-07-31,2597.3067562953606
10028,Manhattan,New York County,2015-08-31,2623.3366183441617
10028,Manhattan,New York County,2015-09-30,2620.1270558801643
10028,Manhattan,New York County,2015-10-31,2631.825360442714
10028,Manhattan,New York County,2015-11-30,2612.7294701737483
10028,Manhattan,New York County,2015-12-31,2611.3107968449513
10028,Manhattan,New York County,2016-01-31,2613.7349720306497
10028,Manhattan,New York County,2016-02-29,2630.2570913346
10028,Manhattan,New York County,2016-03-31,2631.4398250274567
10028,Manhattan,New York County,2016-04-30,2623.38691244862
10028,Manhattan,New York County,2016-05-31,2629.4363590489156
10028,Manhattan,New York County,2016-06-30,2645.8125516824807
10028,Manhattan,New York County,2016-07-31,2670.3735272921563
10028,Manhattan,New York County,2016-08-31,2671.339638464942
10028,Manhattan,New York County,2016-09-30,2660.2632669060836
10028,Manhattan,New York County,2016-10-31,2637.3402758298816
10028,Manhattan,New York County,2016-11-30,2619.644619069495
10028,Manhattan,New York County,2016-12-31,2599.454235579073
10028,Manhattan,New York County,2017-01-31,2599.3052067397452
10028,Manhattan,New York County,2017-02-28,2626.2466610301303
10028,Manhattan,New York County,2017-03-31,2653.694293485555
10028,Manhattan,New York County,2017-04-30,2667.706715354322
10028,Manhattan,New York County,2017-05-31,2670.829075998144
10028,Manhattan,New York County,2017-06-30,2689.67172476572
10028,Manhattan,New York County,2017-07-31,2695.98513427489
10028,Manhattan,New York County,2017-08-31,2696.3120340986347
10028,Manhattan,New York County,2017-09-30,2696.392324984511
10028,Manhattan,New York County,2017-10-31,2685.6570862570265
10028,Manhattan,New York County,2017-11-30,2674.9875319724265
10028,Manhattan,New York County,2017-12-31,2642.592891950325
10028,Manhattan,New York County,2018-01-31,2645.8637109961705
10028,Manhattan,New York County,2018-02-28,2659.4188201224015
10028,Manhattan,New York County,2018-03-31,2687.4636394443046
10028,Manhattan,New York County,2018-04-30,2710.6479492766534
10028,Manhattan,New York County,2018-05-31,2712.8648676050943
10028,Manhattan,New York County,2018-06-30,2731.370874298799
10028,Manhattan,New York County,2018-07-31,2739.3297592625186
10028,Manhattan,New York County,2018-08-31,2759.3297702618274
10028,Manhattan,New York County,2018-09-30,2753.913327315323
10028,Manhattan,New York County,2018-10-31,2738.903491495279
10028,Manhattan,New York County,2018-11-30,2714.061669067992
10028,Manhattan,New York County,2018-12-31,2704.6353779838832
10028,Manhattan,New York County,2019-01-31,2719.8221539345545
10028,Manhattan,New York County,2019-02-28,2744.932169729708
10028,Manhattan,New York County,2019-03-31,2759.4309737956482
10028,Manhattan,New York County,2019-04-30,2771.76105859785
10028,Manhattan,New York County,2019-05-31,2786.1213226756654
10028,Manhattan,New York County,2019-06-30,2812.3191833008486
10028,Manhattan,New York County,2019-07-31,2830.6678813384606
10028,Manhattan,New York County,2019-08-31,2837.0041456925924
10028,Manhattan,New York County,2019-09-30,2829.2665597774917
10028,Manhattan,New York County,2019-10-31,2818.9639315233053
10028,Manhattan,New York County,2019-11-30,2808.666046068476
10028,Manhattan,New York County,2019-12-31,2800.7910931909378
10028,Manhattan,New York County,2020-01-31,2792.6308484232936
10028,Manhattan,New York County,2020-02-29,2817.3722695919114
10028,Manhattan,New York County,2020-03-31,2840.763648965266
10028,Manhattan,New York County,2020-04-30,2833.4171985076364
10028,Manhattan,New York County,2020-05-31,2798.887515681901
10028,Manhattan,New York County,2020-06-30,2750.5397971905904
10028,Manhattan,New York County,2020-07-31,2704.6684321172665
10028,Manhattan,New York County,2020-09-30,2539.607674404531
10028,Manhattan,New York County,2020-10-31,2468.8537774811766
10028,Manhattan,New York County,2020-11-30,2411.513309359794
10028,Manhattan,New York County,2020-12-31,2349.8577510091063
10028,Manhattan,New York County,2021-01-31,2304.2829662077324
10028,Manhattan,New York County,2021-02-28,2308.915808782918
10028,Manhattan,New York County,2021-03-31,2354.85963017111
10028,Manhattan,New York County,2021-04-30,2402.6102603269583
10028,Manhattan,New York County,2021-05-31,2447.9176391072688
10028,Manhattan,New York County,2021-06-30,2504.8753222299692
10028,Manhattan,New York County,2021-07-31,2595.221736795468
10028,Manhattan,New York County,2021-08-31,2696.1428302251243
10028,Manhattan,New York County,2021-09-30,2779.23569892329
10028,Manhattan,New York County,2021-10-31,2844.0435954536724
10028,Manhattan,New York County,2021-11-30,2873.5742584741233
10028,Manhattan,New York County,2021-12-31,2901.644910520251
10028,Manhattan,New York County,2022-01-31,2939.746229027078
10028,Manhattan,New York County,2022-02-28,3002.387100200124
10028,Manhattan,New York County,2022-03-31,3064.954964800349
10028,Manhattan,New York County,2022-04-30,3107.815793737322
10028,Manhattan,New York County,2022-05-31,3158.183013045444
10028,Manhattan,New York County,2022-06-30,3210.3590045642554
10028,Manhattan,New York County,2022-07-31,3252.368794718407
10028,Manhattan,New York County,2022-08-31,3269.997411512524
10028,Manhattan,New York County,2022-09-30,3262.441183333216
10028,Manhattan,New York County,2022-10-31,3259.251024697017
10028,Manhattan,New York County,2022-11-30,3221.4773015254364
10028,Manhattan,New York County,2022-12-31,3201.188503091269
10028,Manhattan,New York County,2023-01-31,3188.871393396812
10028,Manhattan,New York County,2023-02-28,3203.2860338826254
10028,Manhattan,New York County,2023-03-31,3237.9704173512378
10028,Manhattan,New York County,2023-04-30,3284.4404690517676
10028,Manhattan,New York County,2023-05-31,3328.61497992591
10028,Manhattan,New York County,2023-06-30,3358.1477581887425
10028,Manhattan,New York County,2023-07-31,3368.6414205687397
10028,Manhattan,New York County,2023-08-31,3379.5462864850087
10028,Manhattan,New York County,2023-09-30,3369.7847695882556
10028,Manhattan,New York County,2023-10-31,3335.3708707829287
10028,Manhattan,New York County,2023-11-30,3313.146571995836
10028,Manhattan,New York County,2023-12-31,3276.030888590348
10028,Manhattan,New York County,2024-01-31,3298.856125404318
10028,Manhattan,New York County,2024-02-29,3293.970652602885
10028,Manhattan,New York County,2024-03-31,3355.504525615711
10028,Manhattan,New York County,2024-04-30,3391.538378858281
10028,Manhattan,New York County,2024-05-31,3466.3057779020446
10028,Manhattan,New York County,2024-06-30,3498.461024625813
10028,Manhattan,New York County,2024-07-31,3508.011661600506
10028,Manhattan,New York County,2024-08-31,3496.449332034025
10028,Manhattan,New York County,2024-09-30,3483.455557208
10028,Manhattan,New York County,2024-10-31,3473.2229808634315
10028,Manhattan,New York County,2024-11-30,3460.1132484326063
10028,Manhattan,New York County,2024-12-31,3450.850283156725
10028,Manhattan,New York County,2025-01-31,3466.1790997985254
10028,Manhattan,New York County,2025-02-28,3513.4611735122203
10028,Manhattan,New York County,2025-03-31,3576.8349036251516
10028,Manhattan,New York County,2025-04-30,3625.3842652587614
10028,Manhattan,New York County,2025-05-31,3662.4408736035502
10028,Manhattan,New York County,2025-06-30,3710.964832318527
10028,Manhattan,New York County,2025-07-31,3782.7153383134428
10028,Manhattan,New York County,2025-08-31,3815.1565739847665
10028,Manhattan,New York County,2025-09-30,3828.8088725096823
10028,Manhattan,New York County,2025-10-31,3806.246213167404
10028,Manhattan,New York County,2025-11-30,3799.557357534606
10028,Manhattan,New York County,2025-12-31,3786.283884329807
10028,Manhattan,New York County,2026-01-31,3760.6896194778756
10028,Manhattan,New York County,2026-02-28,3766.2854437550336
10028,Manhattan,New York County,2026-03-31,3792.172836103442
10028,Manhattan,New York County,2026-04-30,3857.082663179015
10028,Manhattan,New York County,2026-05-31,3916.6316795740368
10028,Manhattan,New York County,2026-06-30,3968.5345920732975
10028,Manhattan,New York County,2026-07-31,4028.382982735074
10304,Staten Island,Richmond County,2020-08-31,1819.7837476123264
10304,Staten Island,Richmond County,2020-09-30,1867.832398979188
10304,Staten Island,Richmond County,2020-10-31,1841.094345278607
10304,Staten Island,Richmond County,2020-11-30,1865.9624191987873
10304,Staten Island,Richmond County,2020-12-31,1833.9860147613538
10304,Staten Island,Richmond County,2021-01-31,1900.6652710165959
10304,Staten Island,Richmond County,2021-02-28,1873.1072192102881
10304,Staten Island,Richmond County,2021-03-31,1904.5235946175253
10304,Staten Island,Richmond County,2021-04-30,1884.752252839167
10304,Staten Island,Richmond County,2021-05-31,1904.8004968495225
10304,Staten Island,Richmond County,2021-06-30,1915.307100375267
10304,Staten Island,Richmond County,2021-07-31,1905.1891547314124
10304,Staten Island,Richmond County,2021-08-31,1888.7594790000194
10304,Staten Island,Richmond County,2021-09-30,1887.360162262694
10304,Staten Island,Richmond County,2021-10-31,1917.8254931259842
10304,Staten Island,Richmond County,2021-11-30,1972.0588855110902
10304,Staten Island,Richmond County,2021-12-31,1965.6903778115006
10304,Staten Island,Richmond County,2022-01-31,1957.6107862765082
10304,Staten Island,Richmond County,2022-02-28,1957.2770860387027
10304,Staten Island,Richmond County,2022-03-31,1979.4129833956101
10304,Staten Island,Richmond County,2022-04-30,2051.737751638605
10304,Staten Island,Richmond County,2022-05-31,2112.2659208190203
10304,Staten Island,Richmond County,2022-06-30,2126.422437507847
10304,Staten Island,Richmond County,2022-07-31,2088.928208546208
10304,Staten Island,Richmond County,2022-08-31,2085.88353412303
10304,Staten Island,Richmond County,2022-09-30,2076.5953073719993
10304,Staten Island,Richmond County,2022-10-31,2072.1562796513595
10304,Staten Island,Richmond County,2022-11-30,2049.3664482474173
10304,Staten Island,Richmond County,2022-12-31,2108.2195627454707
10304,Staten Island,Richmond County,2023-01-31,2166.3918121358156
10304,Staten Island,Richmond County,2023-02-28,2218.8895539435503
10304,Staten Island,Richmond County,2023-03-31,2214.9685579994693
10304,Staten Island,Richmond County,2023-04-30,2241.9153327710205
10304,Staten Island,Richmond County,2023-05-31,2180.1098243321376
10304,Staten Island,Richmond County,2023-06-30,2194.573260432864
10304,Staten Island,Richmond County,2023-07-31,2175.3318598306423
10304,Staten Island,Richmond County,2023-08-31,2193.3674701535037
10304,Staten Island,Richmond County,2023-09-30,2239.2411844974504
10304,Staten Island,Richmond County,2023-10-31,2226.437410418749
10304,Staten Island,Richmond County,2023-11-30,2298.3123655750423
10304,Staten Island,Richmond County,2023-12-31,2289.5983450908234
10304,Staten Island,Richmond County,2024-01-31,2294.100900835424
10304,Staten Island,Richmond County,2024-02-29,2306.650717551604
10304,Staten Island,Richmond County,2024-03-31,2332.5733604056295
10304,Staten Island,Richmond County,2024-04-30,2375.6072946885265
10304,Staten Island,Richmond County,2024-05-31,2399.7599267437495
10304,Staten Island,Richmond County,2024-06-30,2393.315903253091
10304,Staten Island,Richmond County,2024-07-31,2392.9561724302102
10304,Staten Island,Richmond County,2024-08-31,2371.3183182508988
10304,Staten Island,Richmond County,2024-09-30,2311.831218246477
10304,Staten Island,Richmond County,2024-10-31,2349.0492710459043
10304,Staten Island,Richmond County,2024-11-30,2393.7368325210728
10304,Staten Island,Richmond County,2024-12-31,2485.262186905298
10304,Staten Island,Richmond County,2025-01-31,2506.4220528180463
10304,Staten Island,Richmond County,2025-02-28,2505.7756869955256
10304,Staten Island,Richmond County,2025-03-31,2546.367483644371
10304,Staten Island,Richmond County,2025-04-30,2614.398419889064
10304,Staten Island,Richmond County,2025-05-31,2665.795581707606
10304,Staten Island,Richmond County,2025-06-30,2653.1282663988804
10304,Staten Island,Richmond County,2025-07-31,2593.856601617263
10304,Staten Island,Richmond County,2025-08-31,2555.1820414829685
10304,Staten Island,Richmond County,2025-09-30,2527.0751147683472
10304,Staten Island,Richmond County,2025-10-31,2524.663584818381
10304,Staten Island,Richmond County,2025-11-30,2505.940102088258
10304,Staten Island,Richmond County,2025-12-31,2537.1765298601686
10304,Staten Island,Richmond County,2026-01-31,2560.098367211942
10304,Staten Island,Richmond County,2026-02-28,2589.0066717830155
10304,Staten Island,Richmond County,2026-03-31,2614.4932675088503
10304,Staten Island,Richmond County,2026-04-30,2591.2824706524293
10304,Staten Island,Richmond County,2026-05-31,2631.216794526636
10304,Staten Island,Richmond County,2026-06-30,2591.220720073816
10304,Staten Island,Richmond County,2026-07-31,2590.4
30815,Staten Island,Richmond County,2021-10-31,1211.3442360242466
30815,Staten Island,Richmond County,2021-11-30,1187.682400374729
30815,Staten Island,Richmond County,2021-12-31,1180.423338679568
30815,Staten Island,Richmond County,2022-01-31,1174.3602624086832
30815,Staten Island,Richmond County,2022-02-28,1184.486375056323
30815,Staten Island,Richmond County,2022-03-31,1196.6308938459747
30815,Staten Island,Richmond County,2022-04-30,1220.7515841118684
30815,Staten Island,Richmond County,2022-05-31,1228.1659006602215
30815,Staten Island,Richmond County,2022-06-30,1235.6042775870187
30815,Staten Island,Richmond County,2022-07-31,1241.2643684569257
30815,Staten Island,Richmond County,2022-08-31,1268.627805979544
30815,Staten Island,Richmond County,2022-09-30,1266.4867915698328
30815,Staten Island,Richmond County,2022-10-31,1258.8664968232208
30815,Staten Island,Richmond County,2022-11-30,1266.8606511778369
30815,Staten Island,Richmond County,2022-12-31,1292.6964474202143
30815,Staten Island,Richmond County,2023-01-31,1294.8227283781525
30815,Staten Island,Richmond County,2023-02-28,1286.8592351303678
30815,Staten Island,Richmond County,2023-03-31,1264.8429032283675
30815,Staten Island,Richmond County,2023-04-30,1288.9885384996678
30815,Staten Island,Richmond County,2023-05-31,1309.7801626346375
30815,Staten Island,Richmond County,2023-06-30,1342.213321995167
30815,Staten Island,Richmond County,2023-07-31,1339.3591708176307
30815,Staten Island,Richmond County,2023-08-31,1330.3449444482646
30815,Staten Island,Richmond County,2023-09-30,1332.5195483492535
30815,Staten Island,Richmond County,2023-10-31,1335.3844391065936
30815,Staten Island,Richmond County,2023-11-30,1365.1716916452938
30815,Staten Island,Richmond County,2023-12-31,1381.0015991981666
30815,Staten Island,Richmond County,2024-01-31,1394.4240700119894
30815,Staten Island,Richmond County,2024-02-29,1378.966897964199
30815,Staten Island,Richmond County,2024-03-31,1353.3045536750328
30815,Staten Island,Richmond County,2024-04-30,1351.720735441008
30815,Staten Island,Richmond County,2024-05-31,1369.1287549562783
30815,Staten Island,Richmond County,2024-06-30,1409.8405949191429
30815,Staten Island,Richmond County,2024-07-31,1428.9554924046136
30815,Staten Island,Richmond County,2024-08-31,1415.472330435143
30815,Staten Island,Richmond County,2024-09-30,1400.702137357547
30815,Staten Island,Richmond County,2024-10-31,1393.319255131449
30815,Staten Island,Richmond County,2024-11-30,1401.063611665094
30815,Staten Island,Richmond County,2025-01-31,1431.3465633010717
30815,Staten Island,Richmond County,2025-02-28,1467.2118919873628
30815,Staten Island,Richmond County,2025-03-31,1483.764422831912
30815,Staten Island,Richmond County,2025-04-30,1500.7746629639312
30815,Staten Island,Richmond County,2025-05-31,1483.4687941240456
30815,Staten Island,Richmond County,2025-06-30,1475.6748846620578
30815,Staten Island,Richmond County,2025-07-31,1468.3895830441122
30815,Staten Island,Richmond County,2025-08-31,1466.564136867965
30815,Staten Island,Richmond County,2025-09-30,1471.144572634784
30815,Staten Island,Richmond County,2025-10-31,1467.3285826617755
30815,Staten Island,Richmond County,2025-11-30,1480.9473619432654
30815,Staten Island,Richmond County,2025-12-31,1467.5316199400165
30815,Staten Island,Richmond County,2026-01-31,1463.427587972787
30815,Staten Island,Richmond County,2026-02-28,1470.609012126334
30815,Staten Island,Richmond County,2026-03-31,1473.909153313539
30815,Staten Island,Richmond County,2026-04-30,1489.896911312251
30815,Staten Island,Richmond County,2026-05-31,1477.071346823914
30815,Staten Island,Richmond County,2026-06-30,1500.6460099376432
30815,Staten Island,Richmond County,2026-07-31,1511.7777777777776
30909,Staten Island,Richmond County,2015-01-31,790.670636583356
30909,Staten Island,Richmond County,2015-02-28,793.8764982204001
30909,Staten Island,Richmond County,2015-03-31,793.1505216892213
30909,Staten Island,Richmond County,2015-04-30,797.9689099780411
30909,Staten Island,Richmond County,2015-05-31,812.7797417418867
30909,Staten Island,Richmond County,2015-06-30,823.6848485175027
30909,Staten Island,Richmond County,2015-07-31,831.2023349200402
30909,Staten Island,Richmond County,2015-08-31,832.2287749924748
30909,Staten Island,Richmond County,2015-09-30,832.1265514297057
30909,Staten Island,Richmond County,2015-10-31,825.308775979425
30909,Staten Island,Richmond County,2015-11-30,819.9145891361826
30909,Staten Island,Richmond County,2015-12-31,810.3338637062919
30909,Staten Island,Richmond County,2016-01-31,806.3530037755876
30909,Staten Island,Richmond County,2016-02-29,817.1640832809363
30909,Staten Island,Richmond County,2016-03-31,822.3004414247071
30909,Staten Island,Richmond County,2016-04-30,836.212807076692
30909,Staten Island,Richmond County,2016-05-31,837.8039200575223
30909,Staten Island,Richmond County,2016-06-30,851.0885236314762
30909,Staten Island,Richmond County,2016-07-31,844.7444880066168
30909,Staten Island,Richmond County,2016-08-31,849.4763847312157
30909,Staten Island,Richmond County,2016-09-30,838.0398699634678
30909,Staten Island,Richmond County,2016-10-31,840.2297841078461
30909,Staten Island,Richmond County,2016-11-30,834.4601453528966
30909,Staten Island,Richmond County,2016-12-31,838.338845246421
30909,Staten Island,Richmond County,2017-01-31,834.2034608183837
30909,Staten Island,Richmond County,2017-02-28,836.7147534834046
30909,Staten Island,Richmond County,2017-03-31,846.0640977187627
30909,Staten Island,Richmond County,2017-04-30,858.7366318888195
30909,Staten Island,Richmond County,2017-05-31,872.268744108093
30909,Staten Island,Richmond County,2017-06-30,870.4487626684607
30909,Staten Island,Richmond County,2017-07-31,876.496707767787
30909,Staten Island,Richmond County,2017-08-31,862.8943996387354
30909,Staten Island,Richmond County,2017-09-30,864.038782839078
30909,Staten Island,Richmond County,2017-10-31,864.2560603398942
30909,Staten Island,Richmond County,2017-11-30,882.2503606461825
30909,Staten Island,Richmond County,2017-12-31,883.9103910205531
30909,Staten Island,Richmond County,2018-01-31,892.6675002501814
30909,Staten Island,Richmond County,2018-02-28,885.4936500707571
30909,Staten Island,Richmond County,2018-03-31,894.855166123174
30909,Staten Island,Richmond County,2018-04-30,894.6423243625314
30909,Staten Island,Richmond County,2018-05-31,904.6958192489524
30909,Staten Island,Richmond County,2018-06-30,905.3758479810472
30909,Staten Island,Richmond County,2018-07-31,901.0369767841231
30909,Staten Island,Richmond County,2018-08-31,899.1395780724127
30909,Staten Island,Richmond County,2018-09-30,900.072188255446
30909,Staten Island,Richmond County,2018-10-31,910.7923530466614
30909,Staten Island,Richmond County,2018-11-30,912.4414323415695
30909,Staten Island,Richmond County,2018-12-31,920.5115413124634
30909,Staten Island,Richmond County,2019-01-31,921.2414233730008
30909,Staten Island,Richmond County,2019-02-28,926.2409573263834
30909,Staten Island,Richmond County,2019-03-31,928.8988351138739
30909,Staten Island,Richmond County,2019-04-30,934.6605818041102
30909,Staten Island,Richmond County,2019-05-31,939.8696659907887
30909,Staten Island,Richmond County,2019-06-30,947.65805711306
30909,Staten Island,Richmond County,2019-07-31,945.5523314014293
30909,Staten Island,Richmond County,2019-08-31,946.5784724386427
30909,Staten Island,Richmond County,2019-09-30,945.7333957322908
30909,Staten Island,Richmond County,2019-10-31,951.0870089243283
30909,Staten Island,Richmond County,2019-11-30,963.1948081575258
30909,Staten Island,Richmond County,2019-12-31,967.8949817720481
30909,Staten Island,Richmond County,2020-01-31,969.8685360637527
30909,Staten Island,Richmond County,2020-02-29,969.5320719280959
30909,Staten Island,Richmond County,2020-03-31,972.9005184097742
30909,Staten Island,Richmond County,2020-04-30,981.9965486266249
30909,Staten Island,Richmond County,2020-05-31,981.7010425795523
30909,Staten Island,Richmond County,2020-06-30,986.153026806734
30909,Staten Island,Richmond County,2020-07-31,1000.8422321382864
30909,Staten Island,Richmond County,2020-08-31,1018.9868341760455
30909,Staten Island,Richmond County,2020-09-30,1035.3557969608205
30909,Staten Island,Richmond County,2020-10-31,1030.0762995238688
30909,Staten Island,Richmond County,2020-11-30,1032.8117014275924
30909,Staten Island,Richmond County,2020-12-31,1043.3813374487647
30909,Staten Island,Richmond County,2021-01-31,1064.380318815926
30909,Staten Island,Richmond County,2021-02-28,1060.3511787583031
30909,Staten Island,Richmond County,2021-03-31,1069.8397219155938
30909,Staten Island,Richmond County,2021-04-30,1074.195130723018
30909,Staten Island,Richmond County,2021-05-31,1114.058808468591
30909,Staten Island,Richmond County,2021-06-30,1143.7805312353187
30909,Staten Island,Richmond County,2021-07-31,1175.1121866667695
30909,Staten Island,Richmond County,2021-08-31,1188.7558826515585
30909,Staten Island,Richmond County,2021-09-30,1190.947068806004
30909,Staten Island,Richmond County,2021-10-31,1213.7357392163876
30909,Staten Island,Richmond County,2021-11-30,1210.6536509392404
30909,Staten Island,Richmond County,2021-12-31,1207.5880764497774
30909,Staten Island,Richmond County,2022-01-31,1189.6374416594545
30909,Staten Island,Richmond County,2022-02-28,1206.2600752972744
30909,Staten Island,Richmond County,2022-03-31,1221.5920903268932
30909,Staten Island,Richmond County,2022-04-30,1237.3926504270235
30909,Staten Island,Richmond County,2022-05-31,1252.0858310122094
30909,Staten Island,Richmond County,2022-06-30,1270.4222907937124
30909,Staten Island,Richmond County,2022-07-31,1277.6544763287823
30909,Staten Island,Richmond County,2022-08-31,1280.6503283342895
30909,Staten Island,Richmond County,2022-09-30,1270.198245375829
30909,Staten Island,Richmond County,2022-10-31,1256.0851423708457
30909,Staten Island,Richmond County,2022-11-30,1246.6148130295205
30909,Staten Island,Richmond County,2022-12-31,1241.806565371757
30909,Staten Island,Richmond County,2023-01-31,1258.2134541497471
30909,Staten Island,Richmond County,2023-02-28,1259.981988351901
30909,Staten Island,Richmond County,2023-03-31,1277.2429699626807
30909,Staten Island,Richmond County,2023-04-30,1267.3198771507252
30909,Staten Island,Richmond County,2023-05-31,1271.9124961756
30909,Staten Island,Richmond County,2023-06-30,1271.091678446911
30909,Staten Island,Richmond County,2023-07-31,1290.2186739974602
30909,Staten Island,Richmond County,2023-08-31,1294.7186033976022
30909,Staten Island,Richmond County,2023-09-30,1295.8301301374524
30909,Staten Island,Richmond County,2023-10-31,1291.2746273056594
30909,Staten Island,Richmond County,2023-11-30,1281.5651044815872
30909,Staten Island,Richmond County,2023-12-31,1275.3651552181418
30909,Staten Island,Richmond County,2024-01-31,1271.2991138545394
30909,Staten Island,Richmond County,2024-02-29,1280.399053673318
30909,Staten Island,Richmond County,2024-03-31,1276.4571949966257
30909,Staten Island,Richmond County,2024-04-30,1277.0864259666548
30909,Staten Island,Richmond County,2024-05-31,1274.829310248673
30909,Staten Island,Richmond County,2024-06-30,1282.3303798696447
30909,Staten Island,Richmond County,2024-07-31,1293.2391442966987
30909,Staten Island,Richmond County,2024-08-31,1304.0575156983587
30909,Staten Island,Richmond County,2024-09-30,1310.7425645615049
30909,Staten Island,Richmond County,2024-10-31,1319.6672169075753
30909,Staten Island,Richmond County,2024-11-30,1323.371519953274
30909,Staten Island,Richmond County,2024-12-31,1338.6559673152597
30909,Staten Island,Richmond County,2025-01-31,1346.2860162009808
30909,Staten Island,Richmond County,2025-02-28,1352.7794370684478
30909,Staten Island,Richmond County,2025-03-31,1355.7737297862152
30909,Staten Island,Richmond County,2025-04-30,1361.6144630074625
30909,Staten Island,Richmond County,2025-05-31,1373.4011618894979
30909,Staten Island,Richmond County,2025-06-30,1380.2954720819541
30909,Staten Island,Richmond County,2025-07-31,1377.218288810421
30909,Staten Island,Richmond County,2025-08-31,1376.582667637533
30909,Staten Island,Richmond County,2025-09-30,1366.8718678257094
30909,Staten Island,Richmond County,2025-10-31,1354.4268373144407
30909,Staten Island,Richmond County,2025-11-30,1344.0752889733863
30909,Staten Island,Richmond County,2025-12-31,1327.0145908813925
30909,Staten Island,Richmond County,2026-01-31,1330.1770861494745
30909,Staten Island,Richmond County,2026-02-28,1334.8401655439854
30909,Staten Island,Richmond County,2026-03-31,1365.7355157779673
30909,Staten Island,Richmond County,2026-04-30,1379.0892927386835
30909,Staten Island,Richmond County,2026-05-31,1396.223129725502
30909,Staten Island,Richmond County,2026-06-30,1400.087686113404
30909,Staten Island,Richmond County,2026-07-31,1415.8998981366933
11357,Queens,Queens County,2024-01-31,2601.298472798479
11357,Queens,Queens County,2024-02-29,2556.1253014234067
11357,Queens,Queens County,2024-03-31,2603.244202492951
11357,Queens,Queens County,2024-04-30,2581.6033713568
11357,Queens,Queens County,2024-05-31,2629.809285494484
11357,Queens,Queens County,2024-06-30,2724.943254178373
11357,Queens,Queens County,2024-07-31,2743.5382219866465
11357,Queens,Queens County,2024-08-31,2808.1639997590987
11357,Queens,Queens County,2024-09-30,2719.8836448506936
11357,Queens,Queens County,2024-10-31,2731.3310135519323
11357,Queens,Queens County,2024-11-30,2657.9951240619284
11357,Queens,Queens County,2024-12-31,2680.633568059087
11357,Queens,Queens County,2025-01-31,2651.5037576855793
11357,Queens,Queens County,2025-03-31,2749.046389124879
11357,Queens,Queens County,2025-04-30,2745.619301372937
11357,Queens,Queens County,2025-05-31,2662.097749513882
11357,Queens,Queens County,2025-06-30,2699.3398131427575
11357,Queens,Queens County,2025-07-31,2871.6191061642544
11357,Queens,Queens County,2025-08-31,2932.4839948945787
11357,Queens,Queens County,2025-09-30,3030.5999623751964
11357,Queens,Queens County,2025-10-31,2961.6922652441235
11357,Queens,Queens County,2025-11-30,3026.3740892889527
11357,Queens,Queens County,2025-12-31,3040.255290080438
11357,Queens,Queens County,2026-01-31,3009.5203938850095
11357,Queens,Queens County,2026-02-28,3009.564781578843
11357,Queens,Queens County,2026-03-31,2796.42691992858
11357,Queens,Queens County,2026-04-30,2890.892246746632
11357,Queens,Queens County,2026-05-31,2925.867519944806
11357,Queens,Queens County,2026-06-30,3151.0954174710946
11357,Queens,Queens County,2026-07-31,3023.75
10034,Manhattan,New York County,2015-06-30,1770.9537617227254
10034,Manhattan,New York County,2015-07-31,1791.3151470239297
10034,Manhattan,New York County,2015-08-31,1820.8887578549588
10034,Manhattan,New York County,2015-09-30,1817.026011967903
10034,Manhattan,New York County,2015-10-31,1844.5299719408445
10034,Manhattan,New York County,2015-11-30,1833.1458079545828
10034,Manhattan,New York County,2015-12-31,1858.6597722908919
10034,Manhattan,New York County,2016-01-31,1833.2816757700073
10034,Manhattan,New York County,2016-02-29,1842.2853966385533
10034,Manhattan,New York County,2016-03-31,1860.203976582752
10034,Manhattan,New York County,2016-04-30,1848.0766100499577
10034,Manhattan,New York County,2016-05-31,1844.7223601509263
10034,Manhattan,New York County,2016-06-30,1838.6393956361446
10034,Manhattan,New York County,2016-07-31,1861.6992556479695
10034,Manhattan,New York County,2016-08-31,1877.529428034906
10034,Manhattan,New York County,2016-09-30,1883.7919826622044
10034,Manhattan,New York County,2016-10-31,1888.5803990342183
10034,Manhattan,New York County,2016-11-30,1889.9516885889627
10034,Manhattan,New York County,2016-12-31,1877.9931870986163
10034,Manhattan,New York County,2017-01-31,1868.265048853509
10034,Manhattan,New York County,2017-02-28,1842.1703517004692
10034,Manhattan,New York County,2017-03-31,1843.7859707413463
10034,Manhattan,New York County,2017-04-30,1854.2396156400464
10034,Manhattan,New York County,2017-05-31,1885.8646310578704
10034,Manhattan,New York County,2017-06-30,1902.0263034413622
10034,Manhattan,New York County,2017-07-31,1912.832549765126
10034,Manhattan,New York County,2017-08-31,1912.685824906665
10034,Manhattan,New York County,2017-09-30,1930.4149591506523
10034,Manhattan,New York County,2017-10-31,1932.9689806205959
10034,Manhattan,New York County,2017-11-30,1923.3612859993116
10034,Manhattan,New York County,2017-12-31,1878.5257939428914
10034,Manhattan,New York County,2018-01-31,1879.0051761698246
10034,Manhattan,New York County,2018-02-28,1897.8908098937115
10034,Manhattan,New York County,2018-03-31,1940.7965924349637
10034,Manhattan,New York County,2018-04-30,1966.9013580613957
10034,Manhattan,New York County,2018-05-31,1965.7422943523104
10034,Manhattan,New York County,2018-06-30,1960.6198393759892
10034,Manhattan,New York County,2018-07-31,1947.788708864796
10034,Manhattan,New York County,2018-08-31,1949.586050822403
10034,Manhattan,New York County,2018-09-30,1955.6117832561167
10034,Manhattan,New York County,2018-10-31,1941.8718788080141
10034,Manhattan,New York County,2018-11-30,1935.4508387659303
10034,Manhattan,New York County,2018-12-31,1919.5795465245308
10034,Manhattan,New York County,2019-01-31,1930.3998233854056
10034,Manhattan,New York County,2019-02-28,1936.7704457178154
10034,Manhattan,New York County,2019-03-31,1935.0209273249511
10034,Manhattan,New York County,2019-04-30,1935.1205958158068
10034,Manhattan,New York County,2019-05-31,1960.5946607067324
10034,Manhattan,New York County,2019-06-30,2003.531261475614
10034,Manhattan,New York County,2019-07-31,2030.1507945218157
10034,Manhattan,New York County,2019-08-31,2049.565101544211
10034,Manhattan,New York County,2019-09-30,2027.6771909190945
10034,Manhattan,New York County,2019-10-31,2009.3853109046659
10034,Manhattan,New York County,2019-11-30,1993.9315557836096
10034,Manhattan,New York County,2019-12-31,1990.37306187077
10034,Manhattan,New York County,2020-01-31,1993.4729391428227
10034,Manhattan,New York County,2020-02-29,1987.7736924189044
10034,Manhattan,New York County,2020-03-31,2017.8455522616002
10034,Manhattan,New York County,2020-04-30,2016.5435007697704
10034,Manhattan,New York County,2020-05-31,2022.996492522492
10034,Manhattan,New York County,2020-06-30,2007.4457194510514
10034,Manhattan,New York County,2020-07-31,2011.7740400534194
10034,Manhattan,New York County,2020-08-31,2001.8313876420111
10034,Manhattan,New York County,2020-09-30,1980.0416048028678
10034,Manhattan,New York County,2020-10-31,1944.7680664709044
10034,Manhattan,New York County,2020-11-30,1923.1721829111425
10034,Manhattan,New York County,2020-12-31,1909.2708475460436
10034,Manhattan,New York County,2021-01-31,1925.9846886826545
10034,Manhattan,New York County,2021-02-28,1916.8302295419276
10034,Manhattan,New York County,2021-03-31,1919.8628305119887
10034,Manhattan,New York County,2021-04-30,1914.6188690919796
10034,Manhattan,New York County,2021-05-31,1914.4659699147053
10034,Manhattan,New York County,2021-06-30,1922.5680227568262
10034,Manhattan,New York County,2021-07-31,1933.413310627076
10034,Manhattan,New York County,2021-08-31,1942.8691676087158
10034,Manhattan,New York County,2021-09-30,1944.7983184368009
10034,Manhattan,New York County,2021-10-31,1941.287106330062
10034,Manhattan,New York County,2021-11-30,1946.5453748704579
10034,Manhattan,New York County,2021-12-31,1967.0431327690155
10034,Manhattan,New York County,2022-01-31,2004.8222373630126
10034,Manhattan,New York County,2022-02-28,2048.7119922935967
10034,Manhattan,New York County,2022-03-31,2051.741348328898
10034,Manhattan,New York County,2022-04-30,2051.4745398122373
10034,Manhattan,New York County,2022-05-31,2086.291225486967
10034,Manhattan,New York County,2022-06-30,2111.9498494341087
10034,Manhattan,New York County,2022-07-31,2137.2849491411926
10034,Manhattan,New York County,2022-08-31,2112.408453728576
10034,Manhattan,New York County,2022-09-30,2132.999647197059
10034,Manhattan,New York County,2022-10-31,2104.6124277054914
10034,Manhattan,New York County,2022-11-30,2106.5752418184543
10034,Manhattan,New York County,2022-12-31,2159.981669598248
10034,Manhattan,New York County,2023-01-31,2210.2698127200024
10034,Manhattan,New York County,2023-02-28,2229.9248279452204
10034,Manhattan,New York County,2023-03-31,2171.5706075431226
10034,Manhattan,New York County,2023-04-30,2174.4703631340853
10034,Manhattan,New York County,2023-05-31,2200.4823255899582
10034,Manhattan,New York County,2023-06-30,2196.020937896512
10034,Manhattan,New York County,2023-07-31,2196.2693423326727
10034,Manhattan,New York County,2023-08-31,2207.2715149223905
10034,Manhattan,New York County,2023-09-30,2288.134981571065
10034,Manhattan,New York County,2023-10-31,2276.045477367628
10034,Manhattan,New York County,2023-11-30,2309.837385249665
10034,Manhattan,New York County,2023-12-31,2252.2124598610935
10034,Manhattan,New York County,2024-01-31,2265.5001025580636
10034,Manhattan,New York County,2024-02-29,2217.6791594643782
10034,Manhattan,New York County,2024-03-31,2229.744313951938
10034,Manhattan,New York County,2024-04-30,2264.234459898026
10034,Manhattan,New York County,2024-05-31,2270.5166689736793
10034,Manhattan,New York County,2024-06-30,2301.851942623085
10034,Manhattan,New York County,2024-07-31,2307.9736173983065
10034,Manhattan,New York County,2024-08-31,2353.533488626385
10034,Manhattan,New York County,2024-09-30,2339.158638129539
10034,Manhattan,New York County,2024-10-31,2340.590921191009
10034,Manhattan,New York County,2024-11-30,2320.0948458415664
10034,Manhattan,New York County,2024-12-31,2327.367541945037
10034,Manhattan,New York County,2025-01-31,2313.925212739984
10034,Manhattan,New York County,2025-02-28,2311.249617238788
10034,Manhattan,New York County,2025-03-31,2300.853145478947
10034,Manhattan,New York County,2025-04-30,2342.781387214982
10034,Manhattan,New York County,2025-05-31,2357.542071061861
10034,Manhattan,New York County,2025-06-30,2427.7884351545117
10034,Manhattan,New York County,2025-07-31,2476.872853887465
10034,Manhattan,New York County,2025-08-31,2514.998230789473
10034,Manhattan,New York County,2025-09-30,2532.9045241749873
10034,Manhattan,New York County,2025-10-31,2500.1508796725752
10034,Manhattan,New York County,2025-11-30,2499.3827930676994
10034,Manhattan,New York County,2025-12-31,2470.3517664499914
10034,Manhattan,New York County,2026-01-31,2453.032375352202
10034,Manhattan,New York County,2026-02-28,2499.584897638821
10034,Manhattan,New York County,2026-03-31,2525.7670327405117
10034,Manhattan,New York County,2026-04-30,2493.1247755863405
10034,Manhattan,New York County,2026-05-31,2475.0426787102083
10034,Manhattan,New York County,2026-06-30,2448.6951058942373
10034,Manhattan,New York County,2026-07-31,2548.5416666666665
11217,Brooklyn,Kings County,2015-01-31,2521.786092269179
11217,Brooklyn,Kings County,2015-02-28,2521.7715962263487
11217,Brooklyn,Kings County,2015-03-31,2569.926832821936
11217,Brooklyn,Kings County,2015-04-30,2583.554042136052
11217,Brooklyn,Kings County,2015-05-31,2587.666202964071
11217,Brooklyn,Kings County,2015-06-30,2638.103130317888
11217,Brooklyn,Kings County,2015-07-31,2637.0134229076007
11217,Brooklyn,Kings County,2015-08-31,2647.987665933776
11217,Brooklyn,Kings County,2015-09-30,2648.772847449696
11217,Brooklyn,Kings County,2015-10-31,2688.446687417868
11217,Brooklyn,Kings County,2015-11-30,2698.3287362843994
11217,Brooklyn,Kings County,2015-12-31,2659.2815689962617
11217,Brooklyn,Kings County,2016-01-31,2620.7800015102252
11217,Brooklyn,Kings County,2016-02-29,2617.1169835318533
11217,Brooklyn,Kings County,2016-03-31,2660.8552918711966
11217,Brooklyn,Kings County,2016-04-30,2618.4384090706544
11217,Brooklyn,Kings County,2016-05-31,2644.137638452187
11217,Brooklyn,Kings County,2016-06-30,2676.7812763570582
11217,Brooklyn,Kings County,2016-07-31,2785.9667679741838
11217,Brooklyn,Kings County,2016-08-31,2790.2348594338346
11217,Brooklyn,Kings County,2016-09-30,2766.8466893948785
11217,Brooklyn,Kings County,2016-10-31,2740.9172709824006
11217,Brooklyn,Kings County,2016-11-30,2726.9653526302122
11217,Brooklyn,Kings County,2016-12-31,2706.655586790219
11217,Brooklyn,Kings County,2017-01-31,2702.322520440031
11217,Brooklyn,Kings County,2017-02-28,2696.5979026001364
11217,Brooklyn,Kings County,2017-03-31,2711.4372657671006
11217,Brooklyn,Kings County,2017-04-30,2723.2249947953114
11217,Brooklyn,Kings County,2017-05-31,2761.260922469827
11217,Brooklyn,Kings County,2017-06-30,2781.6627100660025
11217,Brooklyn,Kings County,2017-07-31,2813.971565152244
11217,Brooklyn,Kings County,2017-08-31,2837.5407745256302
11217,Brooklyn,Kings County,2017-09-30,2826.1879707707335
11217,Brooklyn,Kings County,2017-10-31,2773.784538293352
11217,Brooklyn,Kings County,2017-11-30,2733.8484303178393
11217,Brooklyn,Kings County,2017-12-31,2769.5786956468287
11217,Brooklyn,Kings County,2018-01-31,2799.2130879738334
11217,Brooklyn,Kings County,2018-02-28,2807.381578902439
11217,Brooklyn,Kings County,2018-03-31,2790.740878943848
11217,Brooklyn,Kings County,2018-04-30,2819.526597464244
11217,Brooklyn,Kings County,2018-05-31,2855.5286904157465
11217,Brooklyn,Kings County,2018-06-30,2913.311216524415
11217,Brooklyn,Kings County,2018-07-31,2940.460525814478
11217,Brooklyn,Kings County,2018-08-31,2990.466354838346
11217,Brooklyn,Kings County,2018-09-30,2954.248133400007
11217,Brooklyn,Kings County,2018-10-31,2930.815278622634
11217,Brooklyn,Kings County,2018-11-30,2894.6291345394375
11217,Brooklyn,Kings County,2018-12-31,2892.952858633858
11217,Brooklyn,Kings County,2019-01-31,2923.7692595803906
11217,Brooklyn,Kings County,2019-02-28,2924.850403910453
11217,Brooklyn,Kings County,2019-03-31,2946.5740006243223
11217,Brooklyn,Kings County,2019-04-30,2962.714803277651
11217,Brooklyn,Kings County,2019-05-31,3009.211535002115
11217,Brooklyn,Kings County,2019-06-30,3039.4692706802107
11217,Brooklyn,Kings County,2019-07-31,3060.06057200131
11217,Brooklyn,Kings County,2019-08-31,3052.0653807719436
11217,Brooklyn,Kings County,2019-09-30,3066.8896787508534
11217,Brooklyn,Kings County,2019-10-31,3045.8905945771444
11217,Brooklyn,Kings County,2019-11-30,3043.820749541774
11217,Brooklyn,Kings County,2019-12-31,3001.979607420703
11217,Brooklyn,Kings County,2020-01-31,3035.1522332759587
11217,Brooklyn,Kings County,2020-02-29,3054.9847787389576
11217,Brooklyn,Kings County,2020-03-31,3099.2575596603206
11217,Brooklyn,Kings County,2020-04-30,3082.4316752749714
11217,Brooklyn,Kings County,2020-05-31,3077.0010983806737
11217,Brooklyn,Kings County,2020-06-30,3043.1067299871142
11217,Brooklyn,Kings County,2020-07-31,3018.157136943514
11217,Brooklyn,Kings County,2020-08-31,2965.00807059434
11217,Brooklyn,Kings County,2020-09-30,2891.708612695927
11217,Brooklyn,Kings County,2020-10-31,2833.815732062037
11217,Brooklyn,Kings County,2020-11-30,2780.1399535014343
11217,Brooklyn,Kings County,2020-12-31,2781.7336437035037
11217,Brooklyn,Kings County,2021-01-31,2787.8471287479633
11217,Brooklyn,Kings County,2021-02-28,2804.3383285589875
11217,Brooklyn,Kings County,2021-03-31,2858.1964698963243
11217,Brooklyn,Kings County,2021-04-30,2905.251183653001
11217,Brooklyn,Kings County,2021-05-31,2997.2362026463543
11217,Brooklyn,Kings County,2021-06-30,3062.687318742342
11217,Brooklyn,Kings County,2021-07-31,3136.1812173982075
11217,Brooklyn,Kings County,2021-08-31,3193.4758258987454
11217,Brooklyn,Kings County,2021-09-30,3220.1413677112328
11217,Brooklyn,Kings County,2021-10-31,3237.1625223808037
11217,Brooklyn,Kings County,2021-11-30,3276.6235468316872
11217,Brooklyn,Kings County,2021-12-31,3315.7326790909615
11217,Brooklyn,Kings County,2022-01-31,3388.710587858352
11217,Brooklyn,Kings County,2022-02-28,3409.569897806786
11217,Brooklyn,Kings County,2022-03-31,3480.021792750777
11217,Brooklyn,Kings County,2022-04-30,3508.1384321114447
11217,Brooklyn,Kings County,2022-05-31,3572.345568403218
11217,Brooklyn,Kings County,2022-06-30,3626.716410419978
11217,Brooklyn,Kings County,2022-07-31,3692.63837830365
11217,Brooklyn,Kings County,2022-08-31,3728.969806088182
11217,Brooklyn,Kings County,2022-09-30,3714.8957898202348
11217,Brooklyn,Kings County,2022-10-31,3634.83562072299
11217,Brooklyn,Kings County,2022-11-30,3608.2351936918826
11217,Brooklyn,Kings County,2022-12-31,3626.777855620379
11217,Brooklyn,Kings County,2023-01-31,3698.412902085818
11217,Brooklyn,Kings County,2023-02-28,3702.9081828495196
11217,Brooklyn,Kings County,2023-03-31,3715.960253182086
11217,Brooklyn,Kings County,2023-04-30,3741.5354046626344
11217,Brooklyn,Kings County,2023-05-31,3786.936776187459
11217,Brooklyn,Kings County,2023-06-30,3813.4089292468702
11217,Brooklyn,Kings County,2023-07-31,3845.6521479248327
11217,Brooklyn,Kings County,2023-08-31,4038.8475530034957
11217,Brooklyn,Kings County,2023-09-30,4066.5954679021434
11217,Brooklyn,Kings County,2023-10-31,4065.0976851005676
11217,Brooklyn,Kings County,2023-11-30,3870.5114369976595
11217,Brooklyn,Kings County,2023-12-31,3817.4304698135124
11217,Brooklyn,Kings County,2024-01-31,3839.6173960545734
11217,Brooklyn,Kings County,2024-02-29,3913.8020628467434
11217,Brooklyn,Kings County,2024-03-31,4000.415768372071
11217,Brooklyn,Kings County,2024-04-30,4020.0281314648755
11217,Brooklyn,Kings County,2024-05-31,4028.3817070036016
11217,Brooklyn,Kings County,2024-06-30,4054.0193273049586
11217,Brooklyn,Kings County,2024-07-31,4079.00674598772
11217,Brooklyn,Kings County,2024-08-31,4100.545971542113
11217,Brooklyn,Kings County,2024-09-30,4146.103961082472
11217,Brooklyn,Kings County,2024-10-31,4173.967860109599
11217,Brooklyn,Kings County,2024-11-30,4137.126628999401
11217,Brooklyn,Kings County,2024-12-31,4107.062494299381
11217,Brooklyn,Kings County,2025-01-31,4058.3712671409785
11217,Brooklyn,Kings County,2025-02-28,4112.266772977818
11217,Brooklyn,Kings County,2025-03-31,4155.295809797391
11217,Brooklyn,Kings County,2025-04-30,4210.1404478619925
11217,Brooklyn,Kings County,2025-05-31,4245.479440716597
11217,Brooklyn,Kings County,2025-06-30,4250.291793334315
11217,Brooklyn,Kings County,2025-07-31,4291.821008980831
11217,Brooklyn,Kings County,2025-08-31,4342.350734865521
11217,Brooklyn,Kings County,2025-09-30,4369.024320535471
11217,Brooklyn,Kings County,2025-10-31,4358.660608960098
11217,Brooklyn,Kings County,2025-11-30,4318.164718149064
11217,Brooklyn,Kings County,2025-12-31,4325.13779450528
11217,Brooklyn,Kings County,2026-01-31,4336.563127112737
11217,Brooklyn,Kings County,2026-02-28,4392.3061144517205
11217,Brooklyn,Kings County,2026-03-31,4540.516698573802
11217,Brooklyn,Kings County,2026-04-30,4624.470886616382
11217,Brooklyn,Kings County,2026-05-31,4644.55931269266
11217,Brooklyn,Kings County,2026-06-30,4552.514219082594
11217,Brooklyn,Kings County,2026-07-31,4519.844190813703
11249,Brooklyn,Kings County,2015-01-31,3256.657052806759
11249,Brooklyn,Kings County,2015-02-28,3252.1969238442794
11249,Brooklyn,Kings County,2015-03-31,3319.5967777678607
11249,Brooklyn,Kings County,2015-04-30,3296.186673873933
11249,Brooklyn,Kings County,2015-05-31,3371.148041911258
11249,Brooklyn,Kings County,2015-06-30,3446.937036110136
11249,Brooklyn,Kings County,2015-07-31,3509.3292514429627
11249,Brooklyn,Kings County,2015-08-31,3524.1116714215386
11249,Brooklyn,Kings County,2015-09-30,3524.576991422949
11249,Brooklyn,Kings County,2015-10-31,3504.11170835352
11249,Brooklyn,Kings County,2015-11-30,3447.0126101439128
11249,Brooklyn,Kings County,2015-12-31,3366.766018063304
11249,Brooklyn,Kings County,2016-01-31,3336.200176230302
11249,Brooklyn,Kings County,2016-02-29,3326.3303939411576
11249,Brooklyn,Kings County,2016-03-31,3339.7110217918644
11249,Brooklyn,Kings County,2016-04-30,3362.3962639370134
11249,Brooklyn,Kings County,2016-05-31,3399.208634195648
11249,Brooklyn,Kings County,2016-06-30,3415.0964115563024
11249,Brooklyn,Kings County,2016-07-31,3435.5609891188687
11249,Brooklyn,Kings County,2016-08-31,3458.2144779513083
11249,Brooklyn,Kings County,2016-09-30,3432.7183705687235
11249,Brooklyn,Kings County,2016-10-31,3429.634082630845
11249,Brooklyn,Kings County,2016-11-30,3407.8586728141668
11249,Brooklyn,Kings County,2016-12-31,3443.2981080455197
11249,Brooklyn,Kings County,2017-01-31,3434.0042345905485
11249,Brooklyn,Kings County,2017-02-28,3433.0460487589885
11249,Brooklyn,Kings County,2017-03-31,3430.2702861943385
11249,Brooklyn,Kings County,2017-04-30,3431.1289970053895
11249,Brooklyn,Kings County,2017-05-31,3453.378943953222
11249,Brooklyn,Kings County,2017-06-30,3462.8346246007827
11249,Brooklyn,Kings County,2017-07-31,3499.9101423581724
11249,Brooklyn,Kings County,2017-08-31,3494.3121300152998
11249,Brooklyn,Kings County,2017-09-30,3511.4166427987816
11249,Brooklyn,Kings County,2017-10-31,3491.5820111299413
11249,Brooklyn,Kings County,2017-11-30,3430.9412492744736
11249,Brooklyn,Kings County,2017-12-31,3398.4870429195694
11249,Brooklyn,Kings County,2018-01-31,3393.110381984256
11249,Brooklyn,Kings County,2018-02-28,3431.5965308703194
11249,Brooklyn,Kings County,2018-03-31,3440.738939501644
11249,Brooklyn,Kings County,2018-04-30,3422.0080561517357
11249,Brooklyn,Kings County,2018-05-31,3416.971995297798
11249,Brooklyn,Kings County,2018-06-30,3387.834655911915
11249,Brooklyn,Kings County,2018-07-31,3403.5526086780474
11249,Brooklyn,Kings County,2018-08-31,3424.54766695502
11249,Brooklyn,Kings County,2018-09-30,3439.0891542709874
11249,Brooklyn,Kings County,2018-10-31,3411.090227429224
11249,Brooklyn,Kings County,2018-11-30,3344.590200560698
11249,Brooklyn,Kings County,2018-12-31,3328.5958381447517
11249,Brooklyn,Kings County,2019-01-31,3361.530275328357
11249,Brooklyn,Kings County,2019-02-28,3429.1991892940982
11249,Brooklyn,Kings County,2019-03-31,3488.2339155522677
11249,Brooklyn,Kings County,2019-04-30,3522.367552411893
11249,Brooklyn,Kings County,2019-05-31,3571.130888531064
11249,Brooklyn,Kings County,2019-06-30,3616.4025195962327
11249,Brooklyn,Kings County,2019-07-31,3645.4468436071015
11249,Brooklyn,Kings County,2019-08-31,3671.4128228098584
11249,Brooklyn,Kings County,2019-09-30,3678.470902544379
11249,Brooklyn,Kings County,2019-10-31,3706.586226959121
11249,Brooklyn,Kings County,2019-11-30,3742.245318614719
11249,Brooklyn,Kings County,2019-12-31,3746.618267022159
11249,Brooklyn,Kings County,2020-01-31,3737.048098510129
11249,Brooklyn,Kings County,2020-02-29,3710.0913652748072
11249,Brooklyn,Kings County,2020-03-31,3733.1861052038794
11249,Brooklyn,Kings County,2020-04-30,3720.389742621694
11249,Brooklyn,Kings County,2020-05-31,3697.3436799820806
11249,Brooklyn,Kings County,2020-06-30,3638.5758160342893
11249,Brooklyn,Kings County,2020-07-31,3618.6413969048
11249,Brooklyn,Kings County,2020-08-31,3574.9389387808706
11249,Brooklyn,Kings County,2020-09-30,3530.3796882678603
11249,Brooklyn,Kings County,2020-10-31,3493.073463683045
11249,Brooklyn,Kings County,2020-11-30,3506.8801227776935
11249,Brooklyn,Kings County,2020-12-31,3511.353311515756
11249,Brooklyn,Kings County,2021-01-31,3514.9306202365756
11249,Brooklyn,Kings County,2021-02-28,3518.2663902733293
11249,Brooklyn,Kings County,2021-03-31,3535.849858454679
11249,Brooklyn,Kings County,2021-04-30,3590.568656788192
11249,Brooklyn,Kings County,2021-05-31,3675.2338173865887
11249,Brooklyn,Kings County,2021-06-30,3773.3079113059325
11249,Brooklyn,Kings County,2021-07-31,3875.9820236710966
11249,Brooklyn,Kings County,2021-08-31,3970.9160917044005
11249,Brooklyn,Kings County,2021-09-30,4078.1860971385445
11249,Brooklyn,Kings County,2021-10-31,4139.137058154262
11249,Brooklyn,Kings County,2021-11-30,4224.570533024321
11249,Brooklyn,Kings County,2021-12-31,4256.980521470608
11249,Brooklyn,Kings County,2022-01-31,4331.854783491793
11249,Brooklyn,Kings County,2022-02-28,4346.131949612808
11249,Brooklyn,Kings County,2022-03-31,4435.660318998862
11249,Brooklyn,Kings County,2022-04-30,4505.794948416051
11249,Brooklyn,Kings County,2022-05-31,4586.928478343508
11249,Brooklyn,Kings County,2022-06-30,4636.096504138121
11249,Brooklyn,Kings County,2022-07-31,4691.0301387809795
11249,Brooklyn,Kings County,2022-08-31,4689.998010199707
11249,Brooklyn,Kings County,2022-09-30,4730.633806657862
11249,Brooklyn,Kings County,2022-10-31,4785.6165499067765
11249,Brooklyn,Kings County,2022-11-30,4767.554729373779
11249,Brooklyn,Kings County,2022-12-31,4707.831388603562
11249,Brooklyn,Kings County,2023-01-31,4651.331906585782
11249,Brooklyn,Kings County,2023-02-28,4691.807027583477
11249,Brooklyn,Kings County,2023-03-31,4741.162216990504
11249,Brooklyn,Kings County,2023-04-30,4800.725304779607
11249,Brooklyn,Kings County,2023-05-31,4870.401727598209
11249,Brooklyn,Kings County,2023-06-30,4931.228813420661
11249,Brooklyn,Kings County,2023-07-31,4936.064982083069
11249,Brooklyn,Kings County,2023-08-31,4899.182336889682
11249,Brooklyn,Kings County,2023-09-30,4884.4390566920265
11249,Brooklyn,Kings County,2023-10-31,4818.285004630886
11249,Brooklyn,Kings County,2023-11-30,4763.498816703685
11249,Brooklyn,Kings County,2023-12-31,4710.328658991183
11249,Brooklyn,Kings County,2024-01-31,4721.97168912521
11249,Brooklyn,Kings County,2024-02-29,4790.261138920705
11249,Brooklyn,Kings County,2024-03-31,4849.5978377279325
11249,Brooklyn,Kings County,2024-04-30,4932.192338935529
11249,Brooklyn,Kings County,2024-05-31,4986.3742271411
11249,Brooklyn,Kings County,2024-06-30,5017.842117764588
11249,Brooklyn,Kings County,2024-07-31,5006.443088614239
11249,Brooklyn,Kings County,2024-08-31,5016.534873319874
11249,Brooklyn,Kings County,2024-09-30,4998.765696326565
11249,Brooklyn,Kings County,2024-10-31,4995.049899256766
11249,Brooklyn,Kings County,2024-11-30,4966.164100022523
11249,Brooklyn,Kings County,2024-12-31,4965.357161935708
11249,Brooklyn,Kings County,2025-01-31,4903.927687503168
11249,Brooklyn,Kings County,2025-02-28,4920.294528773346
11249,Brooklyn,Kings County,2025-03-31,4989.493310119019
11249,Brooklyn,Kings County,2025-04-30,5142.787355170205
11249,Brooklyn,Kings County,2025-05-31,5250.265203257895
11249,Brooklyn,Kings County,2025-06-30,5392.004262793591
11249,Brooklyn,Kings County,2025-07-31,5434.065884281323
11249,Brooklyn,Kings County,2025-08-31,5454.6547959697955
11249,Brooklyn,Kings County,2025-09-30,5325.867605673234
11249,Brooklyn,Kings County,2025-10-31,5270.6026217703065
11249,Brooklyn,Kings County,2025-11-30,5190.055466883002
11249,Brooklyn,Kings County,2025-12-31,5119.887962828969
11249,Brooklyn,Kings County,2026-01-31,5149.105357761816
11249,Brooklyn,Kings County,2026-02-28,5262.104508162641
11249,Brooklyn,Kings County,2026-03-31,5414.533978637314
11249,Brooklyn,Kings County,2026-04-30,5483.747115748781
11249,Brooklyn,Kings County,2026-05-31,5522.060942439521
11249,Brooklyn,Kings County,2026-06-30,5550.667716105386
11249,Brooklyn,Kings County,2026-07-31,5593.133569739953
11367,Queens,Queens County,2025-03-31,2456.7013662028585
11367,Queens,Queens County,2025-04-30,2508.1762166503454
11367,Queens,Queens County,2025-05-31,2560.1337211664277
11367,Queens,Queens County,2025-06-30,2515.9569179015507
11367,Queens,Queens County,2025-07-31,2461.1827933140517
11367,Queens,Queens County,2025-09-30,2536.9193002123957
11367,Queens,Queens County,2025-10-31,2590.82960509091
11367,Queens,Queens County,2025-11-30,2514.8846422420347
11367,Queens,Queens County,2025-12-31,2517.730734944233
11367,Queens,Queens County,2026-01-31,2466.3997236160326
11367,Queens,Queens County,2026-02-28,2484.719705957081
11367,Queens,Queens County,2026-03-31,2448.3644437904836
11367,Queens,Queens County,2026-04-30,2489.007832527452
11367,Queens,Queens County,2026-05-31,2504.693716848813
11367,Queens,Queens County,2026-06-30,2459.384769555388
11367,Queens,Queens County,2026-07-31,2507.5238095238096
10455,Bronx,Bronx County,2026-04-30,2539.4671952771027
10455,Bronx,Bronx County,2026-05-31,2532.032825353693
10455,Bronx,Bronx County,2026-06-30,2659.3678573121138
10455,Bronx,Bronx County,2026-07-31,2734.444444444445
10021,Manhattan,New York County,2015-01-31,2491.2649940243296
10021,Manhattan,New York County,2015-02-28,2520.081455579131
10021,Manhattan,New York County,2015-03-31,2548.9437886537053
10021,Manhattan,New York County,2015-04-30,2560.477007074624
10021,Manhattan,New York County,2015-05-31,2559.7304013089083
10021,Manhattan,New York County,2015-06-30,2583.9466529933497
10021,Manhattan,New York County,2015-07-31,2602.624664650757
10021,Manhattan,New York County,2015-08-31,2612.3194386543755
10021,Manhattan,New York County,2015-09-30,2624.141574247758
10021,Manhattan,New York County,2015-10-31,2623.1109220923763
10021,Manhattan,New York County,2015-11-30,2595.6381363781234
10021,Manhattan,New York County,2015-12-31,2570.902552569106
10021,Manhattan,New York County,2016-01-31,2542.3192540694886
10021,Manhattan,New York County,2016-02-29,2562.239237855788
10021,Manhattan,New York County,2016-03-31,2573.7270949593194
10021,Manhattan,New York County,2016-04-30,2622.5867421986195
10021,Manhattan,New York County,2016-05-31,2633.7444147405477
10021,Manhattan,New York County,2016-06-30,2650.6240931172906
10021,Manhattan,New York County,2016-07-31,2653.1531801197825
10021,Manhattan,New York County,2016-08-31,2667.491992701238
10021,Manhattan,New York County,2016-09-30,2657.217610772813
10021,Manhattan,New York County,2016-10-31,2647.669655321625
10021,Manhattan,New York County,2016-11-30,2627.1744087130473
10021,Manhattan,New York County,2016-12-31,2598.187491779708
10021,Manhattan,New York County,2017-01-31,2573.630817068051
10021,Manhattan,New York County,2017-02-28,2569.054939108466
10021,Manhattan,New York County,2017-03-31,2598.3261064257445
10021,Manhattan,New York County,2017-04-30,2635.347636755281
10021,Manhattan,New York County,2017-05-31,2681.3362993501096
10021,Manhattan,New York County,2017-06-30,2707.9262217381697
10021,Manhattan,New York County,2017-07-31,2714.0536981317046
10021,Manhattan,New York County,2017-08-31,2700.233681934719
10021,Manhattan,New York County,2017-09-30,2682.8478115633607
10021,Manhattan,New York County,2017-10-31,2660.0855644123335
10021,Manhattan,New York County,2017-11-30,2620.816743725346
10021,Manhattan,New York County,2017-12-31,2624.500794440512
10021,Manhattan,New York County,2018-01-31,2631.3695566318743
10021,Manhattan,New York County,2018-02-28,2651.3879630591928
10021,Manhattan,New York County,2018-03-31,2646.7612462835073
10021,Manhattan,New York County,2018-04-30,2658.183942137653
10021,Manhattan,New York County,2018-05-31,2683.0347595671165
10021,Manhattan,New York County,2018-06-30,2704.741628259059
10021,Manhattan,New York County,2018-07-31,2739.4223665110526
10021,Manhattan,New York County,2018-08-31,2743.3538913644666
10021,Manhattan,New York County,2018-09-30,2756.339469111717
10021,Manhattan,New York County,2018-10-31,2721.464515902812
10021,Manhattan,New York County,2018-11-30,2708.270859188302
10021,Manhattan,New York County,2018-12-31,2654.6348885863654
10021,Manhattan,New York County,2019-01-31,2666.4695262686078
10021,Manhattan,New York County,2019-02-28,2693.022812417897
10021,Manhattan,New York County,2019-03-31,2746.5455318131762
10021,Manhattan,New York County,2019-04-30,2760.6461258210747
10021,Manhattan,New York County,2019-05-31,2766.3773375577634
10021,Manhattan,New York County,2019-06-30,2789.309522784685
10021,Manhattan,New York County,2019-07-31,2797.3285619507096
10021,Manhattan,New York County,2019-08-31,2816.544395156059
10021,Manhattan,New York County,2019-09-30,2810.9900804775225
10021,Manhattan,New York County,2019-10-31,2819.599768894506
10021,Manhattan,New York County,2019-11-30,2781.3014764249715
10021,Manhattan,New York County,2019-12-31,2772.613557759541
10021,Manhattan,New York County,2020-01-31,2773.7337118119476
10021,Manhattan,New York County,2020-02-29,2821.062196865781
10021,Manhattan,New York County,2020-03-31,2817.0645442039536
10021,Manhattan,New York County,2020-04-30,2820.0610235446115
10021,Manhattan,New York County,2020-05-31,2761.690834193204
10021,Manhattan,New York County,2020-06-30,2716.3289882051413
10021,Manhattan,New York County,2020-07-31,2629.1124474816265
10021,Manhattan,New York County,2020-08-31,2551.8921832538326
10021,Manhattan,New York County,2020-09-30,2482.368262314887
10021,Manhattan,New York County,2020-10-31,2440.3830461856887
10021,Manhattan,New York County,2020-11-30,2397.921421520919
10021,Manhattan,New York County,2020-12-31,2363.083925554178
10021,Manhattan,New York County,2021-01-31,2339.1094433964713
10021,Manhattan,New York County,2021-02-28,2353.2613606013692
10021,Manhattan,New York County,2021-03-31,2368.159992856388
10021,Manhattan,New York County,2021-04-30,2400.972771836568
10021,Manhattan,New York County,2021-05-31,2443.9962930352503
10021,Manhattan,New York County,2021-06-30,2514.8901936707634
10021,Manhattan,New York County,2021-07-31,2586.807984911436
10021,Manhattan,New York County,2021-08-31,2669.0277225795885
10021,Manhattan,New York County,2021-09-30,2755.1284562839123
10021,Manhattan,New York County,2021-10-31,2819.4984855288026
10021,Manhattan,New York County,2021-11-30,2877.90372226753
10021,Manhattan,New York County,2021-12-31,2896.461301309725
10021,Manhattan,New York County,2022-01-31,2948.2176950201806
10021,Manhattan,New York County,2022-02-28,2995.91058928274
10021,Manhattan,New York County,2022-03-31,3081.2473362881537
10021,Manhattan,New York County,2022-04-30,3139.272291386592
10021,Manhattan,New York County,2022-05-31,3180.5002617486894
10021,Manhattan,New York County,2022-06-30,3231.863414066385
10021,Manhattan,New York County,2022-07-31,3280.515056190654
10021,Manhattan,New York County,2022-08-31,3324.0527581373085
10021,Manhattan,New York County,2022-09-30,3321.8092157513092
10021,Manhattan,New York County,2022-10-31,3286.438231103453
10021,Manhattan,New York County,2022-11-30,3237.095412272917
10021,Manhattan,New York County,2022-12-31,3225.3303019805758
10021,Manhattan,New York County,2023-01-31,3211.0623601299017
10021,Manhattan,New York County,2023-02-28,3253.3800403801943
10021,Manhattan,New York County,2023-03-31,3269.8499273470597
10021,Manhattan,New York County,2023-04-30,3326.318845438719
10021,Manhattan,New York County,2023-05-31,3361.288803256429
10021,Manhattan,New York County,2023-06-30,3397.664226652844
10021,Manhattan,New York County,2023-07-31,3427.21695596423
10021,Manhattan,New York County,2023-08-31,3426.668030441341
10021,Manhattan,New York County,2023-09-30,3396.1983135450755
10021,Manhattan,New York County,2023-10-31,3356.4621449739525
10021,Manhattan,New York County,2023-11-30,3307.0211688449112
10021,Manhattan,New York County,2023-12-31,3290.302679383497
10021,Manhattan,New York County,2024-01-31,3267.1830175008245
10021,Manhattan,New York County,2024-02-29,3347.3222904568
10021,Manhattan,New York County,2024-03-31,3411.568683886925
10021,Manhattan,New York County,2024-04-30,3488.4487815323837
10021,Manhattan,New York County,2024-05-31,3509.9964889181024
10021,Manhattan,New York County,2024-06-30,3553.806554781129
10021,Manhattan,New York County,2024-07-31,3575.1264076851176
10021,Manhattan,New York County,2024-08-31,3571.7820874108647
10021,Manhattan,New York County,2024-09-30,3542.9799721501577
10021,Manhattan,New York County,2024-10-31,3501.6305948009854
10021,Manhattan,New York County,2024-11-30,3494.8759227635533
10021,Manhattan,New York County,2024-12-31,3454.587170836398
10021,Manhattan,New York County,2025-01-31,3493.1026586208905
10021,Manhattan,New York County,2025-02-28,3512.9301715219367
10021,Manhattan,New York County,2025-03-31,3571.2551416198785
10021,Manhattan,New York County,2025-04-30,3620.9654920902153
10021,Manhattan,New York County,2025-05-31,3651.5332759805615
10021,Manhattan,New York County,2025-06-30,3737.5025320620334
10021,Manhattan,New York County,2025-07-31,3783.080988829521
10021,Manhattan,New York County,2025-08-31,3838.640515398293
10021,Manhattan,New York County,2025-09-30,3854.556925031476
10021,Manhattan,New York County,2025-10-31,3831.0223500219277
10021,Manhattan,New York County,2025-11-30,3807.4916854861503
10021,Manhattan,New York County,2025-12-31,3724.436612239734
10021,Manhattan,New York County,2026-01-31,3753.160801321804
10021,Manhattan,New York County,2026-02-28,3791.0688953682716
10021,Manhattan,New York County,2026-03-31,3885.6527344044375
10021,Manhattan,New York County,2026-04-30,3934.9838555513115
10021,Manhattan,New York County,2026-05-31,3958.0815337767585
10021,Manhattan,New York County,2026-06-30,4019.340121807068
10021,Manhattan,New York County,2026-07-31,4074.551106025934
11222,Brooklyn,Kings County,2015-01-31,2662.7711125766878
11222,Brooklyn,Kings County,2015-02-28,2669.9360653155154
11222,Brooklyn,Kings County,2015-03-31,2664.405961556584
11222,Brooklyn,Kings County,2015-04-30,2675.8063599004413
11222,Brooklyn,Kings County,2015-05-31,2689.686038663828
11222,Brooklyn,Kings County,2015-06-30,2730.5086237840733
11222,Brooklyn,Kings County,2015-07-31,2757.672101812926
11222,Brooklyn,Kings County,2015-08-31,2759.512457670833
11222,Brooklyn,Kings County,2015-09-30,2774.6736191773643
11222,Brooklyn,Kings County,2015-10-31,2748.73393108107
11222,Brooklyn,Kings County,2015-11-30,2742.69514824368
11222,Brooklyn,Kings County,2015-12-31,2681.111460584401
11222,Brooklyn,Kings County,2016-01-31,2720.1239154567247
11222,Brooklyn,Kings County,2016-02-29,2750.0397140376863
11222,Brooklyn,Kings County,2016-03-31,2819.544436219383
11222,Brooklyn,Kings County,2016-04-30,2836.5819599233437
11222,Brooklyn,Kings County,2016-05-31,2830.2153834499472
11222,Brooklyn,Kings County,2016-06-30,2839.3940680416754
11222,Brooklyn,Kings County,2016-07-31,2825.8037775332896
11222,Brooklyn,Kings County,2016-08-31,2827.495083145941
11222,Brooklyn,Kings County,2016-09-30,2822.8924401434074
11222,Brooklyn,Kings County,2016-10-31,2840.798941783979
11222,Brooklyn,Kings County,2016-11-30,2872.3537135503293
11222,Brooklyn,Kings County,2016-12-31,2884.965447088505
11222,Brooklyn,Kings County,2017-01-31,2870.980557413558
11222,Brooklyn,Kings County,2017-02-28,2867.5647699660194
11222,Brooklyn,Kings County,2017-03-31,2873.1091331772136
11222,Brooklyn,Kings County,2017-04-30,2874.02509206857
11222,Brooklyn,Kings County,2017-05-31,2880.665167044507
11222,Brooklyn,Kings County,2017-06-30,2881.8088329014627
11222,Brooklyn,Kings County,2017-07-31,2911.5366114613803
11222,Brooklyn,Kings County,2017-08-31,2908.8459661934053
11222,Brooklyn,Kings County,2017-09-30,2913.233484111353
11222,Brooklyn,Kings County,2017-10-31,2902.0622033409695
11222,Brooklyn,Kings County,2017-11-30,2880.98214114854
11222,Brooklyn,Kings County,2017-12-31,2849.647577995481
11222,Brooklyn,Kings County,2018-01-31,2849.5093941561513
11222,Brooklyn,Kings County,2018-02-28,2858.8498086646164
11222,Brooklyn,Kings County,2018-03-31,2881.3215391218996
11222,Brooklyn,Kings County,2018-04-30,2898.7009372367593
11222,Brooklyn,Kings County,2018-05-31,2914.6518390986653
11222,Brooklyn,Kings County,2018-06-30,2928.104232878699
11222,Brooklyn,Kings County,2018-07-31,2946.710123886201
11222,Brooklyn,Kings County,2018-08-31,2962.6334201708223
11222,Brooklyn,Kings County,2018-09-30,2939.549493235524
11222,Brooklyn,Kings County,2018-10-31,2903.057465220817
11222,Brooklyn,Kings County,2018-11-30,2881.9914450466354
11222,Brooklyn,Kings County,2018-12-31,2901.753842055467
11222,Brooklyn,Kings County,2019-01-31,2909.9839195721925
11222,Brooklyn,Kings County,2019-02-28,2940.2670228145175
11222,Brooklyn,Kings County,2019-03-31,2955.789217780914
11222,Brooklyn,Kings County,2019-04-30,2974.6067005933673
11222,Brooklyn,Kings County,2019-05-31,2995.160385079833
11222,Brooklyn,Kings County,2019-06-30,3028.8436174611566
11222,Brooklyn,Kings County,2019-07-31,3084.63178562383
11222,Brooklyn,Kings County,2019-08-31,3102.8253415329773
11222,Brooklyn,Kings County,2019-09-30,3123.063917055807
11222,Brooklyn,Kings County,2019-10-31,3121.951663258484
11222,Brooklyn,Kings County,2019-11-30,3089.4436845652767
11222,Brooklyn,Kings County,2019-12-31,3076.80666388049
11222,Brooklyn,Kings County,2020-01-31,3076.296075025057
11222,Brooklyn,Kings County,2020-02-29,3145.464593033375
11222,Brooklyn,Kings County,2020-03-31,3156.799862950856
11222,Brooklyn,Kings County,2020-04-30,3128.1318517091613
11222,Brooklyn,Kings County,2020-05-31,3093.0082063146474
11222,Brooklyn,Kings County,2020-06-30,3069.2087830398673
11222,Brooklyn,Kings County,2020-07-31,3066.096734599808
11222,Brooklyn,Kings County,2020-08-31,3027.174115420136
11222,Brooklyn,Kings County,2020-09-30,2976.0370797121836
11222,Brooklyn,Kings County,2020-10-31,2902.723715760082
11222,Brooklyn,Kings County,2020-11-30,2858.1983170407134
11222,Brooklyn,Kings County,2020-12-31,2844.453168497161
11222,Brooklyn,Kings County,2021-01-31,2863.8928694246038
11222,Brooklyn,Kings County,2021-02-28,2888.274946071874
11222,Brooklyn,Kings County,2021-03-31,2948.636200763024
11222,Brooklyn,Kings County,2021-04-30,2996.6723593009365
11222,Brooklyn,Kings County,2021-05-31,3066.3863536122044
11222,Brooklyn,Kings County,2021-06-30,3114.0297218644973
11222,Brooklyn,Kings County,2021-07-31,3221.7964961603607
11222,Brooklyn,Kings County,2021-08-31,3284.590157908628
11222,Brooklyn,Kings County,2021-09-30,3344.7610741358376
11222,Brooklyn,Kings County,2021-10-31,3321.0522458684372
11222,Brooklyn,Kings County,2021-11-30,3299.5497255191467
11222,Brooklyn,Kings County,2021-12-31,3298.4713570186777
11222,Brooklyn,Kings County,2022-01-31,3361.9925089876365
11222,Brooklyn,Kings County,2022-02-28,3460.7866397284697
11222,Brooklyn,Kings County,2022-03-31,3578.7892206805836
11222,Brooklyn,Kings County,2022-04-30,3633.7850844016384
11222,Brooklyn,Kings County,2022-05-31,3819.339832258837
11222,Brooklyn,Kings County,2022-06-30,3895.8786360756844
11222,Brooklyn,Kings County,2022-07-31,4036.7928842996266
11222,Brooklyn,Kings County,2022-08-31,4002.074209024968
11222,Brooklyn,Kings County,2022-09-30,4003.0173702213706
11222,Brooklyn,Kings County,2022-10-31,3951.3197964759543
11222,Brooklyn,Kings County,2022-11-30,3866.272615253977
11222,Brooklyn,Kings County,2022-12-31,3831.8110604695744
11222,Brooklyn,Kings County,2023-01-31,3831.601633437391
11222,Brooklyn,Kings County,2023-02-28,3891.2422441693325
11222,Brooklyn,Kings County,2023-03-31,3932.378329181045
11222,Brooklyn,Kings County,2023-04-30,3978.255620294824
11222,Brooklyn,Kings County,2023-05-31,4021.218128904575
11222,Brooklyn,Kings County,2023-06-30,4080.379743292725
11222,Brooklyn,Kings County,2023-07-31,4122.1182725810895
11222,Brooklyn,Kings County,2023-08-31,4141.177163792388
11222,Brooklyn,Kings County,2023-09-30,4135.072847544109
11222,Brooklyn,Kings County,2023-10-31,4081.917602206946
11222,Brooklyn,Kings County,2023-11-30,3987.0940174937487
11222,Brooklyn,Kings County,2023-12-31,3939.6042875812664
11222,Brooklyn,Kings County,2024-01-31,3952.337318612449
11222,Brooklyn,Kings County,2024-02-29,4017.4660045635787
11222,Brooklyn,Kings County,2024-03-31,4096.684050169956
11222,Brooklyn,Kings County,2024-04-30,4150.867137421469
11222,Brooklyn,Kings County,2024-05-31,4231.316204201766
11222,Brooklyn,Kings County,2024-06-30,4272.103329221762
11222,Brooklyn,Kings County,2024-07-31,4315.59816773049
11222,Brooklyn,Kings County,2024-08-31,4350.073935098101
11222,Brooklyn,Kings County,2024-09-30,4328.5529066584595
11222,Brooklyn,Kings County,2024-10-31,4275.9743092190565
11222,Brooklyn,Kings County,2024-11-30,4211.884529152379
11222,Brooklyn,Kings County,2024-12-31,4142.151632264111
11222,Brooklyn,Kings County,2025-01-31,4181.053085759762
11222,Brooklyn,Kings County,2025-02-28,4271.917756939105
11222,Brooklyn,Kings County,2025-03-31,4406.563706143002
11222,Brooklyn,Kings County,2025-04-30,4460.527781546784
11222,Brooklyn,Kings County,2025-05-31,4471.751272795101
11222,Brooklyn,Kings County,2025-06-30,4502.670306462863
11222,Brooklyn,Kings County,2025-07-31,4560.353180571958
11222,Brooklyn,Kings County,2025-08-31,4598.726926276626
11222,Brooklyn,Kings County,2025-09-30,4595.450668184573
11222,Brooklyn,Kings County,2025-10-31,4564.297495619883
11222,Brooklyn,Kings County,2025-11-30,4496.5415407266755
11222,Brooklyn,Kings County,2025-12-31,4482.498039400317
11222,Brooklyn,Kings County,2026-01-31,4435.006347391053
11222,Brooklyn,Kings County,2026-02-28,4429.679121625807
11222,Brooklyn,Kings County,2026-03-31,4451.037841794344
11222,Brooklyn,Kings County,2026-04-30,4544.113888626943
11222,Brooklyn,Kings County,2026-05-31,4662.8407575135925
11222,Brooklyn,Kings County,2026-06-30,4707.902709255845
11222,Brooklyn,Kings County,2026-07-31,4756.9603988603985
11433,Queens,Queens County,2025-07-31,2841.999948471741
11433,Queens,Queens County,2025-08-31,2755.1029974099138
11433,Queens,Queens County,2025-09-30,2704.9743477891725
11433,Queens,Queens County,2025-10-31,2705.4036872375536
11433,Queens,Queens County,2025-11-30,2872.00680401385
11433,Queens,Queens County,2025-12-31,2921.6462467671813
11433,Queens,Queens County,2026-01-31,3073.2448648223767
11433,Queens,Queens County,2026-02-28,2972.0136982075455
11433,Queens,Queens County,2026-03-31,2866.2361412335276
11433,Queens,Queens County,2026-04-30,2886.347879238986
11433,Queens,Queens County,2026-05-31,2961.6979602828155
11433,Queens,Queens County,2026-06-30,3117.80438409891
11433,Queens,Queens County,2026-07-31,3100.0
11231,Brooklyn,Kings County,2015-01-31,2288.9600300371094
11231,Brooklyn,Kings County,2015-02-28,2355.986738999835
11231,Brooklyn,Kings County,2015-03-31,2376.2594117416097
11231,Brooklyn,Kings County,2015-04-30,2324.794300393953
11231,Brooklyn,Kings County,2015-05-31,2325.1935582817828
11231,Brooklyn,Kings County,2015-06-30,2333.518311788753
11231,Brooklyn,Kings County,2015-07-31,2379.3715497747685
11231,Brooklyn,Kings County,2015-08-31,2397.400356672004
11231,Brooklyn,Kings County,2015-09-30,2428.5333267531187
11231,Brooklyn,Kings County,2015-10-31,2440.258551891694
11231,Brooklyn,Kings County,2015-11-30,2462.4618834852595
11231,Brooklyn,Kings County,2015-12-31,2443.085342428745
11231,Brooklyn,Kings County,2016-01-31,2442.0679921068268
11231,Brooklyn,Kings County,2016-02-29,2444.4833585683887
11231,Brooklyn,Kings County,2016-03-31,2417.7835428707654
11231,Brooklyn,Kings County,2016-04-30,2460.241946958218
11231,Brooklyn,Kings County,2016-05-31,2435.9384650547768
11231,Brooklyn,Kings County,2016-06-30,2518.1938594907538
11231,Brooklyn,Kings County,2016-07-31,2533.6965264277683
11231,Brooklyn,Kings County,2016-08-31,2547.8578472730355
11231,Brooklyn,Kings County,2016-09-30,2546.817846056833
11231,Brooklyn,Kings County,2016-10-31,2535.6005573274256
11231,Brooklyn,Kings County,2016-11-30,2552.657022795527
11231,Brooklyn,Kings County,2016-12-31,2523.0179677634123
11231,Brooklyn,Kings County,2017-01-31,2515.639415436913
11231,Brooklyn,Kings County,2017-02-28,2508.9815199026266
11231,Brooklyn,Kings County,2017-03-31,2525.834027223805
11231,Brooklyn,Kings County,2017-04-30,2535.4485164185326
11231,Brooklyn,Kings County,2017-05-31,2529.2485356735683
11231,Brooklyn,Kings County,2017-06-30,2544.2065276174553
11231,Brooklyn,Kings County,2017-07-31,2562.558012838526
11231,Brooklyn,Kings County,2017-08-31,2594.2868361625897
11231,Brooklyn,Kings County,2017-09-30,2608.457623114421
11231,Brooklyn,Kings County,2017-10-31,2611.025411603742
11231,Brooklyn,Kings County,2017-11-30,2611.5849857191524
11231,Brooklyn,Kings County,2017-12-31,2629.12227771529
11231,Brooklyn,Kings County,2018-01-31,2624.8800942523594
11231,Brooklyn,Kings County,2018-02-28,2615.8636786918682
11231,Brooklyn,Kings County,2018-03-31,2596.6381299222676
11231,Brooklyn,Kings County,2018-04-30,2606.504191849615
11231,Brooklyn,Kings County,2018-05-31,2645.3022418724677
11231,Brooklyn,Kings County,2018-06-30,2679.9424722549315
11231,Brooklyn,Kings County,2018-07-31,2661.5009237245545
11231,Brooklyn,Kings County,2018-08-31,2637.0073845329025
11231,Brooklyn,Kings County,2018-09-30,2648.4459300098856
11231,Brooklyn,Kings County,2018-10-31,2729.635446669542
11231,Brooklyn,Kings County,2018-11-30,2756.5120746042107
11231,Brooklyn,Kings County,2018-12-31,2754.1117049538802
11231,Brooklyn,Kings County,2019-01-31,2701.749129143741
11231,Brooklyn,Kings County,2019-02-28,2684.647075189064
11231,Brooklyn,Kings County,2019-03-31,2703.5020506618116
11231,Brooklyn,Kings County,2019-04-30,2765.439811315346
11231,Brooklyn,Kings County,2019-05-31,2795.9279826908005
11231,Brooklyn,Kings County,2019-06-30,2799.7795719882542
11231,Brooklyn,Kings County,2019-07-31,2798.3627640760005
11231,Brooklyn,Kings County,2019-08-31,2833.123034315165
11231,Brooklyn,Kings County,2019-09-30,2873.513819811605
11231,Brooklyn,Kings County,2019-10-31,2890.61690361668
11231,Brooklyn,Kings County,2019-11-30,2896.0097202845636
11231,Brooklyn,Kings County,2019-12-31,2867.438167962153
11231,Brooklyn,Kings County,2020-01-31,2862.521244451946
11231,Brooklyn,Kings County,2020-02-29,2861.213774026494
11231,Brooklyn,Kings County,2020-03-31,2874.0274106509055
11231,Brooklyn,Kings County,2020-04-30,2845.016215011531
11231,Brooklyn,Kings County,2020-05-31,2851.5544175872888
11231,Brooklyn,Kings County,2020-06-30,2821.960252883921
11231,Brooklyn,Kings County,2020-07-31,2819.974261722724
11231,Brooklyn,Kings County,2020-08-31,2783.0719560603015
11231,Brooklyn,Kings County,2020-09-30,2737.224455696465
11231,Brooklyn,Kings County,2020-10-31,2699.196788506776
11231,Brooklyn,Kings County,2020-11-30,2717.258823571617
11231,Brooklyn,Kings County,2020-12-31,2715.712787302208
11231,Brooklyn,Kings County,2021-01-31,2728.621803042641
11231,Brooklyn,Kings County,2021-02-28,2682.2691916818753
11231,Brooklyn,Kings County,2021-03-31,2679.6626644675976
11231,Brooklyn,Kings County,2021-04-30,2694.402048310294
11231,Brooklyn,Kings County,2021-05-31,2758.9704267145526
11231,Brooklyn,Kings County,2021-06-30,2854.7851798973657
11231,Brooklyn,Kings County,2021-07-31,2943.7986706003535
11231,Brooklyn,Kings County,2021-08-31,2988.764182148425
11231,Brooklyn,Kings County,2021-09-30,2970.1808358542903
11231,Brooklyn,Kings County,2021-10-31,2990.6985252223794
11231,Brooklyn,Kings County,2021-11-30,3043.213992738328
11231,Brooklyn,Kings County,2021-12-31,3168.7218118826836
11231,Brooklyn,Kings County,2022-01-31,3214.1447532316324
11231,Brooklyn,Kings County,2022-02-28,3247.7421125963974
11231,Brooklyn,Kings County,2022-03-31,3249.8809664215682
11231,Brooklyn,Kings County,2022-04-30,3308.9576774946813
11231,Brooklyn,Kings County,2022-05-31,3330.7050462858556
11231,Brooklyn,Kings County,2022-06-30,3376.2372675046295
11231,Brooklyn,Kings County,2022-07-31,3395.3074032950194
11231,Brooklyn,Kings County,2022-08-31,3428.234649508145
11231,Brooklyn,Kings County,2022-09-30,3485.0753214211545
11231,Brooklyn,Kings County,2022-10-31,3480.70995722041
11231,Brooklyn,Kings County,2022-11-30,3503.443538334791
11231,Brooklyn,Kings County,2022-12-31,3489.5682318764007
11231,Brooklyn,Kings County,2023-01-31,3483.94592532115
11231,Brooklyn,Kings County,2023-02-28,3485.8222135644673
11231,Brooklyn,Kings County,2023-03-31,3505.4179768743957
11231,Brooklyn,Kings County,2023-04-30,3559.5058876110506
11231,Brooklyn,Kings County,2023-05-31,3637.589693844483
11231,Brooklyn,Kings County,2023-06-30,3679.6382975066062
11231,Brooklyn,Kings County,2023-07-31,3934.3976133199585
11231,Brooklyn,Kings County,2023-08-31,4018.595355935757
11231,Brooklyn,Kings County,2023-09-30,4041.7081050889274
11231,Brooklyn,Kings County,2023-10-31,3833.582877012067
11231,Brooklyn,Kings County,2023-11-30,3723.744784549796
11231,Brooklyn,Kings County,2023-12-31,3745.048973484291
11231,Brooklyn,Kings County,2024-01-31,3777.6833593175443
11231,Brooklyn,Kings County,2024-02-29,3868.876004689366
11231,Brooklyn,Kings County,2024-03-31,3895.6220219085785
11231,Brooklyn,Kings County,2024-04-30,3921.2896214285824
11231,Brooklyn,Kings County,2024-05-31,3988.5801748163763
11231,Brooklyn,Kings County,2024-06-30,3984.3375386213884
11231,Brooklyn,Kings County,2024-07-31,3982.5868654816086
11231,Brooklyn,Kings County,2024-08-31,4032.9580218770398
11231,Brooklyn,Kings County,2024-09-30,3999.582188071552
11231,Brooklyn,Kings County,2024-10-31,4003.8972489021326
11231,Brooklyn,Kings County,2024-11-30,3862.49898501806
11231,Brooklyn,Kings County,2024-12-31,3910.407665843309
11231,Brooklyn,Kings County,2025-01-31,3911.3939826500286
11231,Brooklyn,Kings County,2025-02-28,4124.05560496759
11231,Brooklyn,Kings County,2025-03-31,4166.41461173218
11231,Brooklyn,Kings County,2025-04-30,4213.4803462303735
11231,Brooklyn,Kings County,2025-05-31,4154.503218608066
11231,Brooklyn,Kings County,2025-06-30,4244.839501128886
11231,Brooklyn,Kings County,2025-07-31,4352.04577374916
11231,Brooklyn,Kings County,2025-08-31,4359.351764578333
11231,Brooklyn,Kings County,2025-09-30,4446.2682657557525
11231,Brooklyn,Kings County,2025-10-31,4388.281123987268
11231,Brooklyn,Kings County,2025-11-30,4679.194961510392
11231,Brooklyn,Kings County,2025-12-31,4784.571027495286
11231,Brooklyn,Kings County,2026-01-31,4998.283413503166
11231,Brooklyn,Kings County,2026-02-28,4789.76014269986
11231,Brooklyn,Kings County,2026-03-31,4655.728806732434
11231,Brooklyn,Kings County,2026-04-30,4658.306654893143
11231,Brooklyn,Kings County,2026-05-31,4807.392440381179
11231,Brooklyn,Kings County,2026-06-30,4887.6995924579915
11231,Brooklyn,Kings County,2026-07-31,4899.921455938697
10454,Bronx,Bronx County,2022-03-31,2454.311811046217
10454,Bronx,Bronx County,2022-04-30,2500.1568604433014
10454,Bronx,Bronx County,2022-05-31,2555.557844914712
10454,Bronx,Bronx County,2022-06-30,2558.619645857409
10454,Bronx,Bronx County,2022-07-31,2600.6585435172765
10454,Bronx,Bronx County,2022-08-31,2585.035088836297
10454,Bronx,Bronx County,2022-09-30,2534.2985764400105
10454,Bronx,Bronx County,2022-10-31,2552.128847387889
10454,Bronx,Bronx County,2022-11-30,2545.3186272391777
10454,Bronx,Bronx County,2022-12-31,2533.809858132484
10454,Bronx,Bronx County,2023-01-31,2506.92287052758
10454,Bronx,Bronx County,2023-02-28,2502.5213237215817
10454,Bronx,Bronx County,2023-03-31,2594.475496880331
10454,Bronx,Bronx County,2023-04-30,2605.10566894124
10454,Bronx,Bronx County,2023-05-31,2590.046183530059
10454,Bronx,Bronx County,2023-06-30,2539.6492766944034
10454,Bronx,Bronx County,2023-07-31,2543.146656314396
10454,Bronx,Bronx County,2023-08-31,2607.358382419982
10454,Bronx,Bronx County,2023-09-30,2615.9188730656474
10454,Bronx,Bronx County,2023-10-31,2598.474431327789
10454,Bronx,Bronx County,2023-11-30,2570.484690720227
10454,Bronx,Bronx County,2023-12-31,2549.79468293829
10454,Bronx,Bronx County,2024-01-31,2659.5618783396385
10454,Bronx,Bronx County,2024-02-29,2699.6514566780324
10454,Bronx,Bronx County,2024-03-31,2831.7667747515393
10454,Bronx,Bronx County,2024-04-30,2808.249462260724
10454,Bronx,Bronx County,2024-05-31,2816.7777881950587
10454,Bronx,Bronx County,2024-06-30,2796.6738535093436
10454,Bronx,Bronx County,2024-07-31,2799.9064017378932
10454,Bronx,Bronx County,2024-08-31,2803.9346678573143
10454,Bronx,Bronx County,2024-09-30,2739.8561789723444
10454,Bronx,Bronx County,2024-10-31,2687.8221645157214
10454,Bronx,Bronx County,2024-11-30,2696.292141085038
10454,Bronx,Bronx County,2024-12-31,2695.9646452589463
10454,Bronx,Bronx County,2025-01-31,2767.921259786072
10454,Bronx,Bronx County,2025-02-28,2787.549904482135
10454,Bronx,Bronx County,2025-03-31,2811.6981660096526
10454,Bronx,Bronx County,2025-04-30,2798.0707166987136
10454,Bronx,Bronx County,2025-05-31,2802.7608433548558
10454,Bronx,Bronx County,2025-06-30,2884.0063192468238
10454,Bronx,Bronx County,2025-07-31,2885.47917512683
10454,Bronx,Bronx County,2025-08-31,2908.527056470988
10454,Bronx,Bronx County,2025-09-30,2859.58008332203
10454,Bronx,Bronx County,2025-10-31,2832.236416585502
10454,Bronx,Bronx County,2025-11-30,2708.006808002926
10454,Bronx,Bronx County,2025-12-31,2744.0035661800284
10454,Bronx,Bronx County,2026-01-31,2781.74096392377
10454,Bronx,Bronx County,2026-02-28,2840.286995054689
10454,Bronx,Bronx County,2026-03-31,2821.813274416658
10454,Bronx,Bronx County,2026-04-30,2781.9055556530093
10454,Bronx,Bronx County,2026-05-31,2884.5333087447034
10454,Bronx,Bronx County,2026-06-30,2933.3505690570505
10454,Bronx,Bronx County,2026-07-31,3010.7083333333335
11378,Queens,Queens County,2022-03-31,1953.4014251618373
11378,Queens,Queens County,2022-04-30,2012.8445471715631
11378,Queens,Queens County,2022-05-31,2057.2239134385004
11378,Queens,Queens County,2022-06-30,2088.023116600061
11378,Queens,Queens County,2022-07-31,2076.582922138662
11378,Queens,Queens County,2022-08-31,2124.1312338648804
11378,Queens,Queens County,2022-09-30,2147.2719339308424
11378,Queens,Queens County,2022-10-31,2205.289739434489
11378,Queens,Queens County,2022-11-30,2181.9912189983493
11378,Queens,Queens County,2022-12-31,2168.7162980399657
11378,Queens,Queens County,2023-01-31,2163.79459339635
11378,Queens,Queens County,2023-02-28,2242.827291308505
11378,Queens,Queens County,2023-03-31,2272.3226516060213
11378,Queens,Queens County,2023-04-30,2254.225668783679
11378,Queens,Queens County,2023-05-31,2190.099292778032
11378,Queens,Queens County,2023-06-30,2192.6022778462952
11378,Queens,Queens County,2023-07-31,2181.849918769648
11378,Queens,Queens County,2023-08-31,2217.7447071837078
11378,Queens,Queens County,2023-09-30,2267.3087556032506
11378,Queens,Queens County,2023-10-31,2325.8105552025013
11378,Queens,Queens County,2023-11-30,2340.6568957224217
11378,Queens,Queens County,2023-12-31,2330.2514579658778
11378,Queens,Queens County,2024-01-31,2333.7569857303006
11378,Queens,Queens County,2024-02-29,2322.726198475928
11378,Queens,Queens County,2024-03-31,2316.0322855954437
11378,Queens,Queens County,2024-04-30,2315.679201179306
11378,Queens,Queens County,2024-05-31,2336.1886514535604
11378,Queens,Queens County,2024-06-30,2350.8759310114738
11378,Queens,Queens County,2024-07-31,2366.4830094198173
11378,Queens,Queens County,2024-08-31,2351.5355242719697
11378,Queens,Queens County,2024-09-30,2379.8007537647723
11378,Queens,Queens County,2024-10-31,2395.5588549575855
11378,Queens,Queens County,2024-11-30,2385.473798866578
11378,Queens,Queens County,2024-12-31,2355.006077803378
11378,Queens,Queens County,2025-01-31,2351.8430478800396
11378,Queens,Queens County,2025-02-28,2389.1311462066324
11378,Queens,Queens County,2025-03-31,2441.5277918567886
11378,Queens,Queens County,2025-04-30,2537.6578197768445
11378,Queens,Queens County,2025-05-31,2527.239619897797
11378,Queens,Queens County,2025-06-30,2493.198363830956
11378,Queens,Queens County,2025-07-31,2388.0887138661647
11378,Queens,Queens County,2025-08-31,2452.5524711429453
11378,Queens,Queens County,2025-09-30,2482.3714855744374
11378,Queens,Queens County,2025-10-31,2493.9084662352952
11378,Queens,Queens County,2025-11-30,2492.327908341961
11378,Queens,Queens County,2025-12-31,2524.7424571616525
11378,Queens,Queens County,2026-01-31,2626.259298256141
11378,Queens,Queens County,2026-02-28,2657.284681359524
11378,Queens,Queens County,2026-03-31,2748.864855545606
11378,Queens,Queens County,2026-04-30,2659.1438014810533
11378,Queens,Queens County,2026-05-31,2693.0820394879725
11378,Queens,Queens County,2026-06-30,2662.3715649606306
11378,Queens,Queens County,2026-07-31,2705.75
11379,Queens,Queens County,2020-12-31,1981.6109956792448
11379,Queens,Queens County,2021-02-28,2029.2463577080075
11379,Queens,Queens County,2021-03-31,2051.380407973867
11379,Queens,Queens County,2021-04-30,2061.1541217267395
11379,Queens,Queens County,2021-05-31,2072.5814231689346
11379,Queens,Queens County,2021-06-30,2114.01531881604
11379,Queens,Queens County,2021-07-31,2112.0866047613463
11379,Queens,Queens County,2021-08-31,2136.682094555856
11379,Queens,Queens County,2021-09-30,2129.546042957273
11379,Queens,Queens County,2021-10-31,2162.22899386089
11379,Queens,Queens County,2021-11-30,2128.678180457223
11379,Queens,Queens County,2021-12-31,2137.2334812703675
11379,Queens,Queens County,2022-01-31,2115.595183336952
11379,Queens,Queens County,2022-02-28,2139.786161305434
11379,Queens,Queens County,2022-03-31,2116.4927216029937
11379,Queens,Queens County,2022-04-30,2156.8835293521533
11379,Queens,Queens County,2022-05-31,2204.703016113035
11379,Queens,Queens County,2022-06-30,2244.94749378067
11379,Queens,Queens County,2022-07-31,2253.942460936978
11379,Queens,Queens County,2022-08-31,2255.110267867514
11379,Queens,Queens County,2022-09-30,2253.5016507056434
11379,Queens,Queens County,2022-10-31,2270.0893799841874
11379,Queens,Queens County,2022-11-30,2259.682536421587
11379,Queens,Queens County,2022-12-31,2267.770211051517
11379,Queens,Queens County,2023-02-28,2417.2903345196532
11379,Queens,Queens County,2023-03-31,2422.227645775563
11379,Queens,Queens County,2023-04-30,2455.695519663311
11379,Queens,Queens County,2023-05-31,2372.86481591005
11379,Queens,Queens County,2023-06-30,2414.633821171615
11379,Queens,Queens County,2023-07-31,2352.0936436544816
11379,Queens,Queens County,2023-08-31,2385.228768018925
11379,Queens,Queens County,2023-09-30,2379.8521795043753
11379,Queens,Queens County,2023-10-31,2380.0384813195524
11379,Queens,Queens County,2023-11-30,2403.3747200101384
11379,Queens,Queens County,2023-12-31,2532.3249050543586
11379,Queens,Queens County,2024-01-31,2552.9551037254414
11379,Queens,Queens County,2024-02-29,2546.975437231566
11379,Queens,Queens County,2024-03-31,2493.1292383715795
11379,Queens,Queens County,2024-04-30,2592.75839248831
11379,Queens,Queens County,2024-05-31,2703.9324950300156
11379,Queens,Queens County,2024-06-30,2687.605369192777
11379,Queens,Queens County,2024-07-31,2657.322971848372
11379,Queens,Queens County,2024-08-31,2611.4583157536804
11379,Queens,Queens County,2024-09-30,2553.8485379550475
11379,Queens,Queens County,2024-10-31,2558.5141766373094
11379,Queens,Queens County,2024-11-30,2600.9731629332377
11379,Queens,Queens County,2024-12-31,2753.5355522437776
11379,Queens,Queens County,2025-01-31,2775.0431974723647
11379,Queens,Queens County,2025-02-28,2753.4950061757513
11379,Queens,Queens County,2025-03-31,2691.603139339037
11379,Queens,Queens County,2025-04-30,2659.59284782731
11379,Queens,Queens County,2025-05-31,2669.6790944171116
11379,Queens,Queens County,2025-06-30,2651.4652790361697
11379,Queens,Queens County,2025-08-31,2702.744320364552
11379,Queens,Queens County,2025-09-30,2803.1371315600413
11379,Queens,Queens County,2025-10-31,2834.692711491572
11379,Queens,Queens County,2025-11-30,2887.2462978110293
11379,Queens,Queens County,2025-12-31,2863.204720687852
11379,Queens,Queens County,2026-01-31,2801.472558895956
11379,Queens,Queens County,2026-02-28,2851.9206949372906
11379,Queens,Queens County,2026-03-31,2818.596478402442
11379,Queens,Queens County,2026-04-30,2845.2783675375376
11379,Queens,Queens County,2026-05-31,2728.7940593099293
11379,Queens,Queens County,2026-06-30,2807.1406995512025
11379,Queens,Queens County,2026-07-31,2866.444444444444
10301,Staten Island,Richmond County,2022-04-30,2158.830835562566
10301,Staten Island,Richmond County,2022-05-31,2167.840015146297
10301,Staten Island,Richmond County,2022-06-30,2135.0918389368753
10301,Staten Island,Richmond County,2022-07-31,2182.8459677084415
10301,Staten Island,Richmond County,2022-08-31,2143.972669805775
10301,Staten Island,Richmond County,2022-09-30,2129.5371340841475
10301,Staten Island,Richmond County,2022-10-31,2117.9545724147006
10301,Staten Island,Richmond County,2022-11-30,2110.3366013645123
10301,Staten Island,Richmond County,2022-12-31,2127.28354698833
10301,Staten Island,Richmond County,2023-01-31,2106.647560557959
10301,Staten Island,Richmond County,2023-02-28,2086.0976483611626
10301,Staten Island,Richmond County,2023-03-31,2115.0750157560583
10301,Staten Island,Richmond County,2023-04-30,2170.9080767677838
10301,Staten Island,Richmond County,2023-05-31,2279.169897437523
10301,Staten Island,Richmond County,2023-06-30,2300.136750897332
10301,Staten Island,Richmond County,2023-07-31,2323.033965188775
10301,Staten Island,Richmond County,2023-08-31,2298.0677200294804
10301,Staten Island,Richmond County,2023-09-30,2285.32836587036
10301,Staten Island,Richmond County,2023-10-31,2255.3556805166636
10301,Staten Island,Richmond County,2023-11-30,2298.9461265025875
10301,Staten Island,Richmond County,2023-12-31,2256.6567823881733
10301,Staten Island,Richmond County,2024-01-31,2272.358120871675
10301,Staten Island,Richmond County,2024-02-29,2256.5503346916216
10301,Staten Island,Richmond County,2024-03-31,2348.7574029125326
10301,Staten Island,Richmond County,2024-04-30,2415.352381902505
10301,Staten Island,Richmond County,2024-05-31,2441.9361448897757
10301,Staten Island,Richmond County,2024-06-30,2470.3670595349217
10301,Staten Island,Richmond County,2024-07-31,2451.076641665227
10301,Staten Island,Richmond County,2024-08-31,2461.07698456765
10301,Staten Island,Richmond County,2024-09-30,2406.334124347332
10301,Staten Island,Richmond County,2024-10-31,2419.859030867897
10301,Staten Island,Richmond County,2024-11-30,2410.459643867783
10301,Staten Island,Richmond County,2024-12-31,2459.7319714346127
10301,Staten Island,Richmond County,2025-01-31,2488.6790898410045
10301,Staten Island,Richmond County,2025-02-28,2583.8052427194048
10301,Staten Island,Richmond County,2025-03-31,2678.649909191112
10301,Staten Island,Richmond County,2025-04-30,2700.8087400366026
10301,Staten Island,Richmond County,2025-05-31,2637.1170382293453
10301,Staten Island,Richmond County,2025-06-30,2581.197500102419
10301,Staten Island,Richmond County,2025-07-31,2541.750437651278
10301,Staten Island,Richmond County,2025-08-31,2584.936003866412
10301,Staten Island,Richmond County,2025-09-30,2612.579824325573
10301,Staten Island,Richmond County,2025-10-31,2564.5102988223134
10301,Staten Island,Richmond County,2025-11-30,2617.09540020931
10301,Staten Island,Richmond County,2025-12-31,2700.2307117148944
10301,Staten Island,Richmond County,2026-01-31,2831.9063166485357
10301,Staten Island,Richmond County,2026-02-28,2784.695233929075
10301,Staten Island,Richmond County,2026-03-31,2683.9733026052318
10301,Staten Island,Richmond County,2026-04-30,2641.0125034653843
10301,Staten Island,Richmond County,2026-05-31,2656.203469382078
10301,Staten Island,Richmond County,2026-06-30,2651.5838360070243
10301,Staten Island,Richmond County,2026-07-31,2706.2000000000003
11105,Queens,Queens County,2020-05-31,2139.9045161999206
11105,Queens,Queens County,2020-06-30,2125.4836531292867
11105,Queens,Queens County,2020-07-31,2156.036228692022
11105,Queens,Queens County,2020-08-31,2131.8523686326603
11105,Queens,Queens County,2020-09-30,2135.7217755516067
11105,Queens,Queens County,2020-10-31,2093.4212934536686
11105,Queens,Queens County,2020-11-30,2065.4487907704633
11105,Queens,Queens County,2020-12-31,2027.518175126172
11105,Queens,Queens County,2021-01-31,2023.809921368327
11105,Queens,Queens County,2021-02-28,2016.2516156274905
11105,Queens,Queens County,2021-03-31,2031.9354676155403
11105,Queens,Queens County,2021-04-30,2049.047338393249
11105,Queens,Queens County,2021-05-31,2065.888722022831
11105,Queens,Queens County,2021-06-30,2066.262969272085
11105,Queens,Queens County,2021-07-31,2091.017936764191
11105,Queens,Queens County,2021-08-31,2131.493668228213
11105,Queens,Queens County,2021-09-30,2145.0688084000217
11105,Queens,Queens County,2021-10-31,2129.9183442452345
11105,Queens,Queens County,2021-11-30,2110.1254853216565
11105,Queens,Queens County,2021-12-31,2168.1531120703703
11105,Queens,Queens County,2022-01-31,2210.0904500926445
11105,Queens,Queens County,2022-02-28,2251.1388962753617
11105,Queens,Queens County,2022-03-31,2237.240427606701
11105,Queens,Queens County,2022-04-30,2247.7739952215034
11105,Queens,Queens County,2022-05-31,2285.3059496943765
11105,Queens,Queens County,2022-06-30,2337.81957095143
11105,Queens,Queens County,2022-07-31,2383.044016626076
11105,Queens,Queens County,2022-08-31,2423.9698081654296
11105,Queens,Queens County,2022-09-30,2427.393157762645
11105,Queens,Queens County,2022-10-31,2433.191989922543
11105,Queens,Queens County,2022-11-30,2394.1507181729694
11105,Queens,Queens County,2022-12-31,2407.6065200783696
11105,Queens,Queens County,2023-01-31,2410.833095880829
11105,Queens,Queens County,2023-02-28,2444.520205216687
11105,Queens,Queens County,2023-03-31,2461.8969514681557
11105,Queens,Queens County,2023-04-30,2504.9518416074798
11105,Queens,Queens County,2023-05-31,2533.8105011770313
11105,Queens,Queens County,2023-06-30,2568.661981772051
11105,Queens,Queens County,2023-07-31,2599.4893107746416
11105,Queens,Queens County,2023-08-31,2629.281193129738
11105,Queens,Queens County,2023-09-30,2590.9416126066244
11105,Queens,Queens County,2023-10-31,2565.542661155407
11105,Queens,Queens County,2023-11-30,2540.9693530368804
11105,Queens,Queens County,2023-12-31,2554.999023516107
11105,Queens,Queens County,2024-01-31,2540.299350540432
11105,Queens,Queens County,2024-02-29,2579.0746456376173
11105,Queens,Queens County,2024-03-31,2622.2453848693854
11105,Queens,Queens County,2024-04-30,2655.2258437780156
11105,Queens,Queens County,2024-05-31,2662.6101461340195
11105,Queens,Queens County,2024-06-30,2649.97523016348
11105,Queens,Queens County,2024-07-31,2660.150935494949
11105,Queens,Queens County,2024-08-31,2656.331470986527
11105,Queens,Queens County,2024-09-30,2640.016704934082
11105,Queens,Queens County,2024-10-31,2618.123306802383
11105,Queens,Queens County,2024-11-30,2605.4622307711597
11105,Queens,Queens County,2024-12-31,2638.052966175902
11105,Queens,Queens County,2025-01-31,2688.781633210038
11105,Queens,Queens County,2025-02-28,2725.8967937965112
11105,Queens,Queens County,2025-03-31,2716.3557529960894
11105,Queens,Queens County,2025-04-30,2709.333060044198
11105,Queens,Queens County,2025-05-31,2717.4586070816126
11105,Queens,Queens County,2025-06-30,2758.0636053119756
11105,Queens,Queens County,2025-07-31,2813.488227529708
11105,Queens,Queens County,2025-08-31,2863.4969026863837
11105,Queens,Queens County,2025-09-30,2879.653368346392
11105,Queens,Queens County,2025-10-31,2849.4800806449293
11105,Queens,Queens County,2025-11-30,2877.683031944644
11105,Queens,Queens County,2025-12-31,2849.543742960223
11105,Queens,Queens County,2026-01-31,2858.908384309877
11105,Queens,Queens County,2026-02-28,2843.9499309003395
11105,Queens,Queens County,2026-03-31,2899.186418425972
11105,Queens,Queens County,2026-04-30,2967.1568588969735
11105,Queens,Queens County,2026-05-31,2974.4895659799695
11105,Queens,Queens County,2026-06-30,3021.297314936393
11105,Queens,Queens County,2026-07-31,3054.0148148148146
11364,Queens,Queens County,2024-01-31,2450.089435210466
11364,Queens,Queens County,2024-02-29,2484.2238919201823
11364,Queens,Queens County,2024-03-31,2422.3881654319375
11364,Queens,Queens County,2024-04-30,2443.710745222876
11364,Queens,Queens County,2024-05-31,2466.887096876982
11364,Queens,Queens County,2024-06-30,2517.635213432809
11364,Queens,Queens County,2024-07-31,2602.9568779644896
11364,Queens,Queens County,2024-08-31,2595.1139018291174
11364,Queens,Queens County,2024-09-30,2647.6519260997193
11364,Queens,Queens County,2024-10-31,2583.216266578594
11364,Queens,Queens County,2024-11-30,2699.410687607479
11364,Queens,Queens County,2024-12-31,2704.521683026876
11364,Queens,Queens County,2025-01-31,2741.666973885077
11364,Queens,Queens County,2025-02-28,2630.6705283881124
11364,Queens,Queens County,2025-03-31,2624.1448850979014
11364,Queens,Queens County,2025-04-30,2576.2371753065036
11364,Queens,Queens County,2025-05-31,2577.013505311165
11364,Queens,Queens County,2025-06-30,2633.7724963473242
11364,Queens,Queens County,2025-07-31,2757.967405520446
11364,Queens,Queens County,2025-08-31,2789.6803837107336
11364,Queens,Queens County,2025-09-30,2783.2008804652723
11364,Queens,Queens County,2025-10-31,2760.3442522337787
11364,Queens,Queens County,2025-11-30,2795.4149168404824
11364,Queens,Queens County,2025-12-31,2893.8206283048366
11364,Queens,Queens County,2026-01-31,2874.1974914637935
11364,Queens,Queens County,2026-02-28,2915.8288604710533
11364,Queens,Queens County,2026-03-31,2809.58641028699
11364,Queens,Queens County,2026-04-30,2861.0939302203765
11364,Queens,Queens County,2026-05-31,2885.6737226128716
11364,Queens,Queens County,2026-06-30,2895.3942020794393
11364,Queens,Queens County,2026-07-31,2838.082828282828
11106,Queens,Queens County,2015-01-31,2070.024778665097
11106,Queens,Queens County,2015-04-30,2054.274350894528
11106,Queens,Queens County,2015-05-31,2140.300679872505
11106,Queens,Queens County,2015-06-30,2122.1615588611958
11106,Queens,Queens County,2015-07-31,2175.8990005395867
11106,Queens,Queens County,2015-08-31,2183.871986150437
11106,Queens,Queens County,2015-09-30,2174.4354160713274
11106,Queens,Queens County,2015-10-31,2198.850107298564
11106,Queens,Queens County,2015-12-31,2212.5244051694217
11106,Queens,Queens County,2016-01-31,2204.687443541726
11106,Queens,Queens County,2016-02-29,2249.445009584222
11106,Queens,Queens County,2016-03-31,2221.11066781615
11106,Queens,Queens County,2016-04-30,2244.410979528092
11106,Queens,Queens County,2016-05-31,2208.102934985856
11106,Queens,Queens County,2016-06-30,2268.3465254533944
11106,Queens,Queens County,2016-07-31,2282.1703159127173
11106,Queens,Queens County,2016-08-31,2325.8939946555415
11106,Queens,Queens County,2016-09-30,2297.469521996982
11106,Queens,Queens County,2016-10-31,2280.7015987605187
11106,Queens,Queens County,2016-11-30,2291.4927646825317
11106,Queens,Queens County,2016-12-31,2278.623058916974
11106,Queens,Queens County,2017-01-31,2286.2168944805417
11106,Queens,Queens County,2017-02-28,2237.7552348687877
11106,Queens,Queens County,2017-03-31,2231.390733968603
11106,Queens,Queens County,2017-04-30,2224.307444889013
11106,Queens,Queens County,2017-05-31,2278.763819815437
11106,Queens,Queens County,2017-06-30,2316.3721509120023
11106,Queens,Queens County,2017-07-31,2330.964161175088
11106,Queens,Queens County,2017-08-31,2303.469314526201
11106,Queens,Queens County,2017-09-30,2313.5121709262185
11106,Queens,Queens County,2017-10-31,2304.352043516039
11106,Queens,Queens County,2017-11-30,2278.690045075988
11106,Queens,Queens County,2017-12-31,2230.8288195175405
11106,Queens,Queens County,2018-01-31,2230.528015723687
11106,Queens,Queens County,2018-02-28,2218.2207410790434
11106,Queens,Queens County,2018-03-31,2230.355946007782
11106,Queens,Queens County,2018-04-30,2226.3914764598253
11106,Queens,Queens County,2018-05-31,2277.399963408388
11106,Queens,Queens County,2018-06-30,2311.1334786234092
11106,Queens,Queens County,2018-07-31,2335.1964664017323
11106,Queens,Queens County,2018-08-31,2339.9334940590884
11106,Queens,Queens County,2018-09-30,2344.5337533239303
11106,Queens,Queens County,2018-10-31,2337.38895693841
11106,Queens,Queens County,2018-11-30,2313.556223613289
11106,Queens,Queens County,2018-12-31,2308.628533792276
11106,Queens,Queens County,2019-01-31,2272.3854716276733
11106,Queens,Queens County,2019-02-28,2286.392784969294
11106,Queens,Queens County,2019-03-31,2273.9460263542474
11106,Queens,Queens County,2019-04-30,2309.882485461679
11106,Queens,Queens County,2019-05-31,2339.427783390161
11106,Queens,Queens County,2019-06-30,2393.831573225815
11106,Queens,Queens County,2019-07-31,2429.095704739549
11106,Queens,Queens County,2019-08-31,2428.128176545967
11106,Queens,Queens County,2019-09-30,2394.0450078479575
11106,Queens,Queens County,2019-10-31,2431.86042114271
11106,Queens,Queens County,2019-11-30,2442.679711013999
11106,Queens,Queens County,2019-12-31,2452.6656077185003
11106,Queens,Queens County,2020-01-31,2413.2438723739588
11106,Queens,Queens County,2020-02-29,2437.6833035758136
11106,Queens,Queens County,2020-03-31,2463.383131511625
11106,Queens,Queens County,2020-04-30,2463.960292957837
11106,Queens,Queens County,2020-05-31,2440.701649021496
11106,Queens,Queens County,2020-06-30,2417.5729589419966
11106,Queens,Queens County,2020-07-31,2400.843077842087
11106,Queens,Queens County,2020-08-31,2361.3359123083574
11106,Queens,Queens County,2020-09-30,2306.3082375854524
11106,Queens,Queens County,2020-10-31,2265.5795508206543
11106,Queens,Queens County,2020-11-30,2241.1866189491675
11106,Queens,Queens County,2020-12-31,2222.1641777001596
11106,Queens,Queens County,2021-01-31,2206.7274928741936
11106,Queens,Queens County,2021-02-28,2222.916414220662
11106,Queens,Queens County,2021-03-31,2222.1618574645204
11106,Queens,Queens County,2021-04-30,2229.685030755644
11106,Queens,Queens County,2021-05-31,2224.3144427626357
11106,Queens,Queens County,2021-06-30,2251.6544344692843
11106,Queens,Queens County,2021-07-31,2289.5363958469643
11106,Queens,Queens County,2021-08-31,2328.9251971614813
11106,Queens,Queens County,2021-09-30,2370.8042916646464
11106,Queens,Queens County,2021-10-31,2426.815199111612
11106,Queens,Queens County,2021-11-30,2433.3770460927467
11106,Queens,Queens County,2021-12-31,2454.130892433552
11106,Queens,Queens County,2022-01-31,2438.491730333232
11106,Queens,Queens County,2022-02-28,2482.6454362483582
11106,Queens,Queens County,2022-03-31,2491.057526572745
11106,Queens,Queens County,2022-04-30,2504.830468321026
11106,Queens,Queens County,2022-05-31,2519.9751652702817
11106,Queens,Queens County,2022-06-30,2568.987737717733
11106,Queens,Queens County,2022-07-31,2628.5712080872922
11106,Queens,Queens County,2022-08-31,2681.5957829584136
11106,Queens,Queens County,2022-09-30,2706.8316745201105
11106,Queens,Queens County,2022-10-31,2743.3068648727335
11106,Queens,Queens County,2022-11-30,2743.4027004954382
11106,Queens,Queens County,2022-12-31,2727.0694645026374
11106,Queens,Queens County,2023-01-31,2674.236361492721
11106,Queens,Queens County,2023-02-28,2681.3650675365348
11106,Queens,Queens County,2023-03-31,2713.6028115637714
11106,Queens,Queens County,2023-04-30,2758.200750481919
11106,Queens,Queens County,2023-05-31,2765.0439613341464
11106,Queens,Queens County,2023-06-30,2795.7517807923587
11106,Queens,Queens County,2023-07-31,2840.8449323924438
11106,Queens,Queens County,2023-08-31,2861.2249042827857
11106,Queens,Queens County,2023-09-30,2861.7443947575885
11106,Queens,Queens County,2023-10-31,2853.676618097947
11106,Queens,Queens County,2023-11-30,2834.3352925915733
11106,Queens,Queens County,2023-12-31,2834.0297539177077
11106,Queens,Queens County,2024-01-31,2781.305527116683
11106,Queens,Queens County,2024-02-29,2814.7221622330876
11106,Queens,Queens County,2024-03-31,2820.7921096275704
11106,Queens,Queens County,2024-04-30,2870.318994333606
11106,Queens,Queens County,2024-05-31,2862.1851615189526
11106,Queens,Queens County,2024-06-30,2874.5942539614202
11106,Queens,Queens County,2024-07-31,2893.781076661965
11106,Queens,Queens County,2024-08-31,2915.062373687021
11106,Queens,Queens County,2024-09-30,2884.1750881059615
11106,Queens,Queens County,2024-10-31,2901.6865324019186
11106,Queens,Queens County,2024-11-30,2873.106255888475
11106,Queens,Queens County,2024-12-31,2872.352982016809
11106,Queens,Queens County,2025-01-31,2844.295765663748
11106,Queens,Queens County,2025-02-28,2877.5229208768915
11106,Queens,Queens County,2025-03-31,2922.8525293731786
11106,Queens,Queens County,2025-04-30,2954.7931806052857
11106,Queens,Queens County,2025-05-31,2975.8640557633985
11106,Queens,Queens County,2025-06-30,3015.5122926298404
11106,Queens,Queens County,2025-07-31,3047.283681079566
11106,Queens,Queens County,2025-08-31,3120.92922474834
11106,Queens,Queens County,2025-09-30,3147.076643152463
11106,Queens,Queens County,2025-10-31,3144.8218796611022
11106,Queens,Queens County,2025-11-30,3148.329782064774
11106,Queens,Queens County,2025-12-31,3105.118112236957
11106,Queens,Queens County,2026-01-31,3125.0159440765624
11106,Queens,Queens County,2026-02-28,3086.655420022978
11106,Queens,Queens County,2026-03-31,3137.434079558168
11106,Queens,Queens County,2026-04-30,3111.74648214193
11106,Queens,Queens County,2026-05-31,3110.0839695472723
11106,Queens,Queens County,2026-06-30,3116.322722916644
11106,Queens,Queens County,2026-07-31,3144.2244856592683
11358,Queens,Queens County,2021-12-31,1834.5393400546695
11358,Queens,Queens County,2022-01-31,1844.2395452614269
11358,Queens,Queens County,2022-02-28,1819.1605454769117
11358,Queens,Queens County,2022-03-31,1883.862952828427
11358,Queens,Queens County,2022-04-30,1933.146105236312
11358,Queens,Queens County,2022-05-31,1977.68007402138
11358,Queens,Queens County,2022-06-30,2039.0571280338156
11358,Queens,Queens County,2022-07-31,2065.262557422044
11358,Queens,Queens County,2022-08-31,2072.446321455498
11358,Queens,Queens County,2022-09-30,2096.713110580222
11358,Queens,Queens County,2022-10-31,2111.0532926457163
11358,Queens,Queens County,2022-11-30,2160.9324242609396
11358,Queens,Queens County,2022-12-31,2143.8480795076025
11358,Queens,Queens County,2023-01-31,2099.531208639739
11358,Queens,Queens County,2023-02-28,2079.3301639303677
11358,Queens,Queens County,2023-03-31,2058.7029661410716
11358,Queens,Queens County,2023-04-30,2115.654628941959
11358,Queens,Queens County,2023-05-31,2164.806705198339
11358,Queens,Queens County,2023-06-30,2203.159110919574
11358,Queens,Queens County,2023-07-31,2200.437442728945
11358,Queens,Queens County,2023-08-31,2151.933335417926
11358,Queens,Queens County,2023-09-30,2185.9192734170065
11358,Queens,Queens County,2023-10-31,2205.7500640970916
11358,Queens,Queens County,2023-11-30,2262.790731784257
11358,Queens,Queens County,2023-12-31,2228.580618922083
11358,Queens,Queens County,2024-01-31,2270.0140145061587
11358,Queens,Queens County,2024-02-29,2312.6525510501624
11358,Queens,Queens County,2024-03-31,2336.1972590483056
11358,Queens,Queens County,2024-04-30,2292.175639442963
11358,Queens,Queens County,2024-05-31,2309.28151152918
11358,Queens,Queens County,2024-06-30,2366.928810258651
11358,Queens,Queens County,2024-07-31,2425.9454951818016
11358,Queens,Queens County,2024-08-31,2399.301040250922
11358,Queens,Queens County,2024-09-30,2375.7350226976587
11358,Queens,Queens County,2024-10-31,2339.5778639638465
11358,Queens,Queens County,2024-11-30,2381.5297413327744
11358,Queens,Queens County,2024-12-31,2428.5351305537306
11358,Queens,Queens County,2025-01-31,2461.468398025443
11358,Queens,Queens County,2025-02-28,2400.6365245911093
11358,Queens,Queens County,2025-03-31,2366.16923613825
11358,Queens,Queens County,2025-04-30,2381.4423864856753
11358,Queens,Queens County,2025-05-31,2394.3957797955636
11358,Queens,Queens County,2025-06-30,2464.2648449689445
11358,Queens,Queens County,2025-07-31,2488.014281954505
11358,Queens,Queens County,2025-08-31,2595.624245277316
11358,Queens,Queens County,2025-09-30,2621.4058771673335
11358,Queens,Queens County,2025-10-31,2601.0627815372186
11358,Queens,Queens County,2025-11-30,2528.4282216039283
11358,Queens,Queens County,2025-12-31,2532.859089390243
11358,Queens,Queens County,2026-01-31,2618.535917139105
11358,Queens,Queens County,2026-02-28,2647.3453039222936
11358,Queens,Queens County,2026-03-31,2635.2068197036742
11358,Queens,Queens County,2026-04-30,2549.920075940045
11358,Queens,Queens County,2026-05-31,2591.655914516652
11358,Queens,Queens County,2026-06-30,2584.6337968761914
11358,Queens,Queens County,2026-07-31,2690.9333333333334
10026,Manhattan,New York County,2015-01-31,2463.3074567951016
10026,Manhattan,New York County,2015-02-28,2449.308441593875
10026,Manhattan,New York County,2015-03-31,2482.776721741636
10026,Manhattan,New York County,2015-04-30,2506.2086052200116
10026,Manhattan,New York County,2015-05-31,2532.3890704545843
10026,Manhattan,New York County,2015-06-30,2543.357391671776
10026,Manhattan,New York County,2015-07-31,2572.1792954299426
10026,Manhattan,New York County,2015-08-31,2576.2960178236885
10026,Manhattan,New York County,2015-09-30,2578.7595367567783
10026,Manhattan,New York County,2015-10-31,2610.7484520363646
10026,Manhattan,New York County,2015-11-30,2622.460895991857
10026,Manhattan,New York County,2015-12-31,2608.4018891857518
10026,Manhattan,New York County,2016-01-31,2568.398092839386
10026,Manhattan,New York County,2016-02-29,2604.531150988321
10026,Manhattan,New York County,2016-03-31,2610.0971690690108
10026,Manhattan,New York County,2016-04-30,2624.799196254508
10026,Manhattan,New York County,2016-05-31,2608.055891838945
10026,Manhattan,New York County,2016-06-30,2656.9855126857797
10026,Manhattan,New York County,2016-07-31,2703.100860904801
10026,Manhattan,New York County,2016-08-31,2725.4239293669125
10026,Manhattan,New York County,2016-09-30,2698.5780319518394
10026,Manhattan,New York County,2016-10-31,2655.5756414593616
10026,Manhattan,New York County,2016-11-30,2601.7277665141837
10026,Manhattan,New York County,2016-12-31,2607.2290125230916
10026,Manhattan,New York County,2017-01-31,2627.620091227281
10026,Manhattan,New York County,2017-02-28,2664.909104841902
10026,Manhattan,New York County,2017-03-31,2648.9920749294656
10026,Manhattan,New York County,2017-04-30,2640.6394982588095
10026,Manhattan,New York County,2017-05-31,2650.6531868742773
10026,Manhattan,New York County,2017-06-30,2692.8524682730326
10026,Manhattan,New York County,2017-07-31,2735.366278356401
10026,Manhattan,New York County,2017-08-31,2761.9279498695396
10026,Manhattan,New York County,2017-09-30,2733.8057737948416
10026,Manhattan,New York County,2017-10-31,2695.30952765972
10026,Manhattan,New York County,2017-11-30,2649.75201899125
10026,Manhattan,New York County,2017-12-31,2629.6085488065364
10026,Manhattan,New York County,2018-01-31,2687.3681885450433
10026,Manhattan,New York County,2018-02-28,2717.019395811944
10026,Manhattan,New York County,2018-03-31,2764.252569416847
10026,Manhattan,New York County,2018-04-30,2723.760082562232
10026,Manhattan,New York County,2018-05-31,2732.339681803892
10026,Manhattan,New York County,2018-06-30,2748.228238416699
10026,Manhattan,New York County,2018-07-31,2762.8431609631425
10026,Manhattan,New York County,2018-08-31,2791.5857913171485
10026,Manhattan,New York County,2018-09-30,2791.0610740325224
10026,Manhattan,New York County,2018-10-31,2764.340362882535
10026,Manhattan,New York County,2018-11-30,2709.9461355785934
10026,Manhattan,New York County,2018-12-31,2677.3282771380273
10026,Manhattan,New York County,2019-01-31,2731.43409885852
10026,Manhattan,New York County,2019-02-28,2756.318689626582
10026,Manhattan,New York County,2019-03-31,2793.7223566842745
10026,Manhattan,New York County,2019-04-30,2766.3241146982386
10026,Manhattan,New York County,2019-05-31,2791.6955802151188
10026,Manhattan,New York County,2019-06-30,2821.294462430599
10026,Manhattan,New York County,2019-07-31,2847.8232774049047
10026,Manhattan,New York County,2019-08-31,2870.4359826799737
10026,Manhattan,New York County,2019-09-30,2842.2255787306312
10026,Manhattan,New York County,2019-10-31,2833.1865646796978
10026,Manhattan,New York County,2019-11-30,2783.223542368241
10026,Manhattan,New York County,2019-12-31,2766.183553273824
10026,Manhattan,New York County,2020-01-31,2746.847114113518
10026,Manhattan,New York County,2020-02-29,2762.5406819458353
10026,Manhattan,New York County,2020-03-31,2786.0481562147825
10026,Manhattan,New York County,2020-04-30,2793.727758532078
10026,Manhattan,New York County,2020-05-31,2789.1068590627615
10026,Manhattan,New York County,2020-06-30,2777.078837952345
10026,Manhattan,New York County,2020-07-31,2741.624695091284
10026,Manhattan,New York County,2020-08-31,2691.761696611584
10026,Manhattan,New York County,2020-09-30,2632.779949407292
10026,Manhattan,New York County,2020-10-31,2493.233228673573
10026,Manhattan,New York County,2020-11-30,2411.2209462677965
10026,Manhattan,New York County,2020-12-31,2353.622925152304
10026,Manhattan,New York County,2021-01-31,2412.7874902991753
10026,Manhattan,New York County,2021-02-28,2444.632457423191
10026,Manhattan,New York County,2021-03-31,2480.129942833625
10026,Manhattan,New York County,2021-04-30,2505.658516506524
10026,Manhattan,New York County,2021-05-31,2585.332850132577
10026,Manhattan,New York County,2021-06-30,2657.3898518217593
10026,Manhattan,New York County,2021-07-31,2707.222553658962
10026,Manhattan,New York County,2021-08-31,2721.5449866126896
10026,Manhattan,New York County,2021-09-30,2738.3056070401826
10026,Manhattan,New York County,2021-10-31,2765.548424977102
10026,Manhattan,New York County,2021-11-30,2771.244147486647
10026,Manhattan,New York County,2021-12-31,2793.14401146465
10026,Manhattan,New York County,2022-01-31,2821.4608497617364
10026,Manhattan,New York County,2022-02-28,2842.1864483794566
10026,Manhattan,New York County,2022-03-31,2889.1523010292303
10026,Manhattan,New York County,2022-04-30,2932.988661010505
10026,Manhattan,New York County,2022-05-31,3013.9547092817525
10026,Manhattan,New York County,2022-06-30,3049.7335637504652
10026,Manhattan,New York County,2022-07-31,3103.6861105243397
10026,Manhattan,New York County,2022-08-31,3151.033884482794
10026,Manhattan,New York County,2022-09-30,3169.583508227175
10026,Manhattan,New York County,2022-10-31,3152.464026978862
10026,Manhattan,New York County,2022-11-30,3108.8727333958
10026,Manhattan,New York County,2022-12-31,3084.403392534976
10026,Manhattan,New York County,2023-01-31,3087.323647460122
10026,Manhattan,New York County,2023-02-28,3096.2416874308587
10026,Manhattan,New York County,2023-03-31,3104.285053223217
10026,Manhattan,New York County,2023-04-30,3135.6950336862446
10026,Manhattan,New York County,2023-05-31,3194.5211838770992
10026,Manhattan,New York County,2023-06-30,3259.81059744031
10026,Manhattan,New York County,2023-07-31,3282.596712245204
10026,Manhattan,New York County,2023-08-31,3277.5553918490937
10026,Manhattan,New York County,2023-09-30,3248.9625898556337
10026,Manhattan,New York County,2023-10-31,3199.9420398821044
10026,Manhattan,New York County,2023-11-30,3150.6089178900393
10026,Manhattan,New York County,2023-12-31,3041.5997349734175
10026,Manhattan,New York County,2024-01-31,3040.043734052856
10026,Manhattan,New York County,2024-02-29,3127.5563655706446
10026,Manhattan,New York County,2024-03-31,3262.4946377295537
10026,Manhattan,New York County,2024-04-30,3348.7003795134747
10026,Manhattan,New York County,2024-05-31,3318.913676412609
10026,Manhattan,New York County,2024-06-30,3380.6101361204883
10026,Manhattan,New York County,2024-07-31,3386.419970763291
10026,Manhattan,New York County,2024-08-31,3436.980324848535
10026,Manhattan,New York County,2024-09-30,3371.0956333231093
10026,Manhattan,New York County,2024-10-31,3374.0985970937145
10026,Manhattan,New York County,2024-11-30,3323.7508216376373
10026,Manhattan,New York County,2024-12-31,3298.127646708838
10026,Manhattan,New York County,2025-01-31,3267.891952177262
10026,Manhattan,New York County,2025-02-28,3317.900668817064
10026,Manhattan,New York County,2025-03-31,3423.079517753834
10026,Manhattan,New York County,2025-04-30,3487.5325632217014
10026,Manhattan,New York County,2025-05-31,3516.1385689473314
10026,Manhattan,New York County,2025-06-30,3523.0917633909157
10026,Manhattan,New York County,2025-07-31,3580.223465704092
10026,Manhattan,New York County,2025-08-31,3619.1442023966147
10026,Manhattan,New York County,2025-09-30,3643.901383080159
10026,Manhattan,New York County,2025-10-31,3600.778863027989
10026,Manhattan,New York County,2025-11-30,3522.244884318725
10026,Manhattan,New York County,2025-12-31,3453.3655192151227
10026,Manhattan,New York County,2026-01-31,3454.5520723897685
10026,Manhattan,New York County,2026-02-28,3464.2259689230555
10026,Manhattan,New York County,2026-03-31,3505.334118841488
10026,Manhattan,New York County,2026-04-30,3597.11713674508
10026,Manhattan,New York County,2026-05-31,3691.050241291359
10026,Manhattan,New York County,2026-06-30,3782.225149614631
10026,Manhattan,New York County,2026-07-31,3773.536507936508
11418,Queens,Queens County,2024-06-30,2303.9040340522943
11418,Queens,Queens County,2024-07-31,2395.1361181948155
11418,Queens,Queens County,2024-08-31,2366.905584759952
11418,Queens,Queens County,2024-09-30,2393.073136437086
11418,Queens,Queens County,2024-10-31,2399.2275830847457
11418,Queens,Queens County,2024-11-30,2456.9592737209246
11418,Queens,Queens County,2024-12-31,2478.868224522686
11418,Queens,Queens County,2025-01-31,2610.2057263787347
11418,Queens,Queens County,2025-02-28,2595.968165583707
11418,Queens,Queens County,2025-03-31,2585.188695727365
11418,Queens,Queens County,2025-04-30,2526.6430478132247
11418,Queens,Queens County,2025-05-31,2564.7070837560345
11418,Queens,Queens County,2025-06-30,2602.142285343284
11418,Queens,Queens County,2025-07-31,2635.5054485003557
11418,Queens,Queens County,2025-08-31,2671.0902485799525
11418,Queens,Queens County,2025-09-30,2630.1445852973816
11418,Queens,Queens County,2025-10-31,2648.9533941868276
11418,Queens,Queens County,2025-11-30,2776.871814486599
11418,Queens,Queens County,2025-12-31,2947.981638238963
11418,Queens,Queens County,2026-01-31,2913.749441618642
11418,Queens,Queens County,2026-02-28,2827.0145668231844
11418,Queens,Queens County,2026-03-31,2710.352921933369
11418,Queens,Queens County,2026-04-30,2645.8404783024375
11418,Queens,Queens County,2026-05-31,2621.385407810685
11418,Queens,Queens County,2026-06-30,2704.7286273302043
11418,Queens,Queens County,2026-07-31,2825.0
10035,Manhattan,New York County,2015-01-31,2021.3670921380126
10035,Manhattan,New York County,2015-02-28,2084.992837490702
10035,Manhattan,New York County,2015-03-31,2164.380015145631
10035,Manhattan,New York County,2015-04-30,2199.046335219302
10035,Manhattan,New York County,2015-05-31,2200.766075794512
10035,Manhattan,New York County,2015-06-30,2239.3738576934043
10035,Manhattan,New York County,2015-07-31,2264.1652057064593
10035,Manhattan,New York County,2015-08-31,2248.230551692099
10035,Manhattan,New York County,2015-09-30,2295.6115682240243
10035,Manhattan,New York County,2015-10-31,2301.4445817162905
10035,Manhattan,New York County,2015-11-30,2293.3120984796965
10035,Manhattan,New York County,2015-12-31,2252.080467354197
10035,Manhattan,New York County,2016-01-31,2235.3181767816695
10035,Manhattan,New York County,2016-02-29,2222.1162431557073
10035,Manhattan,New York County,2016-03-31,2212.2011894165394
10035,Manhattan,New York County,2016-04-30,2235.866963346764
10035,Manhattan,New York County,2016-05-31,2268.705079220983
10035,Manhattan,New York County,2016-06-30,2294.3466925607163
10035,Manhattan,New York County,2016-07-31,2299.906815759956
10035,Manhattan,New York County,2016-08-31,2329.702892309469
10035,Manhattan,New York County,2016-09-30,2335.442945826473
10035,Manhattan,New York County,2016-10-31,2341.4974615064893
10035,Manhattan,New York County,2016-11-30,2321.5948400380385
10035,Manhattan,New York County,2016-12-31,2337.3092398199324
10035,Manhattan,New York County,2017-01-31,2332.333938345108
10035,Manhattan,New York County,2017-02-28,2345.3769901601604
10035,Manhattan,New York County,2017-03-31,2345.7561479994456
10035,Manhattan,New York County,2017-04-30,2334.4586489363414
10035,Manhattan,New York County,2017-05-31,2350.941990586319
10035,Manhattan,New York County,2017-06-30,2377.1608561246308
10035,Manhattan,New York County,2017-07-31,2428.9777201336747
10035,Manhattan,New York County,2017-08-31,2451.186925287977
10035,Manhattan,New York County,2017-09-30,2435.632482982448
10035,Manhattan,New York County,2017-10-31,2439.2234869270897
10035,Manhattan,New York County,2017-11-30,2411.7586317188534
10035,Manhattan,New York County,2017-12-31,2424.597954404146
10035,Manhattan,New York County,2018-01-31,2397.9267498284717
10035,Manhattan,New York County,2018-02-28,2372.702200919421
10035,Manhattan,New York County,2018-03-31,2367.4828237969823
10035,Manhattan,New York County,2018-04-30,2373.5481332918384
10035,Manhattan,New York County,2018-05-31,2421.644891763384
10035,Manhattan,New York County,2018-06-30,2417.8897292556453
10035,Manhattan,New York County,2018-07-31,2462.3155379178174
10035,Manhattan,New York County,2018-08-31,2481.4648973760036
10035,Manhattan,New York County,2018-09-30,2506.805212963272
10035,Manhattan,New York County,2018-10-31,2481.678434452069
10035,Manhattan,New York County,2018-11-30,2449.658308233142
10035,Manhattan,New York County,2018-12-31,2441.2483314237757
10035,Manhattan,New York County,2019-01-31,2436.196762616642
10035,Manhattan,New York County,2019-02-28,2453.8609881341963
10035,Manhattan,New York County,2019-03-31,2481.077486281189
10035,Manhattan,New York County,2019-04-30,2509.6233356884777
10035,Manhattan,New York County,2019-05-31,2526.0890173016965
10035,Manhattan,New York County,2019-06-30,2506.043804933239
10035,Manhattan,New York County,2019-07-31,2519.9223278063578
10035,Manhattan,New York County,2019-08-31,2528.4588105533576
10035,Manhattan,New York County,2019-09-30,2538.3404218654023
10035,Manhattan,New York County,2019-10-31,2558.412414028096
10035,Manhattan,New York County,2019-11-30,2546.2720171729998
10035,Manhattan,New York County,2019-12-31,2550.8478968103414
10035,Manhattan,New York County,2020-01-31,2514.808081602688
10035,Manhattan,New York County,2020-02-29,2534.891470261512
10035,Manhattan,New York County,2020-03-31,2519.2146341232424
10035,Manhattan,New York County,2020-04-30,2506.1461191925277
10035,Manhattan,New York County,2020-05-31,2512.8347003616072
10035,Manhattan,New York County,2020-06-30,2521.731617964339
10035,Manhattan,New York County,2020-07-31,2507.54964289592
10035,Manhattan,New York County,2020-08-31,2435.3911903013623
10035,Manhattan,New York County,2020-09-30,2402.745554635999
10035,Manhattan,New York County,2020-10-31,2350.8748682903783
10035,Manhattan,New York County,2020-11-30,2319.5292812487637
10035,Manhattan,New York County,2020-12-31,2266.657375395734
10035,Manhattan,New York County,2021-01-31,2268.3281283507295
10035,Manhattan,New York County,2021-02-28,2281.4644420623385
10035,Manhattan,New York County,2021-03-31,2311.727632021385
10035,Manhattan,New York County,2021-04-30,2352.6138333512663
10035,Manhattan,New York County,2021-05-31,2384.9012904166098
10035,Manhattan,New York County,2021-06-30,2425.9242551523644
10035,Manhattan,New York County,2021-07-31,2450.7383197280833
10035,Manhattan,New York County,2021-08-31,2458.159981624318
10035,Manhattan,New York County,2021-09-30,2455.480437367327
10035,Manhattan,New York County,2021-10-31,2452.6577708870464
10035,Manhattan,New York County,2021-11-30,2463.5621140225803
10035,Manhattan,New York County,2021-12-31,2452.7120627424847
10035,Manhattan,New York County,2022-01-31,2463.554061047969
10035,Manhattan,New York County,2022-02-28,2527.6266350639753
10035,Manhattan,New York County,2022-03-31,2601.2873040484587
10035,Manhattan,New York County,2022-04-30,2640.89322960711
10035,Manhattan,New York County,2022-05-31,2657.4404094463616
10035,Manhattan,New York County,2022-06-30,2712.9444908748114
10035,Manhattan,New York County,2022-07-31,2760.3031569707255
10035,Manhattan,New York County,2022-08-31,2786.076870095303
10035,Manhattan,New York County,2022-09-30,2802.413564144797
10035,Manhattan,New York County,2022-10-31,2833.11914266508
10035,Manhattan,New York County,2022-11-30,2820.828092641678
10035,Manhattan,New York County,2022-12-31,2794.4570054765654
10035,Manhattan,New York County,2023-01-31,2726.8755536646077
10035,Manhattan,New York County,2023-02-28,2741.1266416217386
10035,Manhattan,New York County,2023-03-31,2781.0931613478665
10035,Manhattan,New York County,2023-04-30,2885.796587451715
10035,Manhattan,New York County,2023-05-31,2901.2162371429727
10035,Manhattan,New York County,2023-06-30,2906.7592303133492
10035,Manhattan,New York County,2023-07-31,2884.421830902855
10035,Manhattan,New York County,2023-08-31,2902.487561074746
10035,Manhattan,New York County,2023-09-30,2879.928107427725
10035,Manhattan,New York County,2023-10-31,2866.958653074712
10035,Manhattan,New York County,2023-11-30,2821.2374824492977
10035,Manhattan,New York County,2023-12-31,2808.4073510514913
10035,Manhattan,New York County,2024-01-31,2769.0717967415253
10035,Manhattan,New York County,2024-02-29,2810.3627989098854
10035,Manhattan,New York County,2024-03-31,2841.481217917475
10035,Manhattan,New York County,2024-04-30,2886.6128452843673
10035,Manhattan,New York County,2024-05-31,2907.6354050169775
10035,Manhattan,New York County,2024-06-30,2924.6363431430004
10035,Manhattan,New York County,2024-07-31,2964.7529893904907
10035,Manhattan,New York County,2024-08-31,2968.363595013068
10035,Manhattan,New York County,2024-09-30,2950.745824463269
10035,Manhattan,New York County,2024-10-31,2899.952783830958
10035,Manhattan,New York County,2024-11-30,2955.0170218073135
10035,Manhattan,New York County,2024-12-31,2960.6065401182495
10035,Manhattan,New York County,2025-01-31,2971.346145634392
10035,Manhattan,New York County,2025-02-28,2921.669403839499
10035,Manhattan,New York County,2025-03-31,2952.4261747294204
10035,Manhattan,New York County,2025-04-30,3012.9921016434346
10035,Manhattan,New York County,2025-05-31,3029.51092855159
10035,Manhattan,New York County,2025-06-30,3061.137323435254
10035,Manhattan,New York County,2025-07-31,3066.0973685494896
10035,Manhattan,New York County,2025-08-31,3067.0338341579977
10035,Manhattan,New York County,2025-09-30,3053.6657909851174
10035,Manhattan,New York County,2025-10-31,3068.4699694158535
10035,Manhattan,New York County,2025-11-30,3058.849701756254
10035,Manhattan,New York County,2025-12-31,3074.933600305752
10035,Manhattan,New York County,2026-01-31,3094.255883635357
10035,Manhattan,New York County,2026-02-28,3096.4624266712244
10035,Manhattan,New York County,2026-03-31,3111.4300946370363
10035,Manhattan,New York County,2026-04-30,3161.158590608177
10035,Manhattan,New York County,2026-05-31,3229.6554298515475
10035,Manhattan,New York County,2026-06-30,3276.6421759794944
10035,Manhattan,New York County,2026-07-31,3256.139787972605
93245,Brooklyn,Kings County,2024-01-31,1896.8713426368631
93245,Brooklyn,Kings County,2024-02-29,1892.4531052860468
93245,Brooklyn,Kings County,2024-03-31,1906.835947303863
93245,Brooklyn,Kings County,2024-04-30,1941.787556843097
93245,Brooklyn,Kings County,2024-05-31,1950.4476696651973
93245,Brooklyn,Kings County,2024-06-30,1969.489825203735
93245,Brooklyn,Kings County,2024-07-31,1953.5623550760965
93245,Brooklyn,Kings County,2024-08-31,1967.9254149579745
93245,Brooklyn,Kings County,2024-09-30,1936.4510976393472
93245,Brooklyn,Kings County,2024-10-31,1939.101689441727
93245,Brooklyn,Kings County,2024-11-30,1918.841722364323
93245,Brooklyn,Kings County,2024-12-31,1928.5410538606868
93245,Brooklyn,Kings County,2025-01-31,1924.240697891614
93245,Brooklyn,Kings County,2025-02-28,1955.5393419210104
93245,Brooklyn,Kings County,2025-03-31,1988.6674857316518
93245,Brooklyn,Kings County,2025-04-30,1999.7899092319149
93245,Brooklyn,Kings County,2025-05-31,2005.6352446207095
93245,Brooklyn,Kings County,2025-06-30,1989.989075439801
93245,Brooklyn,Kings County,2025-07-31,2004.1866752127535
93245,Brooklyn,Kings County,2025-08-31,2012.8262891277973
93245,Brooklyn,Kings County,2025-09-30,2014.4573177401624
93245,Brooklyn,Kings County,2025-10-31,2005.714444480592
93245,Brooklyn,Kings County,2025-11-30,1989.8874584474445
93245,Brooklyn,Kings County,2025-12-31,1990.7087586471387
93245,Brooklyn,Kings County,2026-01-31,2015.530137707406
93245,Brooklyn,Kings County,2026-02-28,2029.4104243358395
93245,Brooklyn,Kings County,2026-03-31,2058.2370115448634
93245,Brooklyn,Kings County,2026-04-30,2067.0935566908834
93245,Brooklyn,Kings County,2026-05-31,2091.9061751118375
93245,Brooklyn,Kings County,2026-06-30,2075.733810485884
93245,Brooklyn,Kings County,2026-07-31,2067.5
10309,Staten Island,Richmond County,2025-01-31,1663.738101350901
10309,Staten Island,Richmond County,2025-02-28,1644.5468193953866
10309,Staten Island,Richmond County,2025-03-31,1661.5325557151548
10309,Staten Island,Richmond County,2025-04-30,1757.017292126316
10309,Staten Island,Richmond County,2025-05-31,1833.7337746356732
10309,Staten Island,Richmond County,2025-06-30,1806.91891839114
10309,Staten Island,Richmond County,2025-07-31,1829.3259123141343
10309,Staten Island,Richmond County,2025-08-31,1811.5747213791778
10309,Staten Island,Richmond County,2025-09-30,1875.6977919914036
10309,Staten Island,Richmond County,2025-10-31,1828.7521535969013
10309,Staten Island,Richmond County,2025-11-30,1832.0123429859575
10309,Staten Island,Richmond County,2025-12-31,1716.247091695222
10309,Staten Island,Richmond County,2026-01-31,1818.8516213279486
10309,Staten Island,Richmond County,2026-02-28,1827.9098733868973
10309,Staten Island,Richmond County,2026-03-31,1985.950166245753
10309,Staten Island,Richmond County,2026-04-30,1978.7340743902062
10309,Staten Island,Richmond County,2026-05-31,2025.642523901722
10309,Staten Island,Richmond County,2026-06-30,2031.0402833461628
10309,Staten Island,Richmond County,2026-07-31,2013.8888888888887
11101,Queens,Queens County,2015-01-31,2884.7453454750366
11101,Queens,Queens County,2015-02-28,2914.847329382754
11101,Queens,Queens County,2015-03-31,2921.4265332203076
11101,Queens,Queens County,2015-04-30,2944.678703862418
11101,Queens,Queens County,2015-05-31,2917.8276754570716
11101,Queens,Queens County,2015-06-30,2891.489040053508
11101,Queens,Queens County,2015-07-31,2897.1095128764123
11101,Queens,Queens County,2015-08-31,2947.118545967944
11101,Queens,Queens County,2015-09-30,2994.5091284470973
11101,Queens,Queens County,2015-10-31,3028.5584568690388
11101,Queens,Queens County,2015-11-30,3037.951085787042
11101,Queens,Queens County,2015-12-31,3042.6886634947664
11101,Queens,Queens County,2016-01-31,3023.564199776621
11101,Queens,Queens County,2016-02-29,3000.827169476059
11101,Queens,Queens County,2016-03-31,3014.539915503614
11101,Queens,Queens County,2016-04-30,3001.8569864837064
11101,Queens,Queens County,2016-05-31,3031.5481963685993
11101,Queens,Queens County,2016-06-30,3054.4136703694344
11101,Queens,Queens County,2016-07-31,3061.7257390807845
11101,Queens,Queens County,2016-08-31,3059.064968397121
11101,Queens,Queens County,2016-09-30,3042.678988694667
11101,Queens,Queens County,2016-10-31,3059.7227120890216
11101,Queens,Queens County,2016-11-30,3041.6210068652576
11101,Queens,Queens County,2016-12-31,2991.1321853577538
11101,Queens,Queens County,2017-01-31,2977.723608853876
11101,Queens,Queens County,2017-02-28,2997.0852500652513
11101,Queens,Queens County,2017-03-31,3053.051400454069
11101,Queens,Queens County,2017-04-30,3092.641537173386
11101,Queens,Queens County,2017-05-31,3106.0865910738003
11101,Queens,Queens County,2017-06-30,3141.7569865636906
11101,Queens,Queens County,2017-07-31,3138.171448289085
11101,Queens,Queens County,2017-08-31,3137.1847059071983
11101,Queens,Queens County,2017-09-30,3111.0346514945973
11101,Queens,Queens County,2017-10-31,3064.5995471722154
11101,Queens,Queens County,2017-11-30,2998.0926924602336
11101,Queens,Queens County,2017-12-31,2897.7873444976785
11101,Queens,Queens County,2018-01-31,2880.32363173987
11101,Queens,Queens County,2018-02-28,2862.374257695952
11101,Queens,Queens County,2018-03-31,2904.8023953433876
11101,Queens,Queens County,2018-04-30,2931.708798847747
11101,Queens,Queens County,2018-05-31,3019.9784151359836
11101,Queens,Queens County,2018-06-30,3114.733420305643
11101,Queens,Queens County,2018-07-31,3192.8265286287933
11101,Queens,Queens County,2018-08-31,3234.8072714644395
11101,Queens,Queens County,2018-09-30,3226.9354121802894
11101,Queens,Queens County,2018-10-31,3203.000232349261
11101,Queens,Queens County,2018-11-30,3146.003990167059
11101,Queens,Queens County,2018-12-31,3115.3928916482396
11101,Queens,Queens County,2019-01-31,3092.6842416093837
11101,Queens,Queens County,2019-02-28,3110.727598992453
11101,Queens,Queens County,2019-03-31,3153.8675362597482
11101,Queens,Queens County,2019-04-30,3197.4450871961863
11101,Queens,Queens County,2019-05-31,3262.4807761731035
11101,Queens,Queens County,2019-06-30,3301.3987170430487
11101,Queens,Queens County,2019-07-31,3360.4270648467127
11101,Queens,Queens County,2019-08-31,3380.621168146681
11101,Queens,Queens County,2019-09-30,3388.7923000557794
11101,Queens,Queens County,2019-10-31,3382.8724118746904
11101,Queens,Queens County,2019-11-30,3341.4947068887964
11101,Queens,Queens County,2019-12-31,3309.9789749799706
11101,Queens,Queens County,2020-01-31,3278.4221269000827
11101,Queens,Queens County,2020-02-29,3311.3052187187504
11101,Queens,Queens County,2020-03-31,3314.717100063688
11101,Queens,Queens County,2020-04-30,3255.3137710204433
11101,Queens,Queens County,2020-05-31,3249.5729208999273
11101,Queens,Queens County,2020-06-30,3263.9025990154732
11101,Queens,Queens County,2020-07-31,3304.379285081376
11101,Queens,Queens County,2020-08-31,3200.2512745457234
11101,Queens,Queens County,2020-09-30,3141.4256128857182
11101,Queens,Queens County,2020-10-31,3121.445831028059
11101,Queens,Queens County,2020-11-30,3153.51476178651
11101,Queens,Queens County,2020-12-31,3151.539139486444
11101,Queens,Queens County,2021-01-31,3147.9991963349858
11101,Queens,Queens County,2021-02-28,3153.418095722964
11101,Queens,Queens County,2021-03-31,3168.3386884647907
11101,Queens,Queens County,2021-04-30,3171.012946288419
11101,Queens,Queens County,2021-05-31,3194.561088580145
11101,Queens,Queens County,2021-06-30,3243.629042133772
11101,Queens,Queens County,2021-07-31,3313.6918655381396
11101,Queens,Queens County,2021-08-31,3417.20377815903
11101,Queens,Queens County,2021-09-30,3481.1365636235905
11101,Queens,Queens County,2021-10-31,3559.227376313972
11101,Queens,Queens County,2021-11-30,3616.4847670735494
11101,Queens,Queens County,2021-12-31,3664.5102552070452
11101,Queens,Queens County,2022-01-31,3658.6772398383728
11101,Queens,Queens County,2022-02-28,3641.0709739478993
11101,Queens,Queens County,2022-03-31,3617.944754043126
11101,Queens,Queens County,2022-04-30,3658.0045854679065
11101,Queens,Queens County,2022-05-31,3702.445566466196
11101,Queens,Queens County,2022-06-30,3774.8088987416386
11101,Queens,Queens County,2022-07-31,3834.9263647143666
11101,Queens,Queens County,2022-08-31,3922.8281693472586
11101,Queens,Queens County,2022-09-30,3978.262774796027
11101,Queens,Queens County,2022-10-31,3959.8238244744043
11101,Queens,Queens County,2022-11-30,3884.687630523651
11101,Queens,Queens County,2022-12-31,3846.9938991023346
11101,Queens,Queens County,2023-01-31,3859.289317719757
11101,Queens,Queens County,2023-02-28,3883.9947727973076
11101,Queens,Queens County,2023-03-31,3895.8147238790216
11101,Queens,Queens County,2023-04-30,3919.2113316409777
11101,Queens,Queens County,2023-05-31,3964.7705957871176
11101,Queens,Queens County,2023-06-30,3989.7624551213776
11101,Queens,Queens County,2023-07-31,4046.463531298558
11101,Queens,Queens County,2023-08-31,4063.9495138711072
11101,Queens,Queens County,2023-09-30,4103.73601894107
11101,Queens,Queens County,2023-10-31,4121.971904921382
11101,Queens,Queens County,2023-11-30,4095.3087029125886
11101,Queens,Queens County,2023-12-31,4089.5325181235717
11101,Queens,Queens County,2024-01-31,4052.366744945581
11101,Queens,Queens County,2024-02-29,4068.615521216317
11101,Queens,Queens County,2024-03-31,4067.8256130294553
11101,Queens,Queens County,2024-04-30,4072.2597877724297
11101,Queens,Queens County,2024-05-31,4103.071835890944
11101,Queens,Queens County,2024-06-30,4140.364629651543
11101,Queens,Queens County,2024-07-31,4179.4522795705
11101,Queens,Queens County,2024-08-31,4200.098102694024
11101,Queens,Queens County,2024-09-30,4215.920307899272
11101,Queens,Queens County,2024-10-31,4215.195623215978
11101,Queens,Queens County,2024-11-30,4229.498339870019
11101,Queens,Queens County,2024-12-31,4229.20057347278
11101,Queens,Queens County,2025-01-31,4249.907070170948
11101,Queens,Queens County,2025-02-28,4254.3079169615685
11101,Queens,Queens County,2025-03-31,4261.047135636489
11101,Queens,Queens County,2025-04-30,4249.727376083635
11101,Queens,Queens County,2025-05-31,4239.423911005852
11101,Queens,Queens County,2025-06-30,4259.403970352013
11101,Queens,Queens County,2025-07-31,4304.700386634447
11101,Queens,Queens County,2025-08-31,4333.301454956118
11101,Queens,Queens County,2025-09-30,4349.178302948735
11101,Queens,Queens County,2025-10-31,4312.206763853008
11101,Queens,Queens County,2025-11-30,4280.7768407727635
11101,Queens,Queens County,2025-12-31,4261.125062271268
11101,Queens,Queens County,2026-01-31,4263.096950730625
11101,Queens,Queens County,2026-02-28,4293.3930686207095
11101,Queens,Queens County,2026-03-31,4320.022010509225
11101,Queens,Queens County,2026-04-30,4359.513860408422
11101,Queens,Queens County,2026-05-31,4383.218283236591
11101,Queens,Queens County,2026-06-30,4396.669219303229
11101,Queens,Queens County,2026-07-31,4434.971516217556
11103,Queens,Queens County,2015-01-31,1879.993757167496
11103,Queens,Queens County,2015-02-28,1917.5267088810351
11103,Queens,Queens County,2015-03-31,1930.612533184418
11103,Queens,Queens County,2015-04-30,1951.0701016645985
11103,Queens,Queens County,2015-05-31,1957.677532997462
11103,Queens,Queens County,2015-06-30,1983.8987794477412
11103,Queens,Queens County,2015-07-31,2021.733770875255
11103,Queens,Queens County,2015-08-31,2018.8403277406624
11103,Queens,Queens County,2015-09-30,1983.9574778086192
11103,Queens,Queens County,2015-10-31,1989.288599889973
11103,Queens,Queens County,2015-11-30,2006.7903120890614
11103,Queens,Queens County,2015-12-31,2013.2614273745166
11103,Queens,Queens County,2016-01-31,1995.935850276248
11103,Queens,Queens County,2016-02-29,1940.84314406824
11103,Queens,Queens County,2016-03-31,1979.9699192793023
11103,Queens,Queens County,2016-04-30,2018.475403929848
11103,Queens,Queens County,2016-05-31,2091.0529793197
11103,Queens,Queens County,2016-06-30,2078.2985396530175
11103,Queens,Queens County,2016-07-31,2088.4457960784343
11103,Queens,Queens County,2016-08-31,2087.039130198887
11103,Queens,Queens County,2016-09-30,2124.0276098468803
11103,Queens,Queens County,2016-10-31,2137.3433582493803
11103,Queens,Queens County,2016-11-30,2128.726942946955
11103,Queens,Queens County,2016-12-31,2111.9777656446518
11103,Queens,Queens County,2017-01-31,2067.713527288726
11103,Queens,Queens County,2017-02-28,2068.4994395157505
11103,Queens,Queens County,2017-03-31,2070.539091807387
11103,Queens,Queens County,2017-04-30,2072.5075487491013
11103,Queens,Queens County,2017-05-31,2074.8966547073155
11103,Queens,Queens County,2017-06-30,2087.995523938808
11103,Queens,Queens County,2017-07-31,2109.739423120736
11103,Queens,Queens County,2017-08-31,2107.790218079507
11103,Queens,Queens County,2017-09-30,2084.7281618377897
11103,Queens,Queens County,2017-10-31,2087.9605362380703
11103,Queens,Queens County,2017-11-30,2115.2080768482597
11103,Queens,Queens County,2017-12-31,2120.509325837027
11103,Queens,Queens County,2018-01-31,2108.881023556604
11103,Queens,Queens County,2018-02-28,2042.0318292440095
11103,Queens,Queens County,2018-03-31,2035.1760376523541
11103,Queens,Queens County,2018-04-30,2054.359179832295
11103,Queens,Queens County,2018-05-31,2119.7620265008454
11103,Queens,Queens County,2018-06-30,2143.7740320977823
11103,Queens,Queens County,2018-07-31,2129.3958674361097
11103,Queens,Queens County,2018-08-31,2139.7221422332773
11103,Queens,Queens County,2018-09-30,2124.8009460560784
11103,Queens,Queens County,2018-10-31,2112.0769384672226
11103,Queens,Queens County,2018-11-30,2087.505615319816
11103,Queens,Queens County,2018-12-31,2071.9723732511143
11103,Queens,Queens County,2019-01-31,2080.4793649506573
11103,Queens,Queens County,2019-02-28,2080.1131170910985
11103,Queens,Queens County,2019-03-31,2081.9219388790953
11103,Queens,Queens County,2019-04-30,2091.74955777714
11103,Queens,Queens County,2019-05-31,2114.9453041863435
11103,Queens,Queens County,2019-06-30,2166.250696887927
11103,Queens,Queens County,2019-07-31,2219.8620201126423
11103,Queens,Queens County,2019-08-31,2191.6706956411385
11103,Queens,Queens County,2019-09-30,2217.1153692652615
11103,Queens,Queens County,2019-10-31,2214.5077292411047
11103,Queens,Queens County,2019-11-30,2245.3727524343344
11103,Queens,Queens County,2019-12-31,2210.9693659518566
11103,Queens,Queens County,2020-01-31,2171.9629438645197
11103,Queens,Queens County,2020-02-29,2193.5938645224946
11103,Queens,Queens County,2020-03-31,2190.606803500482
11103,Queens,Queens County,2020-04-30,2219.179284599946
11103,Queens,Queens County,2020-05-31,2177.035092222796
11103,Queens,Queens County,2020-06-30,2183.189198094905
11103,Queens,Queens County,2020-07-31,2154.8359414855713
11103,Queens,Queens County,2020-08-31,2156.729231897949
11103,Queens,Queens County,2020-09-30,2106.9803391058936
11103,Queens,Queens County,2020-10-31,2087.8233501099658
11103,Queens,Queens County,2020-11-30,2081.2105658659357
11103,Queens,Queens County,2020-12-31,2082.3174387563477
11103,Queens,Queens County,2021-01-31,2045.9938190844532
11103,Queens,Queens County,2021-02-28,2037.3919805522628
11103,Queens,Queens County,2021-03-31,2043.4462542280107
11103,Queens,Queens County,2021-04-30,2045.4383878279252
11103,Queens,Queens County,2021-05-31,2047.8407389495183
11103,Queens,Queens County,2021-06-30,2070.429353720129
11103,Queens,Queens County,2021-07-31,2125.3332450427274
11103,Queens,Queens County,2021-08-31,2178.239488612491
11103,Queens,Queens County,2021-09-30,2204.3288225872134
11103,Queens,Queens County,2021-10-31,2243.8087434542213
11103,Queens,Queens County,2021-11-30,2237.9573614246488
11103,Queens,Queens County,2021-12-31,2221.322052522456
11103,Queens,Queens County,2022-01-31,2193.6855940511505
11103,Queens,Queens County,2022-02-28,2208.1180413247016
11103,Queens,Queens County,2022-03-31,2238.8540837119076
11103,Queens,Queens County,2022-04-30,2300.0755605838704
11103,Queens,Queens County,2022-05-31,2350.886300258597
11103,Queens,Queens County,2022-06-30,2415.170929188212
11103,Queens,Queens County,2022-07-31,2454.1191862010855
11103,Queens,Queens County,2022-08-31,2487.6191520937414
11103,Queens,Queens County,2022-09-30,2525.587385870537
11103,Queens,Queens County,2022-10-31,2527.9450441625036
11103,Queens,Queens County,2022-11-30,2541.965077024106
11103,Queens,Queens County,2022-12-31,2515.263031047146
11103,Queens,Queens County,2023-01-31,2530.369443325793
11103,Queens,Queens County,2023-02-28,2483.5302706259968
11103,Queens,Queens County,2023-03-31,2507.940218114972
11103,Queens,Queens County,2023-04-30,2499.180502664757
11103,Queens,Queens County,2023-05-31,2576.5663045938577
11103,Queens,Queens County,2023-06-30,2601.0464501284146
11103,Queens,Queens County,2023-07-31,2639.9132300053066
11103,Queens,Queens County,2023-08-31,2594.844930160417
11103,Queens,Queens County,2023-09-30,2592.526254389849
11103,Queens,Queens County,2023-10-31,2603.8813612225827
11103,Queens,Queens County,2023-11-30,2621.4527893616882
11103,Queens,Queens County,2023-12-31,2672.7519211623285
11103,Queens,Queens County,2024-01-31,2688.548526968696
11103,Queens,Queens County,2024-02-29,2725.1273362387583
11103,Queens,Queens County,2024-03-31,2686.330118155652
11103,Queens,Queens County,2024-04-30,2665.721332683975
11103,Queens,Queens County,2024-05-31,2664.959312920159
11103,Queens,Queens County,2024-06-30,2696.468138393967
11103,Queens,Queens County,2024-07-31,2727.525008855796
11103,Queens,Queens County,2024-08-31,2742.013309326018
11103,Queens,Queens County,2024-09-30,2767.507853367223
11103,Queens,Queens County,2024-10-31,2784.8402945787434
11103,Queens,Queens County,2024-11-30,2764.417995833289
11103,Queens,Queens County,2024-12-31,2720.212717081144
11103,Queens,Queens County,2025-01-31,2705.712920602842
11103,Queens,Queens County,2025-02-28,2733.115249454812
11103,Queens,Queens County,2025-03-31,2746.920493306659
11103,Queens,Queens County,2025-04-30,2772.1104405552587
11103,Queens,Queens County,2025-05-31,2782.3484713223834
11103,Queens,Queens County,2025-06-30,2852.437706933519
11103,Queens,Queens County,2025-07-31,2917.689140473129
11103,Queens,Queens County,2025-08-31,2974.424666675643
11103,Queens,Queens County,2025-09-30,3013.671967390123
11103,Queens,Queens County,2025-10-31,3029.383505192958
11103,Queens,Queens County,2025-11-30,3045.5644483777114
11103,Queens,Queens County,2025-12-31,2985.663731290858
11103,Queens,Queens County,2026-01-31,2923.4991323007926
11103,Queens,Queens County,2026-02-28,2893.2267140335125
11103,Queens,Queens County,2026-03-31,2921.397548382612
11103,Queens,Queens County,2026-04-30,2954.1595720375553
11103,Queens,Queens County,2026-05-31,2961.810476445005
11103,Queens,Queens County,2026-06-30,3045.0462745432237
11103,Queens,Queens County,2026-07-31,3108.1759523809524
10022,Manhattan,New York County,2015-01-31,3370.5651961643844
10022,Manhattan,New York County,2015-02-28,3403.7774785857296
10022,Manhattan,New York County,2015-03-31,3390.576296643372
10022,Manhattan,New York County,2015-04-30,3443.1095066508224
10022,Manhattan,New York County,2015-05-31,3475.5124383342736
10022,Manhattan,New York County,2015-06-30,3501.316485508346
10022,Manhattan,New York County,2015-07-31,3483.569667068799
10022,Manhattan,New York County,2015-08-31,3493.718423456717
10022,Manhattan,New York County,2015-09-30,3518.040043072325
10022,Manhattan,New York County,2015-10-31,3511.529393304635
10022,Manhattan,New York County,2015-11-30,3497.5810813072917
10022,Manhattan,New York County,2015-12-31,3502.755710838101
10022,Manhattan,New York County,2016-01-31,3502.5017829828703
10022,Manhattan,New York County,2016-02-29,3514.7591470356497
10022,Manhattan,New York County,2016-03-31,3500.2788390402206
10022,Manhattan,New York County,2016-04-30,3507.734230658105
10022,Manhattan,New York County,2016-05-31,3506.5554248388366
10022,Manhattan,New York County,2016-06-30,3509.1678125522158
10022,Manhattan,New York County,2016-07-31,3524.2982280094625
10022,Manhattan,New York County,2016-08-31,3529.1510708450264
10022,Manhattan,New York County,2016-09-30,3537.90833180432
10022,Manhattan,New York County,2016-10-31,3545.568408902882
10022,Manhattan,New York County,2016-11-30,3491.0642702661776
10022,Manhattan,New York County,2016-12-31,3478.6453783385205
10022,Manhattan,New York County,2017-01-31,3454.2189321745004
10022,Manhattan,New York County,2017-02-28,3501.796995108289
10022,Manhattan,New York County,2017-03-31,3493.3180380653926
10022,Manhattan,New York County,2017-04-30,3510.2490106425926
10022,Manhattan,New York County,2017-05-31,3535.478267312165
10022,Manhattan,New York County,2017-06-30,3554.2450915287513
10022,Manhattan,New York County,2017-07-31,3574.354893208098
10022,Manhattan,New York County,2017-08-31,3560.490472294361
10022,Manhattan,New York County,2017-09-30,3538.833169752518
10022,Manhattan,New York County,2017-10-31,3510.550748094716
10022,Manhattan,New York County,2017-11-30,3492.883487720611
10022,Manhattan,New York County,2017-12-31,3491.5565195025583
10022,Manhattan,New York County,2018-01-31,3468.799537029167
10022,Manhattan,New York County,2018-02-28,3473.150301524848
10022,Manhattan,New York County,2018-03-31,3494.5820638171986
10022,Manhattan,New York County,2018-04-30,3534.680618928734
10022,Manhattan,New York County,2018-05-31,3554.9613749916107
10022,Manhattan,New York County,2018-06-30,3580.4973699701586
10022,Manhattan,New York County,2018-07-31,3593.0800793025896
10022,Manhattan,New York County,2018-08-31,3602.562132192292
10022,Manhattan,New York County,2018-09-30,3598.8799487126134
10022,Manhattan,New York County,2018-10-31,3585.3862650725823
10022,Manhattan,New York County,2018-11-30,3547.5108767449656
10022,Manhattan,New York County,2018-12-31,3512.3103528963884
10022,Manhattan,New York County,2019-01-31,3489.6583909936608
10022,Manhattan,New York County,2019-02-28,3515.2610480006742
10022,Manhattan,New York County,2019-03-31,3554.418673028075
10022,Manhattan,New York County,2019-04-30,3593.395760153289
10022,Manhattan,New York County,2019-05-31,3612.440177344196
10022,Manhattan,New York County,2019-06-30,3640.169962416834
10022,Manhattan,New York County,2019-07-31,3668.4010573630453
10022,Manhattan,New York County,2019-08-31,3685.4609111646546
10022,Manhattan,New York County,2019-09-30,3665.1821764951937
10022,Manhattan,New York County,2019-10-31,3660.7055089452115
10022,Manhattan,New York County,2019-11-30,3663.2657207101333
10022,Manhattan,New York County,2019-12-31,3672.7970497476385
10022,Manhattan,New York County,2020-01-31,3661.0096708699425
10022,Manhattan,New York County,2020-02-29,3651.0505055653352
10022,Manhattan,New York County,2020-03-31,3618.4020845180053
10022,Manhattan,New York County,2020-04-30,3596.414572303536
10022,Manhattan,New York County,2020-05-31,3572.8881668241206
10022,Manhattan,New York County,2020-06-30,3539.1838584687025
10022,Manhattan,New York County,2020-07-31,3488.7249029184586
10022,Manhattan,New York County,2020-08-31,3378.4968283028647
10022,Manhattan,New York County,2020-09-30,3278.8970747425924
10022,Manhattan,New York County,2020-10-31,3173.347000293964
10022,Manhattan,New York County,2020-11-30,3073.1956714104704
10022,Manhattan,New York County,2020-12-31,3022.9292029163266
10022,Manhattan,New York County,2021-01-31,2994.109506001276
10022,Manhattan,New York County,2021-02-28,2996.380324634637
10022,Manhattan,New York County,2021-03-31,3015.904677109446
10022,Manhattan,New York County,2021-04-30,3069.723375417584
10022,Manhattan,New York County,2021-05-31,3157.4863728833766
10022,Manhattan,New York County,2021-06-30,3246.1124233885516
10022,Manhattan,New York County,2021-07-31,3384.1893449688564
10022,Manhattan,New York County,2021-08-31,3520.475622694681
10022,Manhattan,New York County,2021-09-30,3647.014531717754
10022,Manhattan,New York County,2021-10-31,3727.808629594614
10022,Manhattan,New York County,2021-11-30,3809.0601588134427
10022,Manhattan,New York County,2021-12-31,3867.6630382045923
10022,Manhattan,New York County,2022-01-31,3923.8450245475024
10022,Manhattan,New York County,2022-02-28,3982.8229874317776
10022,Manhattan,New York County,2022-03-31,4041.054920348892
10022,Manhattan,New York County,2022-04-30,4087.9912781907237
10022,Manhattan,New York County,2022-05-31,4123.448020458548
10022,Manhattan,New York County,2022-06-30,4178.069112900394
10022,Manhattan,New York County,2022-07-31,4225.930110225196
10022,Manhattan,New York County,2022-08-31,4253.077037617436
10022,Manhattan,New York County,2022-09-30,4248.391741719207
10022,Manhattan,New York County,2022-10-31,4205.703755453454
10022,Manhattan,New York County,2022-11-30,4207.64887508402
10022,Manhattan,New York County,2022-12-31,4202.95731815776
10022,Manhattan,New York County,2023-01-31,4198.365269370017
10022,Manhattan,New York County,2023-02-28,4232.2210507354175
10022,Manhattan,New York County,2023-03-31,4249.911595071641
10022,Manhattan,New York County,2023-04-30,4304.344564548383
10022,Manhattan,New York County,2023-05-31,4292.029463052206
10022,Manhattan,New York County,2023-06-30,4337.627706069139
10022,Manhattan,New York County,2023-07-31,4371.011061577158
10022,Manhattan,New York County,2023-08-31,4398.045521154716
10022,Manhattan,New York County,2023-09-30,4386.697880535157
10022,Manhattan,New York County,2023-10-31,4348.916501519469
10022,Manhattan,New York County,2023-11-30,4286.407162579115
10022,Manhattan,New York County,2023-12-31,4244.915093588491
10022,Manhattan,New York County,2024-01-31,4241.02801371642
10022,Manhattan,New York County,2024-02-29,4266.067895195546
10022,Manhattan,New York County,2024-03-31,4324.65981786909
10022,Manhattan,New York County,2024-04-30,4387.777238065742
10022,Manhattan,New York County,2024-05-31,4469.086755344981
10022,Manhattan,New York County,2024-06-30,4510.840896364659
10022,Manhattan,New York County,2024-07-31,4520.851433602091
10022,Manhattan,New York County,2024-08-31,4516.487711382064
10022,Manhattan,New York County,2024-09-30,4516.486291767788
10022,Manhattan,New York County,2024-10-31,4499.853500277444
10022,Manhattan,New York County,2024-11-30,4465.018427684812
10022,Manhattan,New York County,2024-12-31,4439.3355494173165
10022,Manhattan,New York County,2025-01-31,4449.716552282978
10022,Manhattan,New York County,2025-02-28,4489.161109460303
10022,Manhattan,New York County,2025-03-31,4536.711352788706
10022,Manhattan,New York County,2025-04-30,4595.003984255995
10022,Manhattan,New York County,2025-05-31,4666.509647237062
10022,Manhattan,New York County,2025-06-30,4740.38793806635
10022,Manhattan,New York County,2025-07-31,4825.647567174037
10022,Manhattan,New York County,2025-08-31,4869.366874654116
10022,Manhattan,New York County,2025-09-30,4865.521568623917
10022,Manhattan,New York County,2025-10-31,4825.043063324989
10022,Manhattan,New York County,2025-11-30,4810.552591737623
10022,Manhattan,New York County,2025-12-31,4798.8281707541
10022,Manhattan,New York County,2026-01-31,4801.110445438969
10022,Manhattan,New York County,2026-02-28,4843.336688829463
10022,Manhattan,New York County,2026-03-31,4923.986463533364
10022,Manhattan,New York County,2026-04-30,5014.909663086411
10022,Manhattan,New York County,2026-05-31,5057.522492641626
10022,Manhattan,New York County,2026-06-30,5093.815830735894
10022,Manhattan,New York County,2026-07-31,5145.960659862798
10010,Manhattan,New York County,2015-01-31,3558.4673583631784
10010,Manhattan,New York County,2015-02-28,3561.6009340835267
10010,Manhattan,New York County,2015-03-31,3604.8110175839433
10010,Manhattan,New York County,2015-04-30,3656.3292087165505
10010,Manhattan,New York County,2015-05-31,3685.3038236386974
10010,Manhattan,New York County,2015-06-30,3750.8204549543143
10010,Manhattan,New York County,2015-07-31,3766.817743618844
10010,Manhattan,New York County,2015-08-31,3768.0712441136156
10010,Manhattan,New York County,2015-09-30,3726.214473167982
10010,Manhattan,New York County,2015-10-31,3684.692765095236
10010,Manhattan,New York County,2015-11-30,3658.5024137430923
10010,Manhattan,New York County,2015-12-31,3627.5467433690606
10010,Manhattan,New York County,2016-01-31,3638.9793688811787
10010,Manhattan,New York County,2016-02-29,3628.92282592293
10010,Manhattan,New York County,2016-03-31,3682.481755745362
10010,Manhattan,New York County,2016-04-30,3710.8401877425463
10010,Manhattan,New York County,2016-05-31,3763.948703937441
10010,Manhattan,New York County,2016-06-30,3781.543026814102
10010,Manhattan,New York County,2016-07-31,3801.3155973546777
10010,Manhattan,New York County,2016-08-31,3804.849036007909
10010,Manhattan,New York County,2016-09-30,3780.9748591126763
10010,Manhattan,New York County,2016-10-31,3753.0652764998727
10010,Manhattan,New York County,2016-11-30,3691.667722964954
10010,Manhattan,New York County,2016-12-31,3662.6262292255756
10010,Manhattan,New York County,2017-01-31,3660.4259543330136
10010,Manhattan,New York County,2017-02-28,3708.3284691303884
10010,Manhattan,New York County,2017-03-31,3735.4671258850803
10010,Manhattan,New York County,2017-04-30,3739.1984468158585
10010,Manhattan,New York County,2017-05-31,3762.203417239269
10010,Manhattan,New York County,2017-06-30,3794.326572650829
10010,Manhattan,New York County,2017-07-31,3813.814350288737
10010,Manhattan,New York County,2017-08-31,3811.3764461194
10010,Manhattan,New York County,2017-09-30,3772.5116162492172
10010,Manhattan,New York County,2017-10-31,3712.9709947235465
10010,Manhattan,New York County,2017-11-30,3649.65140142391
10010,Manhattan,New York County,2017-12-31,3620.0561169768016
10010,Manhattan,New York County,2018-01-31,3636.68067314443
10010,Manhattan,New York County,2018-02-28,3655.692882328548
10010,Manhattan,New York County,2018-03-31,3687.8986429620054
10010,Manhattan,New York County,2018-04-30,3733.302725678359
10010,Manhattan,New York County,2018-05-31,3774.704354105599
10010,Manhattan,New York County,2018-06-30,3830.5794913676878
10010,Manhattan,New York County,2018-07-31,3838.4375646953326
10010,Manhattan,New York County,2018-08-31,3846.177668170826
10010,Manhattan,New York County,2018-09-30,3821.357623756116
10010,Manhattan,New York County,2018-10-31,3800.4416484752464
10010,Manhattan,New York County,2018-11-30,3753.642451318095
10010,Manhattan,New York County,2018-12-31,3763.8825403950473
10010,Manhattan,New York County,2019-01-31,3768.030367177722
10010,Manhattan,New York County,2019-02-28,3799.5367074287283
10010,Manhattan,New York County,2019-03-31,3773.254325124172
10010,Manhattan,New York County,2019-04-30,3804.969171457592
10010,Manhattan,New York County,2019-05-31,3835.7000689672113
10010,Manhattan,New York County,2019-06-30,3907.593186102861
10010,Manhattan,New York County,2019-07-31,3934.6478192401564
10010,Manhattan,New York County,2019-08-31,3953.8405239667386
10010,Manhattan,New York County,2019-09-30,3934.8974692201373
10010,Manhattan,New York County,2019-10-31,3915.2043648312124
10010,Manhattan,New York County,2019-11-30,3878.166255947951
10010,Manhattan,New York County,2019-12-31,3838.1322583127694
10010,Manhattan,New York County,2020-01-31,3818.7342338817934
10010,Manhattan,New York County,2020-02-29,3851.988403730782
10010,Manhattan,New York County,2020-03-31,3873.6593848966972
10010,Manhattan,New York County,2020-04-30,3847.976516371461
10010,Manhattan,New York County,2020-05-31,3789.7502123566255
10010,Manhattan,New York County,2020-06-30,3725.2535934088446
10010,Manhattan,New York County,2020-07-31,3643.065149863439
10010,Manhattan,New York County,2020-08-31,3519.195090359053
10010,Manhattan,New York County,2020-09-30,3388.4953978153044
10010,Manhattan,New York County,2020-10-31,3288.2085556646803
10010,Manhattan,New York County,2020-11-30,3178.1011630303615
10010,Manhattan,New York County,2020-12-31,3123.3302694619138
10010,Manhattan,New York County,2021-01-31,3106.987858712758
10010,Manhattan,New York County,2021-02-28,3188.8780688295997
10010,Manhattan,New York County,2021-03-31,3254.0816954909765
10010,Manhattan,New York County,2021-04-30,3360.3461975175546
10010,Manhattan,New York County,2021-05-31,3470.994938466154
10010,Manhattan,New York County,2021-06-30,3627.987478965652
10010,Manhattan,New York County,2021-07-31,3756.265080800997
10010,Manhattan,New York County,2021-08-31,3860.6529781624236
10010,Manhattan,New York County,2021-09-30,3956.8826055232194
10010,Manhattan,New York County,2021-10-31,4032.7088973372797
10010,Manhattan,New York County,2021-11-30,4093.83452491256
10010,Manhattan,New York County,2021-12-31,4110.4960437832
10010,Manhattan,New York County,2022-01-31,4128.02032304091
10010,Manhattan,New York County,2022-02-28,4159.895386276888
10010,Manhattan,New York County,2022-03-31,4223.469630738632
10010,Manhattan,New York County,2022-04-30,4292.9347868208615
10010,Manhattan,New York County,2022-05-31,4357.917640205605
10010,Manhattan,New York County,2022-06-30,4431.677621794144
10010,Manhattan,New York County,2022-07-31,4523.0075647093245
10010,Manhattan,New York County,2022-08-31,4570.403613261009
10010,Manhattan,New York County,2022-09-30,4572.475063649716
10010,Manhattan,New York County,2022-10-31,4559.869594018396
10010,Manhattan,New York County,2022-11-30,4512.403978712519
10010,Manhattan,New York County,2022-12-31,4509.081433445597
10010,Manhattan,New York County,2023-01-31,4454.492302143148
10010,Manhattan,New York County,2023-02-28,4462.408474223179
10010,Manhattan,New York County,2023-03-31,4467.761931784606
10010,Manhattan,New York County,2023-04-30,4504.456837424513
10010,Manhattan,New York County,2023-05-31,4572.452172898616
10010,Manhattan,New York County,2023-06-30,4609.183402867477
10010,Manhattan,New York County,2023-07-31,4682.307639408588
10010,Manhattan,New York County,2023-08-31,4682.487785083456
10010,Manhattan,New York County,2023-09-30,4678.833167006752
10010,Manhattan,New York County,2023-10-31,4590.37407377513
10010,Manhattan,New York County,2023-11-30,4559.754546812776
10010,Manhattan,New York County,2023-12-31,4533.369155946074
10010,Manhattan,New York County,2024-01-31,4582.58653805201
10010,Manhattan,New York County,2024-02-29,4592.461401136039
10010,Manhattan,New York County,2024-03-31,4635.994704720833
10010,Manhattan,New York County,2024-04-30,4677.644020809756
10010,Manhattan,New York County,2024-05-31,4728.108147171103
10010,Manhattan,New York County,2024-06-30,4773.295521985517
10010,Manhattan,New York County,2024-07-31,4794.685823560753
10010,Manhattan,New York County,2024-08-31,4815.764860838728
10010,Manhattan,New York County,2024-09-30,4798.015569225909
10010,Manhattan,New York County,2024-10-31,4778.116884433976
10010,Manhattan,New York County,2024-11-30,4733.433380533325
10010,Manhattan,New York County,2024-12-31,4720.786689393769
10010,Manhattan,New York County,2025-01-31,4721.062633492046
10010,Manhattan,New York County,2025-02-28,4802.454459299311
10010,Manhattan,New York County,2025-03-31,4863.733585088683
10010,Manhattan,New York County,2025-04-30,4919.82896093055
10010,Manhattan,New York County,2025-05-31,4940.3738250287915
10010,Manhattan,New York County,2025-06-30,4984.013645938937
10010,Manhattan,New York County,2025-07-31,5085.092465751056
10010,Manhattan,New York County,2025-08-31,5127.495370770644
10010,Manhattan,New York County,2025-09-30,5150.468411084077
10010,Manhattan,New York County,2025-10-31,5093.542380706284
10010,Manhattan,New York County,2025-11-30,5094.538968740945
10010,Manhattan,New York County,2025-12-31,5056.487501286595
10010,Manhattan,New York County,2026-01-31,5039.271197217091
10010,Manhattan,New York County,2026-02-28,5057.812640260996
10010,Manhattan,New York County,2026-03-31,5108.940983450642
10010,Manhattan,New York County,2026-04-30,5183.937817909183
10010,Manhattan,New York County,2026-05-31,5237.524526908948
10010,Manhattan,New York County,2026-06-30,5332.421272122998
10010,Manhattan,New York County,2026-07-31,5388.862795452028
11417,Queens,Queens County,2026-06-30,2338.015409293014
11417,Queens,Queens County,2026-07-31,2300.0
10030,Manhattan,New York County,2020-01-31,2290.9615642004196
10030,Manhattan,New York County,2020-02-29,2302.243022216992
10030,Manhattan,New York County,2020-03-31,2337.427820512954
10030,Manhattan,New York County,2020-04-30,2349.034769509582
10030,Manhattan,New York County,2020-05-31,2334.9490972536933
10030,Manhattan,New York County,2020-06-30,2342.8013665740227
10030,Manhattan,New York County,2020-07-31,2307.521460079236
10030,Manhattan,New York County,2020-08-31,2274.479349732303
10030,Manhattan,New York County,2020-09-30,2218.7013216795162
10030,Manhattan,New York County,2020-10-31,2181.9884100888203
10030,Manhattan,New York County,2020-11-30,2141.06227786765
10030,Manhattan,New York County,2020-12-31,2097.6332250788805
10030,Manhattan,New York County,2021-01-31,2105.2710486636643
10030,Manhattan,New York County,2021-02-28,2119.947458194964
10030,Manhattan,New York County,2021-03-31,2148.9455154961115
10030,Manhattan,New York County,2021-04-30,2134.27893881953
10030,Manhattan,New York County,2021-05-31,2154.7953957911654
10030,Manhattan,New York County,2021-06-30,2191.08855863398
10030,Manhattan,New York County,2021-07-31,2239.467353259154
10030,Manhattan,New York County,2021-08-31,2255.991558727425
10030,Manhattan,New York County,2021-09-30,2286.90964973461
10030,Manhattan,New York County,2021-10-31,2284.7970216611375
10030,Manhattan,New York County,2021-11-30,2277.3814604791455
10030,Manhattan,New York County,2021-12-31,2263.200343374207
10030,Manhattan,New York County,2022-01-31,2262.5876614290387
10030,Manhattan,New York County,2022-02-28,2301.960592964608
10030,Manhattan,New York County,2022-03-31,2342.9115524499407
10030,Manhattan,New York County,2022-04-30,2416.3051063766725
10030,Manhattan,New York County,2022-05-31,2461.4224444592446
10030,Manhattan,New York County,2022-06-30,2515.8586752946244
10030,Manhattan,New York County,2022-07-31,2585.6902052138744
10030,Manhattan,New York County,2022-08-31,2614.5674522948525
10030,Manhattan,New York County,2022-09-30,2601.3540944012625
10030,Manhattan,New York County,2022-10-31,2547.9225618267046
10030,Manhattan,New York County,2022-11-30,2528.8868408184335
10030,Manhattan,New York County,2022-12-31,2532.7845378429392
10030,Manhattan,New York County,2023-01-31,2544.2696725723913
10030,Manhattan,New York County,2023-02-28,2546.918853991997
10030,Manhattan,New York County,2023-03-31,2548.634052720269
10030,Manhattan,New York County,2023-04-30,2555.646987706561
10030,Manhattan,New York County,2023-05-31,2585.325972863044
10030,Manhattan,New York County,2023-06-30,2628.738378482815
10030,Manhattan,New York County,2023-07-31,2676.2442238108247
10030,Manhattan,New York County,2023-08-31,2691.79383322102
10030,Manhattan,New York County,2023-09-30,2711.903593216771
10030,Manhattan,New York County,2023-10-31,2671.6533370094985
10030,Manhattan,New York County,2023-11-30,2655.7017784613195
10030,Manhattan,New York County,2023-12-31,2608.9066882528573
10030,Manhattan,New York County,2024-01-31,2550.4351640457644
10030,Manhattan,New York County,2024-02-29,2571.933270017553
10030,Manhattan,New York County,2024-03-31,2597.0215763231713
10030,Manhattan,New York County,2024-04-30,2699.7491468947987
10030,Manhattan,New York County,2024-05-31,2722.1597016809515
10030,Manhattan,New York County,2024-06-30,2728.6367613972416
10030,Manhattan,New York County,2024-07-31,2719.115558881113
10030,Manhattan,New York County,2024-08-31,2741.352009734471
10030,Manhattan,New York County,2024-09-30,2777.482783898722
10030,Manhattan,New York County,2024-10-31,2753.9192859953723
10030,Manhattan,New York County,2024-11-30,2704.3333233929425
10030,Manhattan,New York County,2024-12-31,2643.013308332621
10030,Manhattan,New York County,2025-01-31,2638.385923020341
10030,Manhattan,New York County,2025-02-28,2613.2113890738606
10030,Manhattan,New York County,2025-03-31,2689.7730319881475
10030,Manhattan,New York County,2025-04-30,2743.672488144205
10030,Manhattan,New York County,2025-05-31,2821.1282978216755
10030,Manhattan,New York County,2025-06-30,2829.9566577225883
10030,Manhattan,New York County,2025-07-31,2877.800502855729
10030,Manhattan,New York County,2025-08-31,2928.456045102871
10030,Manhattan,New York County,2025-09-30,2937.232499372418
10030,Manhattan,New York County,2025-10-31,2957.9821213294754
10030,Manhattan,New York County,2025-11-30,2823.8473062204625
10030,Manhattan,New York County,2025-12-31,2710.8369553953685
10030,Manhattan,New York County,2026-01-31,2689.684580885885
10030,Manhattan,New York County,2026-02-28,2789.799344703361
10030,Manhattan,New York County,2026-03-31,2910.222110635087
10030,Manhattan,New York County,2026-04-30,2935.4458866277323
10030,Manhattan,New York County,2026-05-31,3007.0293177156486
10030,Manhattan,New York County,2026-06-30,3070.5950177662335
10030,Manhattan,New York County,2026-07-31,3112.7486772486773
10014,Manhattan,New York County,2015-01-31,3513.3068426594173
10014,Manhattan,New York County,2015-02-28,3552.578905674777
10014,Manhattan,New York County,2015-03-31,3563.367058183032
10014,Manhattan,New York County,2015-04-30,3607.45771491879
10014,Manhattan,New York County,2015-05-31,3642.299986763504
10014,Manhattan,New York County,2015-06-30,3660.5671620202515
10014,Manhattan,New York County,2015-07-31,3683.6810690261473
10014,Manhattan,New York County,2015-08-31,3697.0455167446603
10014,Manhattan,New York County,2015-09-30,3688.5436436883083
10014,Manhattan,New York County,2015-10-31,3664.1512480180213
10014,Manhattan,New York County,2015-11-30,3632.1138568801894
10014,Manhattan,New York County,2015-12-31,3634.3546678543967
10014,Manhattan,New York County,2016-01-31,3616.468092885311
10014,Manhattan,New York County,2016-02-29,3622.462867596624
10014,Manhattan,New York County,2016-03-31,3614.8193102077203
10014,Manhattan,New York County,2016-04-30,3659.0752516875245
10014,Manhattan,New York County,2016-05-31,3712.138163085348
10014,Manhattan,New York County,2016-06-30,3750.182173747408
10014,Manhattan,New York County,2016-07-31,3753.945528396292
10014,Manhattan,New York County,2016-08-31,3747.62420621361
10014,Manhattan,New York County,2016-09-30,3733.488521530446
10014,Manhattan,New York County,2016-10-31,3713.3381817644345
10014,Manhattan,New York County,2016-11-30,3667.9831810236183
10014,Manhattan,New York County,2016-12-31,3635.8342354536317
10014,Manhattan,New York County,2017-01-31,3623.4877287618874
10014,Manhattan,New York County,2017-02-28,3635.1206060892478
10014,Manhattan,New York County,2017-03-31,3661.9585398334198
10014,Manhattan,New York County,2017-04-30,3707.902836474438
10014,Manhattan,New York County,2017-05-31,3752.42025837343
10014,Manhattan,New York County,2017-06-30,3790.3984938823287
10014,Manhattan,New York County,2017-07-31,3788.9805322178995
10014,Manhattan,New York County,2017-08-31,3800.3655440597217
10014,Manhattan,New York County,2017-09-30,3775.1922922075637
10014,Manhattan,New York County,2017-10-31,3755.8603300911386
10014,Manhattan,New York County,2017-11-30,3699.718918869225
10014,Manhattan,New York County,2017-12-31,3654.9183440603833
10014,Manhattan,New York County,2018-01-31,3656.6512139635643
10014,Manhattan,New York County,2018-02-28,3668.0820400514385
10014,Manhattan,New York County,2018-03-31,3718.6333461933027
10014,Manhattan,New York County,2018-04-30,3755.217437593039
10014,Manhattan,New York County,2018-05-31,3811.6036477331063
10014,Manhattan,New York County,2018-06-30,3817.991276243332
10014,Manhattan,New York County,2018-07-31,3816.040736053823
10014,Manhattan,New York County,2018-08-31,3833.935939984971
10014,Manhattan,New York County,2018-09-30,3862.791619882291
10014,Manhattan,New York County,2018-10-31,3875.253757543184
10014,Manhattan,New York County,2018-11-30,3855.1838760730966
10014,Manhattan,New York County,2018-12-31,3851.83690267789
10014,Manhattan,New York County,2019-01-31,3844.395686830861
10014,Manhattan,New York County,2019-02-28,3842.766226381807
10014,Manhattan,New York County,2019-03-31,3844.1654524822084
10014,Manhattan,New York County,2019-04-30,3884.009728527409
10014,Manhattan,New York County,2019-05-31,3921.2643615456345
10014,Manhattan,New York County,2019-06-30,3968.2583012929585
10014,Manhattan,New York County,2019-07-31,3974.220564290596
10014,Manhattan,New York County,2019-08-31,3988.86741106715
10014,Manhattan,New York County,2019-09-30,3989.5681897436607
10014,Manhattan,New York County,2019-10-31,3981.2083637156193
10014,Manhattan,New York County,2019-11-30,3947.701534138862
10014,Manhattan,New York County,2019-12-31,3945.9142038667806
10014,Manhattan,New York County,2020-01-31,3952.8282423272562
10014,Manhattan,New York County,2020-02-29,4016.814710108147
10014,Manhattan,New York County,2020-03-31,4041.0727979373387
10014,Manhattan,New York County,2020-04-30,4016.8254178425373
10014,Manhattan,New York County,2020-05-31,3953.141008843637
10014,Manhattan,New York County,2020-06-30,3872.050236834995
10014,Manhattan,New York County,2020-07-31,3797.5476709040236
10014,Manhattan,New York County,2020-08-31,3673.0156216200753
10014,Manhattan,New York County,2020-09-30,3548.548161987527
10014,Manhattan,New York County,2020-10-31,3475.9321819529837
10014,Manhattan,New York County,2020-11-30,3415.001183191674
10014,Manhattan,New York County,2020-12-31,3372.5531846065683
10014,Manhattan,New York County,2021-01-31,3351.471950517364
10014,Manhattan,New York County,2021-02-28,3372.339347584213
10014,Manhattan,New York County,2021-03-31,3424.2172366013897
10014,Manhattan,New York County,2021-04-30,3523.703040863169
10014,Manhattan,New York County,2021-05-31,3652.2358580586124
10014,Manhattan,New York County,2021-06-30,3802.6480225413816
10014,Manhattan,New York County,2021-07-31,3951.427736742778
10014,Manhattan,New York County,2021-08-31,4082.4837886998457
10014,Manhattan,New York County,2021-09-30,4217.273556834238
10014,Manhattan,New York County,2021-10-31,4274.718163052789
10014,Manhattan,New York County,2021-11-30,4343.094216951822
10014,Manhattan,New York County,2021-12-31,4393.894733106124
10014,Manhattan,New York County,2022-01-31,4446.554515803545
10014,Manhattan,New York County,2022-02-28,4492.043208462439
10014,Manhattan,New York County,2022-03-31,4535.486885545251
10014,Manhattan,New York County,2022-04-30,4593.4614766195355
10014,Manhattan,New York County,2022-05-31,4684.39955441058
10014,Manhattan,New York County,2022-06-30,4762.531671773495
10014,Manhattan,New York County,2022-07-31,4858.73839666966
10014,Manhattan,New York County,2022-08-31,4892.528187065764
10014,Manhattan,New York County,2022-09-30,4879.957004072898
10014,Manhattan,New York County,2022-10-31,4834.341720251911
10014,Manhattan,New York County,2022-11-30,4781.588003378483
10014,Manhattan,New York County,2022-12-31,4777.163194576247
10014,Manhattan,New York County,2023-01-31,4743.116047155901
10014,Manhattan,New York County,2023-02-28,4761.0680040045745
10014,Manhattan,New York County,2023-03-31,4775.278039549436
10014,Manhattan,New York County,2023-04-30,4846.917257607235
10014,Manhattan,New York County,2023-05-31,4914.82993732321
10014,Manhattan,New York County,2023-06-30,4974.047059455201
10014,Manhattan,New York County,2023-07-31,5019.066572896347
10014,Manhattan,New York County,2023-08-31,5029.0219913021765
10014,Manhattan,New York County,2023-09-30,4997.145371476782
10014,Manhattan,New York County,2023-10-31,4977.280632554301
10014,Manhattan,New York County,2023-11-30,4904.753150658488
10014,Manhattan,New York County,2023-12-31,4902.269610464444
10014,Manhattan,New York County,2024-01-31,4907.459648241759
10014,Manhattan,New York County,2024-02-29,4980.296682416258
10014,Manhattan,New York County,2024-03-31,5049.27698046162
10014,Manhattan,New York County,2024-04-30,5098.529656174755
10014,Manhattan,New York County,2024-05-31,5164.4195072331
10014,Manhattan,New York County,2024-06-30,5224.943687024268
10014,Manhattan,New York County,2024-07-31,5252.647570978446
10014,Manhattan,New York County,2024-08-31,5295.476071249817
10014,Manhattan,New York County,2024-09-30,5273.743775133065
10014,Manhattan,New York County,2024-10-31,5297.088578418022
10014,Manhattan,New York County,2024-11-30,5255.4810251043045
10014,Manhattan,New York County,2024-12-31,5299.169548587026
10014,Manhattan,New York County,2025-01-31,5294.268917425774
10014,Manhattan,New York County,2025-02-28,5377.846654205762
10014,Manhattan,New York County,2025-03-31,5424.983514263347
10014,Manhattan,New York County,2025-04-30,5511.261878476225
10014,Manhattan,New York County,2025-05-31,5500.742918891149
10014,Manhattan,New York County,2025-06-30,5553.781943919255
10014,Manhattan,New York County,2025-07-31,5641.658477306429
10014,Manhattan,New York County,2025-08-31,5782.780837224695
10014,Manhattan,New York County,2025-09-30,5817.44029834088
10014,Manhattan,New York County,2025-10-31,5806.072108052268
10014,Manhattan,New York County,2025-11-30,5683.490436272141
10014,Manhattan,New York County,2025-12-31,5756.232633055673
10014,Manhattan,New York County,2026-01-31,5695.820270857883
10014,Manhattan,New York County,2026-02-28,5814.4045591151025
10014,Manhattan,New York County,2026-03-31,5809.305702181872
10014,Manhattan,New York County,2026-04-30,5983.592856577164
10014,Manhattan,New York County,2026-05-31,6072.854066968348
10014,Manhattan,New York County,2026-06-30,6176.049819442588
10014,Manhattan,New York County,2026-07-31,6224.787519077894
11423,Queens,Queens County,2026-06-30,2697.010687930083
11423,Queens,Queens County,2026-07-31,2676.25
11369,Queens,Queens County,2026-05-31,2597.8837002537784
11369,Queens,Queens County,2026-06-30,2576.9426458575103
11369,Queens,Queens County,2026-07-31,2533.3333333333335
11361,Queens,Queens County,2020-12-31,1991.371465758026
11361,Queens,Queens County,2021-01-31,2025.0881801151838
11361,Queens,Queens County,2021-02-28,2019.313949049761
11361,Queens,Queens County,2021-03-31,2002.4032897236048
11361,Queens,Queens County,2021-04-30,1979.884753615452
11361,Queens,Queens County,2021-05-31,1975.2100464098053
11361,Queens,Queens County,2021-06-30,2003.6479842548904
11361,Queens,Queens County,2021-07-31,2054.6412512431916
11361,Queens,Queens County,2021-08-31,2088.004142000504
11361,Queens,Queens County,2021-09-30,2082.738857283855
11361,Queens,Queens County,2021-10-31,2092.14123235963
11361,Queens,Queens County,2021-11-30,2081.930905424857
11361,Queens,Queens County,2021-12-31,2147.0682652378605
11361,Queens,Queens County,2022-01-31,2164.1176567249936
11361,Queens,Queens County,2022-02-28,2251.350041232175
11361,Queens,Queens County,2022-03-31,2243.7358626471923
11361,Queens,Queens County,2022-04-30,2278.852332966515
11361,Queens,Queens County,2022-05-31,2258.555171343321
11361,Queens,Queens County,2022-06-30,2269.857494519597
11361,Queens,Queens County,2022-07-31,2215.8954627948538
11361,Queens,Queens County,2022-08-31,2217.0159625764445
11361,Queens,Queens County,2022-09-30,2239.4984684679375
11361,Queens,Queens County,2022-10-31,2263.99896246669
11361,Queens,Queens County,2022-11-30,2288.9267058564037
11361,Queens,Queens County,2022-12-31,2295.5784975892752
11361,Queens,Queens County,2023-01-31,2342.8835565247596
11361,Queens,Queens County,2023-02-28,2343.863877168593
11361,Queens,Queens County,2023-03-31,2365.4228089460526
11361,Queens,Queens County,2023-04-30,2372.2511465681496
11361,Queens,Queens County,2023-05-31,2385.234351963658
11361,Queens,Queens County,2023-06-30,2397.7334232027247
11361,Queens,Queens County,2023-07-31,2416.358039218559
11361,Queens,Queens County,2023-08-31,2424.8361041520257
11361,Queens,Queens County,2023-09-30,2428.8755227975253
11361,Queens,Queens County,2023-10-31,2398.0593244210067
11361,Queens,Queens County,2023-11-30,2385.805838043726
11361,Queens,Queens County,2023-12-31,2392.9235861422667
11361,Queens,Queens County,2024-01-31,2422.0974601218263
11361,Queens,Queens County,2024-02-29,2461.7550473639667
11361,Queens,Queens County,2024-03-31,2510.156811072279
11361,Queens,Queens County,2024-04-30,2555.787797307179
11361,Queens,Queens County,2024-05-31,2614.063050532359
11361,Queens,Queens County,2024-06-30,2573.54790386883
11361,Queens,Queens County,2024-07-31,2571.670158840544
11361,Queens,Queens County,2024-08-31,2574.0988741876768
11361,Queens,Queens County,2024-09-30,2648.4442042427113
11361,Queens,Queens County,2024-10-31,2674.8874284231924
11361,Queens,Queens County,2024-11-30,2683.905126914921
11361,Queens,Queens County,2024-12-31,2648.686294237846
11361,Queens,Queens County,2025-01-31,2650.6246305461186
11361,Queens,Queens County,2025-02-28,2662.979208353228
11361,Queens,Queens County,2025-03-31,2694.1781152148033
11361,Queens,Queens County,2025-04-30,2671.2934173032418
11361,Queens,Queens County,2025-05-31,2645.4455748952696
11361,Queens,Queens County,2025-06-30,2696.9217139426864
11361,Queens,Queens County,2025-07-31,2763.777554829896
11361,Queens,Queens County,2025-08-31,2794.3388240749414
11361,Queens,Queens County,2025-09-30,2780.9105256257017
11361,Queens,Queens County,2025-10-31,2746.035136885623
11361,Queens,Queens County,2025-11-30,2706.5781480003093
11361,Queens,Queens County,2025-12-31,2718.640172214806
11361,Queens,Queens County,2026-01-31,2805.95226323088
11361,Queens,Queens County,2026-02-28,2813.2392246909776
11361,Queens,Queens County,2026-03-31,2835.0553979870865
11361,Queens,Queens County,2026-04-30,2721.347764575859
11361,Queens,Queens County,2026-05-31,2803.3183389125165
11361,Queens,Queens County,2026-06-30,2827.8863196936877
11361,Queens,Queens County,2026-07-31,2935.1007326007325
11232,Brooklyn,Kings County,2020-04-30,2355.2871461041327
11232,Brooklyn,Kings County,2020-05-31,2379.1994291574674
11232,Brooklyn,Kings County,2020-06-30,2418.3572753064327
11232,Brooklyn,Kings County,2020-07-31,2371.483382907094
11232,Brooklyn,Kings County,2020-08-31,2345.8582807663197
11232,Brooklyn,Kings County,2020-09-30,2300.7571465680644
11232,Brooklyn,Kings County,2020-10-31,2251.39555188273
11232,Brooklyn,Kings County,2020-11-30,2196.6770727955677
11232,Brooklyn,Kings County,2020-12-31,2212.3003340667237
11232,Brooklyn,Kings County,2021-01-31,2257.8867331722117
11232,Brooklyn,Kings County,2021-02-28,2300.7181888936507
11232,Brooklyn,Kings County,2021-03-31,2283.958166409339
11232,Brooklyn,Kings County,2021-04-30,2260.5947223307276
11232,Brooklyn,Kings County,2021-05-31,2267.8573955020333
11232,Brooklyn,Kings County,2021-06-30,2319.0750878602375
11232,Brooklyn,Kings County,2021-07-31,2361.7326251818636
11232,Brooklyn,Kings County,2021-08-31,2379.2381474015247
11232,Brooklyn,Kings County,2021-09-30,2356.0581982130598
11232,Brooklyn,Kings County,2021-10-31,2381.447507797538
11232,Brooklyn,Kings County,2021-11-30,2390.8386180656357
11232,Brooklyn,Kings County,2021-12-31,2391.314131342092
11232,Brooklyn,Kings County,2022-01-31,2412.078794148296
11232,Brooklyn,Kings County,2022-02-28,2459.2587599029116
11232,Brooklyn,Kings County,2022-03-31,2552.4702223114796
11232,Brooklyn,Kings County,2022-04-30,2572.9906328676984
11232,Brooklyn,Kings County,2022-05-31,2612.7508632338486
11232,Brooklyn,Kings County,2022-06-30,2641.4879571168613
11232,Brooklyn,Kings County,2022-07-31,2717.6476508029414
11232,Brooklyn,Kings County,2022-08-31,2857.4205907444684
11232,Brooklyn,Kings County,2022-09-30,2912.1848371785954
11232,Brooklyn,Kings County,2022-10-31,2898.230880020038
11232,Brooklyn,Kings County,2022-11-30,2792.704626477606
11232,Brooklyn,Kings County,2022-12-31,2763.7754680669273
11232,Brooklyn,Kings County,2023-01-31,2758.7250945149663
11232,Brooklyn,Kings County,2023-02-28,2731.1606870199184
11232,Brooklyn,Kings County,2023-03-31,2729.0503226521737
11232,Brooklyn,Kings County,2023-04-30,2785.7081736796727
11232,Brooklyn,Kings County,2023-05-31,2879.731774183479
11232,Brooklyn,Kings County,2023-06-30,2954.25174482318
11232,Brooklyn,Kings County,2023-07-31,2992.220675053054
11232,Brooklyn,Kings County,2023-08-31,2984.4272489738432
11232,Brooklyn,Kings County,2023-09-30,2988.0180720512244
11232,Brooklyn,Kings County,2023-10-31,2960.210532985628
11232,Brooklyn,Kings County,2023-11-30,2944.5143839462366
11232,Brooklyn,Kings County,2023-12-31,2898.577952671484
11232,Brooklyn,Kings County,2024-01-31,2852.01688794798
11232,Brooklyn,Kings County,2024-02-29,2873.793758569937
11232,Brooklyn,Kings County,2024-03-31,2888.909612208943
11232,Brooklyn,Kings County,2024-04-30,2950.028982199197
11232,Brooklyn,Kings County,2024-05-31,2945.739354405257
11232,Brooklyn,Kings County,2024-06-30,3015.3377036732177
11232,Brooklyn,Kings County,2024-07-31,3015.263769559659
11232,Brooklyn,Kings County,2024-08-31,3076.4611103215852
11232,Brooklyn,Kings County,2024-09-30,3091.700968834845
11232,Brooklyn,Kings County,2024-10-31,3187.4359475270644
11232,Brooklyn,Kings County,2024-11-30,3124.6302057276694
11232,Brooklyn,Kings County,2024-12-31,3004.274965394589
11232,Brooklyn,Kings County,2025-01-31,2909.036034877422
11232,Brooklyn,Kings County,2025-02-28,2941.6745446262457
11232,Brooklyn,Kings County,2025-03-31,3021.810027030157
11232,Brooklyn,Kings County,2025-04-30,3084.2295095414192
11232,Brooklyn,Kings County,2025-05-31,3180.367917828178
11232,Brooklyn,Kings County,2025-06-30,3282.5250588437534
11232,Brooklyn,Kings County,2025-07-31,3332.540077379154
11232,Brooklyn,Kings County,2025-08-31,3294.5891896004578
11232,Brooklyn,Kings County,2025-09-30,3232.125145898183
11232,Brooklyn,Kings County,2025-10-31,3214.654042239972
11232,Brooklyn,Kings County,2025-11-30,3184.6472246626586
11232,Brooklyn,Kings County,2025-12-31,3220.4361693877436
11232,Brooklyn,Kings County,2026-01-31,3221.673362060702
11232,Brooklyn,Kings County,2026-02-28,3267.305363430998
11232,Brooklyn,Kings County,2026-03-31,3208.5988858426153
11232,Brooklyn,Kings County,2026-04-30,3172.9649611007967
11232,Brooklyn,Kings County,2026-05-31,3173.2403117565927
11232,Brooklyn,Kings County,2026-06-30,3258.2210921963747
11232,Brooklyn,Kings County,2026-07-31,3317.3138888888884
10308,Staten Island,Richmond County,2026-07-31,2600.0
10065,Manhattan,New York County,2015-01-31,2946.3182662476665
10065,Manhattan,New York County,2015-02-28,2987.6610419896206
10065,Manhattan,New York County,2015-03-31,2991.7363371370693
10065,Manhattan,New York County,2015-04-30,3009.838055841062
10065,Manhattan,New York County,2015-05-31,3012.7756673596837
10065,Manhattan,New York County,2015-06-30,3034.2608721301795
10065,Manhattan,New York County,2015-07-31,3062.2629719600163
10065,Manhattan,New York County,2015-08-31,3092.10616748012
10065,Manhattan,New York County,2015-09-30,3089.3471221558343
10065,Manhattan,New York County,2015-10-31,3076.858207314677
10065,Manhattan,New York County,2015-11-30,3049.263048615996
10065,Manhattan,New York County,2015-12-31,3047.454683399625
10065,Manhattan,New York County,2016-01-31,3043.889790908204
10065,Manhattan,New York County,2016-02-29,3046.811926167434
10065,Manhattan,New York County,2016-03-31,3076.102556907248
10065,Manhattan,New York County,2016-04-30,3085.6534965952983
10065,Manhattan,New York County,2016-05-31,3113.181362812217
10065,Manhattan,New York County,2016-06-30,3099.704597295529
10065,Manhattan,New York County,2016-07-31,3106.5220927248997
10065,Manhattan,New York County,2016-08-31,3089.032770910631
10065,Manhattan,New York County,2016-09-30,3070.101718357044
10065,Manhattan,New York County,2016-10-31,3069.041540777292
10065,Manhattan,New York County,2016-11-30,3047.6864633289624
10065,Manhattan,New York County,2016-12-31,3074.218503243055
10065,Manhattan,New York County,2017-01-31,3069.2208746387637
10065,Manhattan,New York County,2017-02-28,3076.553810809827
10065,Manhattan,New York County,2017-03-31,3073.5745640277705
10065,Manhattan,New York County,2017-04-30,3093.4609130381054
10065,Manhattan,New York County,2017-05-31,3123.505415410027
10065,Manhattan,New York County,2017-06-30,3130.0141739008363
10065,Manhattan,New York County,2017-07-31,3136.5247945480887
10065,Manhattan,New York County,2017-08-31,3131.6249884768986
10065,Manhattan,New York County,2017-09-30,3129.0753674214566
10065,Manhattan,New York County,2017-10-31,3103.422352155314
10065,Manhattan,New York County,2017-11-30,3089.5433664017883
10065,Manhattan,New York County,2017-12-31,3058.454120964914
10065,Manhattan,New York County,2018-01-31,3069.647965084063
10065,Manhattan,New York County,2018-02-28,3064.5535792146725
10065,Manhattan,New York County,2018-03-31,3089.753796922924
10065,Manhattan,New York County,2018-04-30,3103.3241106058404
10065,Manhattan,New York County,2018-05-31,3142.093911065335
10065,Manhattan,New York County,2018-06-30,3164.223741088127
10065,Manhattan,New York County,2018-07-31,3189.6424942177755
10065,Manhattan,New York County,2018-08-31,3186.3737403562473
10065,Manhattan,New York County,2018-09-30,3183.241014754681
10065,Manhattan,New York County,2018-10-31,3203.2513056786365
10065,Manhattan,New York County,2018-11-30,3185.7356042343117
10065,Manhattan,New York County,2018-12-31,3196.126624021175
10065,Manhattan,New York County,2019-01-31,3151.2484389369306
10065,Manhattan,New York County,2019-02-28,3166.6836897440653
10065,Manhattan,New York County,2019-03-31,3160.2731493936694
10065,Manhattan,New York County,2019-04-30,3191.296533017807
10065,Manhattan,New York County,2019-05-31,3222.7921604877306
10065,Manhattan,New York County,2019-06-30,3287.437012874542
10065,Manhattan,New York County,2019-07-31,3283.87151059336
10065,Manhattan,New York County,2019-08-31,3275.670487263704
10065,Manhattan,New York County,2019-09-30,3236.2252453911383
10065,Manhattan,New York County,2019-10-31,3262.803096033875
10065,Manhattan,New York County,2019-11-30,3255.825621690394
10065,Manhattan,New York County,2019-12-31,3278.652148390934
10065,Manhattan,New York County,2020-01-31,3259.563342527059
10065,Manhattan,New York County,2020-02-29,3310.2642321797593
10065,Manhattan,New York County,2020-03-31,3320.0214428602853
10065,Manhattan,New York County,2020-04-30,3295.196577669341
10065,Manhattan,New York County,2020-05-31,3237.551542095349
10065,Manhattan,New York County,2020-06-30,3170.5962406953595
10065,Manhattan,New York County,2020-07-31,3134.0771615333524
10065,Manhattan,New York County,2020-08-31,3032.409435889346
10065,Manhattan,New York County,2020-09-30,2925.1353526031953
10065,Manhattan,New York County,2020-10-31,2845.773590405874
10065,Manhattan,New York County,2020-11-30,2776.9277152106906
10065,Manhattan,New York County,2020-12-31,2758.3790833100943
10065,Manhattan,New York County,2021-01-31,2743.915935651373
10065,Manhattan,New York County,2021-02-28,2770.131848379722
10065,Manhattan,New York County,2021-03-31,2793.483290944793
10065,Manhattan,New York County,2021-04-30,2830.8750019573995
10065,Manhattan,New York County,2021-05-31,2874.134335685639
10065,Manhattan,New York County,2021-06-30,2919.6925624377586
10065,Manhattan,New York County,2021-07-31,3017.3461860876373
10065,Manhattan,New York County,2021-08-31,3126.7701564768495
10065,Manhattan,New York County,2021-09-30,3237.8438660355573
10065,Manhattan,New York County,2021-10-31,3310.3257257542336
10065,Manhattan,New York County,2021-11-30,3352.686989341868
10065,Manhattan,New York County,2021-12-31,3396.7975074022966
10065,Manhattan,New York County,2022-01-31,3415.1616671946676
10065,Manhattan,New York County,2022-02-28,3487.511579815297
10065,Manhattan,New York County,2022-03-31,3546.9374126728653
10065,Manhattan,New York County,2022-04-30,3616.7063960309115
10065,Manhattan,New York County,2022-05-31,3673.0586554369906
10065,Manhattan,New York County,2022-06-30,3736.786464014714
10065,Manhattan,New York County,2022-07-31,3772.5462905791715
10065,Manhattan,New York County,2022-08-31,3804.244008315353
10065,Manhattan,New York County,2022-09-30,3782.453980363906
10065,Manhattan,New York County,2022-10-31,3758.3579563184153
10065,Manhattan,New York County,2022-11-30,3725.2650713755124
10065,Manhattan,New York County,2022-12-31,3712.8804703538085
10065,Manhattan,New York County,2023-01-31,3717.8307593317604
10065,Manhattan,New York County,2023-02-28,3705.216817851119
10065,Manhattan,New York County,2023-03-31,3744.3505004084795
10065,Manhattan,New York County,2023-04-30,3824.770815024969
10065,Manhattan,New York County,2023-05-31,3866.2514958856377
10065,Manhattan,New York County,2023-06-30,3907.556506130695
10065,Manhattan,New York County,2023-07-31,3898.67926169113
10065,Manhattan,New York County,2023-08-31,3950.6556196851006
10065,Manhattan,New York County,2023-09-30,3936.579468397005
10065,Manhattan,New York County,2023-10-31,3895.933291407309
10065,Manhattan,New York County,2023-11-30,3882.400803142985
10065,Manhattan,New York County,2023-12-31,3831.051648931616
10065,Manhattan,New York County,2024-01-31,3868.5758918172046
10065,Manhattan,New York County,2024-02-29,3842.8498582108177
10065,Manhattan,New York County,2024-03-31,3918.4061393390757
10065,Manhattan,New York County,2024-04-30,3951.4866645073303
10065,Manhattan,New York County,2024-05-31,4019.900938624646
10065,Manhattan,New York County,2024-06-30,4041.9712340494348
10065,Manhattan,New York County,2024-07-31,4064.2743162117836
10065,Manhattan,New York County,2024-08-31,4048.9420423556335
10065,Manhattan,New York County,2024-09-30,4064.683589767032
10065,Manhattan,New York County,2024-10-31,4017.8720422570664
10065,Manhattan,New York County,2024-11-30,4029.8353793727165
10065,Manhattan,New York County,2024-12-31,4007.313906912477
10065,Manhattan,New York County,2025-01-31,4031.528649686304
10065,Manhattan,New York County,2025-02-28,4036.4074397748377
10065,Manhattan,New York County,2025-03-31,4076.894198262141
10065,Manhattan,New York County,2025-04-30,4166.146735671851
10065,Manhattan,New York County,2025-05-31,4283.012848677332
10065,Manhattan,New York County,2025-06-30,4374.295688788008
10065,Manhattan,New York County,2025-07-31,4447.759802148547
10065,Manhattan,New York County,2025-08-31,4448.605596840834
10065,Manhattan,New York County,2025-09-30,4442.283131097312
10065,Manhattan,New York County,2025-10-31,4394.6698826407965
10065,Manhattan,New York County,2025-11-30,4470.637447698423
10065,Manhattan,New York County,2025-12-31,4511.395612842341
10065,Manhattan,New York County,2026-01-31,4553.0893029645085
10065,Manhattan,New York County,2026-02-28,4527.630947968774
10065,Manhattan,New York County,2026-03-31,4536.344577012765
10065,Manhattan,New York County,2026-04-30,4587.635341297673
10065,Manhattan,New York County,2026-05-31,4615.40246637835
10065,Manhattan,New York County,2026-06-30,4698.484616006978
10065,Manhattan,New York County,2026-07-31,4737.356837606837
10013,Manhattan,New York County,2015-01-31,3932.5156464684724
10013,Manhattan,New York County,2015-02-28,3918.3559722501727
10013,Manhattan,New York County,2015-03-31,3938.2495968958665
10013,Manhattan,New York County,2015-04-30,4015.3347160224885
10013,Manhattan,New York County,2015-05-31,4077.618531115338
10013,Manhattan,New York County,2015-06-30,4133.866170617059
10013,Manhattan,New York County,2015-07-31,4121.066013248506
10013,Manhattan,New York County,2015-08-31,4090.3199324402303
10013,Manhattan,New York County,2015-09-30,4089.189074413065
10013,Manhattan,New York County,2015-10-31,4021.725372386698
10013,Manhattan,New York County,2015-11-30,4030.5085890435093
10013,Manhattan,New York County,2015-12-31,3987.086595849519
10013,Manhattan,New York County,2016-01-31,4018.7323802818146
10013,Manhattan,New York County,2016-02-29,3944.562612647085
10013,Manhattan,New York County,2016-03-31,3958.10825151891
10013,Manhattan,New York County,2016-04-30,3999.690741101404
10013,Manhattan,New York County,2016-05-31,4097.349425687097
10013,Manhattan,New York County,2016-06-30,4136.1008902293215
10013,Manhattan,New York County,2016-07-31,4167.541402099992
10013,Manhattan,New York County,2016-08-31,4178.7466404605875
10013,Manhattan,New York County,2016-09-30,4165.763358232132
10013,Manhattan,New York County,2016-10-31,4110.443563076464
10013,Manhattan,New York County,2016-11-30,4039.3138181732425
10013,Manhattan,New York County,2016-12-31,3939.1729677597227
10013,Manhattan,New York County,2017-01-31,3909.1629118961678
10013,Manhattan,New York County,2017-02-28,3942.4568928780536
10013,Manhattan,New York County,2017-03-31,4040.946134430983
10013,Manhattan,New York County,2017-04-30,4114.292264125145
10013,Manhattan,New York County,2017-05-31,4150.853361686654
10013,Manhattan,New York County,2017-06-30,4166.865460099353
10013,Manhattan,New York County,2017-07-31,4174.36333870761
10013,Manhattan,New York County,2017-08-31,4193.238398340613
10013,Manhattan,New York County,2017-09-30,4169.426935099784
10013,Manhattan,New York County,2017-10-31,4099.465582950226
10013,Manhattan,New York County,2017-11-30,4069.1121706477297
10013,Manhattan,New York County,2017-12-31,4056.396088943678
10013,Manhattan,New York County,2018-01-31,4060.3532094506727
10013,Manhattan,New York County,2018-02-28,4062.1898378836536
10013,Manhattan,New York County,2018-03-31,4120.712955683203
10013,Manhattan,New York County,2018-04-30,4170.210529938308
10013,Manhattan,New York County,2018-05-31,4206.169820730789
10013,Manhattan,New York County,2018-06-30,4200.546411950965
10013,Manhattan,New York County,2018-07-31,4224.535154125031
10013,Manhattan,New York County,2018-08-31,4228.593012821329
10013,Manhattan,New York County,2018-09-30,4235.75304593028
10013,Manhattan,New York County,2018-10-31,4243.791522819082
10013,Manhattan,New York County,2018-11-30,4261.63391173624
10013,Manhattan,New York County,2018-12-31,4190.278246051467
10013,Manhattan,New York County,2019-01-31,4175.217760781255
10013,Manhattan,New York County,2019-02-28,4170.115915240727
10013,Manhattan,New York County,2019-03-31,4291.87606206447
10013,Manhattan,New York County,2019-04-30,4328.015554032343
10013,Manhattan,New York County,2019-05-31,4348.50251637286
10013,Manhattan,New York County,2019-06-30,4336.640306496845
10013,Manhattan,New York County,2019-07-31,4361.164171397702
10013,Manhattan,New York County,2019-08-31,4375.7008989869655
10013,Manhattan,New York County,2019-09-30,4375.054430942601
10013,Manhattan,New York County,2019-10-31,4346.178009971136
10013,Manhattan,New York County,2019-11-30,4348.288951096881
10013,Manhattan,New York County,2019-12-31,4365.765618591143
10013,Manhattan,New York County,2020-01-31,4327.540735456439
10013,Manhattan,New York County,2020-02-29,4371.4211545230555
10013,Manhattan,New York County,2020-03-31,4432.951165461027
10013,Manhattan,New York County,2020-04-30,4472.973945714344
10013,Manhattan,New York County,2020-05-31,4356.12455115495
10013,Manhattan,New York County,2020-06-30,4229.637929037052
10013,Manhattan,New York County,2020-07-31,4147.1402950890215
10013,Manhattan,New York County,2020-08-31,4048.715529580704
10013,Manhattan,New York County,2020-09-30,3904.911079935162
10013,Manhattan,New York County,2020-10-31,3757.858898882815
10013,Manhattan,New York County,2020-11-30,3699.57193224202
10013,Manhattan,New York County,2020-12-31,3697.243454193455
10013,Manhattan,New York County,2021-01-31,3713.7959140677185
10013,Manhattan,New York County,2021-02-28,3743.599784986814
10013,Manhattan,New York County,2021-03-31,3757.0828346771286
10013,Manhattan,New York County,2021-04-30,3848.016693580443
10013,Manhattan,New York County,2021-05-31,3962.967685242313
10013,Manhattan,New York County,2021-06-30,4121.721387393047
10013,Manhattan,New York County,2021-07-31,4306.58358892844
10013,Manhattan,New York County,2021-08-31,4468.679218149061
10013,Manhattan,New York County,2021-09-30,4605.117708610441
10013,Manhattan,New York County,2021-10-31,4705.270063038932
10013,Manhattan,New York County,2021-11-30,4745.0992223352205
10013,Manhattan,New York County,2021-12-31,4792.8308218097645
10013,Manhattan,New York County,2022-01-31,4784.539218132346
10013,Manhattan,New York County,2022-02-28,4830.074393337492
10013,Manhattan,New York County,2022-03-31,4858.745294916507
10013,Manhattan,New York County,2022-04-30,4951.348125594702
10013,Manhattan,New York County,2022-05-31,5040.495470894258
10013,Manhattan,New York County,2022-06-30,5146.361432827931
10013,Manhattan,New York County,2022-07-31,5169.615979508676
10013,Manhattan,New York County,2022-08-31,5209.004522237208
10013,Manhattan,New York County,2022-09-30,5182.98596985747
10013,Manhattan,New York County,2022-10-31,5181.662035849596
10013,Manhattan,New York County,2022-11-30,5142.16165757039
10013,Manhattan,New York County,2022-12-31,5088.55177924867
10013,Manhattan,New York County,2023-01-31,5058.565153398538
10013,Manhattan,New York County,2023-02-28,5025.280403386032
10013,Manhattan,New York County,2023-03-31,5072.0467190990385
10013,Manhattan,New York County,2023-04-30,5148.211300470553
10013,Manhattan,New York County,2023-05-31,5235.850478693222
10013,Manhattan,New York County,2023-06-30,5333.368069236238
10013,Manhattan,New York County,2023-07-31,5375.312795564369
10013,Manhattan,New York County,2023-08-31,5367.428196986846
10013,Manhattan,New York County,2023-09-30,5309.566471551389
10013,Manhattan,New York County,2023-10-31,5251.466285660335
10013,Manhattan,New York County,2023-11-30,5217.261018682307
10013,Manhattan,New York County,2023-12-31,5194.513399318048
10013,Manhattan,New York County,2024-01-31,5216.431645233256
10013,Manhattan,New York County,2024-02-29,5241.243256063289
10013,Manhattan,New York County,2024-03-31,5327.395439611368
10013,Manhattan,New York County,2024-04-30,5409.23035236168
10013,Manhattan,New York County,2024-05-31,5480.299762693764
10013,Manhattan,New York County,2024-06-30,5546.30634824425
10013,Manhattan,New York County,2024-07-31,5530.24475498982
10013,Manhattan,New York County,2024-08-31,5573.872192017858
10013,Manhattan,New York County,2024-09-30,5514.309553541627
10013,Manhattan,New York County,2024-10-31,5535.471143236153
10013,Manhattan,New York County,2024-11-30,5449.5777563555175
10013,Manhattan,New York County,2024-12-31,5434.989080044567
10013,Manhattan,New York County,2025-01-31,5439.792695566699
10013,Manhattan,New York County,2025-02-28,5551.344770499826
10013,Manhattan,New York County,2025-03-31,5696.926806216503
10013,Manhattan,New York County,2025-04-30,5767.455365993938
10013,Manhattan,New York County,2025-05-31,5790.988993932852
10013,Manhattan,New York County,2025-06-30,5845.254041114867
10013,Manhattan,New York County,2025-07-31,5960.653015270442
10013,Manhattan,New York County,2025-08-31,6098.505019907226
10013,Manhattan,New York County,2025-09-30,6103.8340646056395
10013,Manhattan,New York County,2025-10-31,6067.169153478616
10013,Manhattan,New York County,2025-11-30,6005.900043805124
10013,Manhattan,New York County,2025-12-31,5961.780202188649
10013,Manhattan,New York County,2026-01-31,5977.423289911245
10013,Manhattan,New York County,2026-02-28,6082.574495314771
10013,Manhattan,New York County,2026-03-31,6212.904191996951
10013,Manhattan,New York County,2026-04-30,6332.187915906086
10013,Manhattan,New York County,2026-05-31,6350.71024728522
10013,Manhattan,New York County,2026-06-30,6486.364251862076
10013,Manhattan,New York County,2026-07-31,6527.86515717398
11102,Queens,Queens County,2015-03-31,2327.9023832050457
11102,Queens,Queens County,2015-04-30,2299.615745507799
11102,Queens,Queens County,2015-05-31,2317.0113636558012
11102,Queens,Queens County,2015-06-30,2301.539731293278
11102,Queens,Queens County,2015-07-31,2351.467214521948
11102,Queens,Queens County,2015-08-31,2373.257211994774
11102,Queens,Queens County,2015-09-30,2424.1446837000176
11102,Queens,Queens County,2015-10-31,2420.3434384777784
11102,Queens,Queens County,2015-11-30,2400.0411367810916
11102,Queens,Queens County,2015-12-31,2328.5103203825893
11102,Queens,Queens County,2016-01-31,2285.5990449197875
11102,Queens,Queens County,2016-02-29,2273.9810736290806
11102,Queens,Queens County,2016-03-31,2267.242219871766
11102,Queens,Queens County,2016-04-30,2326.1035304103816
11102,Queens,Queens County,2016-05-31,2348.483976181855
11102,Queens,Queens County,2016-06-30,2416.4183150320346
11102,Queens,Queens County,2016-07-31,2416.934180994351
11102,Queens,Queens County,2016-08-31,2440.352114301748
11102,Queens,Queens County,2016-09-30,2455.7568337372645
11102,Queens,Queens County,2016-10-31,2442.05726101462
11102,Queens,Queens County,2016-11-30,2420.4631919676904
11102,Queens,Queens County,2016-12-31,2377.0537920593647
11102,Queens,Queens County,2017-01-31,2371.167939706654
11102,Queens,Queens County,2017-02-28,2377.2463527767495
11102,Queens,Queens County,2017-03-31,2407.000946290366
11102,Queens,Queens County,2017-04-30,2412.4230767667395
11102,Queens,Queens County,2017-05-31,2447.109634800478
11102,Queens,Queens County,2017-06-30,2463.3941816151637
11102,Queens,Queens County,2017-07-31,2481.588559105012
11102,Queens,Queens County,2017-08-31,2458.1760801811756
11102,Queens,Queens County,2017-09-30,2466.432880535705
11102,Queens,Queens County,2017-10-31,2458.775013087491
11102,Queens,Queens County,2017-11-30,2444.1856484612035
11102,Queens,Queens County,2017-12-31,2418.183461597827
11102,Queens,Queens County,2018-01-31,2372.0784428745583
11102,Queens,Queens County,2018-02-28,2377.860324957165
11102,Queens,Queens County,2018-03-31,2379.315482477874
11102,Queens,Queens County,2018-04-30,2427.7045512711347
11102,Queens,Queens County,2018-05-31,2430.517108079036
11102,Queens,Queens County,2018-06-30,2434.472216013837
11102,Queens,Queens County,2018-07-31,2460.036472366743
11102,Queens,Queens County,2018-08-31,2505.8163788091465
11102,Queens,Queens County,2018-09-30,2536.3180926850946
11102,Queens,Queens County,2018-10-31,2514.662444628414
11102,Queens,Queens County,2018-11-30,2464.5986580024
11102,Queens,Queens County,2018-12-31,2455.867438392957
11102,Queens,Queens County,2019-01-31,2437.1432535602785
11102,Queens,Queens County,2019-02-28,2467.5763468008718
11102,Queens,Queens County,2019-03-31,2473.4838194959343
11102,Queens,Queens County,2019-04-30,2501.8771439349484
11102,Queens,Queens County,2019-05-31,2515.8298355417974
11102,Queens,Queens County,2019-06-30,2524.276202250804
11102,Queens,Queens County,2019-07-31,2531.6204177074696
11102,Queens,Queens County,2019-08-31,2527.7982348234
11102,Queens,Queens County,2019-09-30,2543.1882441629455
11102,Queens,Queens County,2019-10-31,2552.041313788153
11102,Queens,Queens County,2019-11-30,2560.6849700696303
11102,Queens,Queens County,2019-12-31,2543.170808992994
11102,Queens,Queens County,2020-01-31,2563.878602765831
11102,Queens,Queens County,2020-02-29,2559.4629885901563
11102,Queens,Queens County,2020-03-31,2546.912152241532
11102,Queens,Queens County,2020-04-30,2522.2176670260324
11102,Queens,Queens County,2020-05-31,2509.1768314639703
11102,Queens,Queens County,2020-06-30,2536.2829097697468
11102,Queens,Queens County,2020-07-31,2527.8207432645845
11102,Queens,Queens County,2020-08-31,2531.7197465358695
11102,Queens,Queens County,2020-09-30,2489.322971343738
11102,Queens,Queens County,2020-10-31,2476.10527102801
11102,Queens,Queens County,2020-11-30,2447.415162961922
11102,Queens,Queens County,2020-12-31,2430.492814041097
11102,Queens,Queens County,2021-01-31,2394.890106325151
11102,Queens,Queens County,2021-02-28,2365.4093659259106
11102,Queens,Queens County,2021-03-31,2373.4262024426466
11102,Queens,Queens County,2021-04-30,2396.01231525437
11102,Queens,Queens County,2021-05-31,2427.643777990713
11102,Queens,Queens County,2021-06-30,2439.3124955014655
11102,Queens,Queens County,2021-07-31,2491.6719169298412
11102,Queens,Queens County,2021-08-31,2523.780717552611
11102,Queens,Queens County,2021-09-30,2545.355770988098
11102,Queens,Queens County,2021-10-31,2536.3745470559866
11102,Queens,Queens County,2021-11-30,2580.835152598565
11102,Queens,Queens County,2021-12-31,2607.2546572947017
11102,Queens,Queens County,2022-01-31,2638.536563670014
11102,Queens,Queens County,2022-02-28,2648.501031660673
11102,Queens,Queens County,2022-03-31,2674.4123359575487
11102,Queens,Queens County,2022-04-30,2685.137901272693
11102,Queens,Queens County,2022-05-31,2706.613937080754
11102,Queens,Queens County,2022-06-30,2765.1889531081447
11102,Queens,Queens County,2022-07-31,2816.5483538538683
11102,Queens,Queens County,2022-08-31,2855.8673134862097
11102,Queens,Queens County,2022-09-30,2880.4032594183727
11102,Queens,Queens County,2022-10-31,2908.732251396851
11102,Queens,Queens County,2022-11-30,2925.8507359912255
11102,Queens,Queens County,2022-12-31,2940.3462177647925
11102,Queens,Queens County,2023-01-31,2948.336016419721
11102,Queens,Queens County,2023-02-28,2916.8138009564277
11102,Queens,Queens County,2023-03-31,2901.7912404335852
11102,Queens,Queens County,2023-04-30,2901.6972940555534
11102,Queens,Queens County,2023-05-31,2944.111756024243
11102,Queens,Queens County,2023-06-30,2940.9504892924083
11102,Queens,Queens County,2023-07-31,2962.7122960873075
11102,Queens,Queens County,2023-08-31,2959.6941547972974
11102,Queens,Queens County,2023-09-30,2967.5463713315266
11102,Queens,Queens County,2023-10-31,2956.1895689837374
11102,Queens,Queens County,2023-11-30,2969.715447494302
11102,Queens,Queens County,2023-12-31,2995.5471682602783
11102,Queens,Queens County,2024-01-31,2988.6868458453873
11102,Queens,Queens County,2024-02-29,2971.4470668727895
11102,Queens,Queens County,2024-03-31,2967.512158584899
11102,Queens,Queens County,2024-04-30,3014.7336803981907
11102,Queens,Queens County,2024-05-31,3053.631492038173
11102,Queens,Queens County,2024-06-30,3079.8072634864448
11102,Queens,Queens County,2024-07-31,3070.763321405908
11102,Queens,Queens County,2024-08-31,3073.724108692823
11102,Queens,Queens County,2024-09-30,3063.1728156506683
11102,Queens,Queens County,2024-10-31,3055.439053782472
11102,Queens,Queens County,2024-11-30,3043.0890170662847
11102,Queens,Queens County,2024-12-31,3029.519765069757
11102,Queens,Queens County,2025-01-31,3034.8920562411445
11102,Queens,Queens County,2025-02-28,3081.0172871197187
11102,Queens,Queens County,2025-03-31,3128.4555027956553
11102,Queens,Queens County,2025-04-30,3157.5218345450157
11102,Queens,Queens County,2025-05-31,3184.750194143788
11102,Queens,Queens County,2025-06-30,3204.660203215473
11102,Queens,Queens County,2025-07-31,3228.7954843720413
11102,Queens,Queens County,2025-08-31,3231.774547240647
11102,Queens,Queens County,2025-09-30,3247.2359326361548
11102,Queens,Queens County,2025-10-31,3257.2412044709117
11102,Queens,Queens County,2025-11-30,3209.4164941400795
11102,Queens,Queens County,2025-12-31,3197.1916435327526
11102,Queens,Queens County,2026-01-31,3208.6462361006593
11102,Queens,Queens County,2026-02-28,3253.6098927886974
11102,Queens,Queens County,2026-03-31,3278.344824142957
11102,Queens,Queens County,2026-04-30,3239.595889216381
11102,Queens,Queens County,2026-05-31,3243.540815844385
11102,Queens,Queens County,2026-06-30,3250.8189698641213
11102,Queens,Queens County,2026-07-31,3323.0578703703704
10075,Manhattan,New York County,2015-01-31,2502.5938031900814
10075,Manhattan,New York County,2015-02-28,2524.1144217506
10075,Manhattan,New York County,2015-03-31,2545.412462764017
10075,Manhattan,New York County,2015-04-30,2572.2142628027427
10075,Manhattan,New York County,2015-05-31,2574.994874515274
10075,Manhattan,New York County,2015-06-30,2594.4083629003626
10075,Manhattan,New York County,2015-07-31,2610.6887589533494
10075,Manhattan,New York County,2015-08-31,2625.668312452096
10075,Manhattan,New York County,2015-09-30,2624.2494873311066
10075,Manhattan,New York County,2015-10-31,2619.7362317397256
10075,Manhattan,New York County,2015-11-30,2613.3521898538206
10075,Manhattan,New York County,2015-12-31,2610.4076579510643
10075,Manhattan,New York County,2016-01-31,2585.871366554749
10075,Manhattan,New York County,2016-02-29,2593.6786089187226
10075,Manhattan,New York County,2016-03-31,2598.014979110485
10075,Manhattan,New York County,2016-04-30,2631.0474763621705
10075,Manhattan,New York County,2016-05-31,2639.323386003313
10075,Manhattan,New York County,2016-06-30,2653.0583767787152
10075,Manhattan,New York County,2016-07-31,2665.845270785967
10075,Manhattan,New York County,2016-08-31,2677.3091023198804
10075,Manhattan,New York County,2016-09-30,2680.4479089097686
10075,Manhattan,New York County,2016-10-31,2664.893988013538
10075,Manhattan,New York County,2016-11-30,2641.748295994696
10075,Manhattan,New York County,2016-12-31,2613.822531959811
10075,Manhattan,New York County,2017-01-31,2599.3746756873725
10075,Manhattan,New York County,2017-02-28,2600.048836360956
10075,Manhattan,New York County,2017-03-31,2623.367293491925
10075,Manhattan,New York County,2017-04-30,2643.9511605456223
10075,Manhattan,New York County,2017-05-31,2664.958799406818
10075,Manhattan,New York County,2017-06-30,2679.309577812762
10075,Manhattan,New York County,2017-07-31,2693.5698145208744
10075,Manhattan,New York County,2017-08-31,2703.2655194585254
10075,Manhattan,New York County,2017-09-30,2698.058740346905
10075,Manhattan,New York County,2017-10-31,2671.7429743311195
10075,Manhattan,New York County,2017-11-30,2643.0750169033863
10075,Manhattan,New York County,2017-12-31,2619.982807408356
10075,Manhattan,New York County,2018-01-31,2617.4984638176793
10075,Manhattan,New York County,2018-02-28,2627.023453763766
10075,Manhattan,New York County,2018-03-31,2629.852922382093
10075,Manhattan,New York County,2018-04-30,2639.6331323703707
10075,Manhattan,New York County,2018-05-31,2674.3982762745895
10075,Manhattan,New York County,2018-06-30,2701.3558406050224
10075,Manhattan,New York County,2018-07-31,2738.688377959065
10075,Manhattan,New York County,2018-08-31,2728.2737163362576
10075,Manhattan,New York County,2018-09-30,2733.0191393103805
10075,Manhattan,New York County,2018-10-31,2713.964703702954
10075,Manhattan,New York County,2018-11-30,2717.461298000091
10075,Manhattan,New York County,2018-12-31,2718.386784765811
10075,Manhattan,New York County,2019-01-31,2706.850455312716
10075,Manhattan,New York County,2019-02-28,2705.7122292214062
10075,Manhattan,New York County,2019-03-31,2720.0223772571703
10075,Manhattan,New York County,2019-04-30,2750.4538009677967
10075,Manhattan,New York County,2019-05-31,2774.452266034533
10075,Manhattan,New York County,2019-06-30,2781.121828706515
10075,Manhattan,New York County,2019-07-31,2800.082042407491
10075,Manhattan,New York County,2019-08-31,2801.5009599242976
10075,Manhattan,New York County,2019-09-30,2824.120299201861
10075,Manhattan,New York County,2019-10-31,2818.7512183615486
10075,Manhattan,New York County,2019-11-30,2795.742999523442
10075,Manhattan,New York County,2019-12-31,2769.3607853217036
10075,Manhattan,New York County,2020-01-31,2760.980197693168
10075,Manhattan,New York County,2020-02-29,2792.1711480203917
10075,Manhattan,New York County,2020-03-31,2805.0656965049584
10075,Manhattan,New York County,2020-04-30,2819.317419739156
10075,Manhattan,New York County,2020-05-31,2779.96428859346
10075,Manhattan,New York County,2020-06-30,2745.0292341288173
10075,Manhattan,New York County,2020-07-31,2680.986554722389
10075,Manhattan,New York County,2020-08-31,2610.4884862079534
10075,Manhattan,New York County,2020-09-30,2517.116087981355
10075,Manhattan,New York County,2020-10-31,2438.3227833432456
10075,Manhattan,New York County,2020-11-30,2383.6603483128847
10075,Manhattan,New York County,2020-12-31,2334.621697933884
10075,Manhattan,New York County,2021-01-31,2310.4348931626146
10075,Manhattan,New York County,2021-02-28,2315.6870934879994
10075,Manhattan,New York County,2021-03-31,2343.8260462166654
10075,Manhattan,New York County,2021-04-30,2369.2495039556798
10075,Manhattan,New York County,2021-05-31,2412.9868320557
10075,Manhattan,New York County,2021-06-30,2480.5355736036686
10075,Manhattan,New York County,2021-07-31,2579.5301594051907
10075,Manhattan,New York County,2021-08-31,2673.9489551015076
10075,Manhattan,New York County,2021-09-30,2755.783002224712
10075,Manhattan,New York County,2021-10-31,2812.7892382174477
10075,Manhattan,New York County,2021-11-30,2836.3895179519445
10075,Manhattan,New York County,2021-12-31,2891.8874206717505
10075,Manhattan,New York County,2022-01-31,2947.1510777034405
10075,Manhattan,New York County,2022-02-28,3057.2130747652955
10075,Manhattan,New York County,2022-03-31,3106.516038722172
10075,Manhattan,New York County,2022-04-30,3162.53455203128
10075,Manhattan,New York County,2022-05-31,3177.775825950363
10075,Manhattan,New York County,2022-06-30,3228.371507120432
10075,Manhattan,New York County,2022-07-31,3263.7957085289463
10075,Manhattan,New York County,2022-08-31,3282.934772259806
10075,Manhattan,New York County,2022-09-30,3322.262725835357
10075,Manhattan,New York County,2022-10-31,3294.321039666654
10075,Manhattan,New York County,2022-11-30,3276.4511588992345
10075,Manhattan,New York County,2022-12-31,3225.1345122581674
10075,Manhattan,New York County,2023-01-31,3204.6046821554996
10075,Manhattan,New York County,2023-02-28,3230.4623929147147
10075,Manhattan,New York County,2023-03-31,3249.1774764159672
10075,Manhattan,New York County,2023-04-30,3302.486010827089
10075,Manhattan,New York County,2023-05-31,3333.1012438931884
10075,Manhattan,New York County,2023-06-30,3364.922826045539
10075,Manhattan,New York County,2023-07-31,3402.724102182569
10075,Manhattan,New York County,2023-08-31,3403.051430865366
10075,Manhattan,New York County,2023-09-30,3409.9268309139466
10075,Manhattan,New York County,2023-10-31,3404.38641859106
10075,Manhattan,New York County,2023-11-30,3365.4778662344997
10075,Manhattan,New York County,2023-12-31,3345.000834437874
10075,Manhattan,New York County,2024-01-31,3300.7028665393123
10075,Manhattan,New York County,2024-02-29,3320.272883883442
10075,Manhattan,New York County,2024-03-31,3348.6079249745267
10075,Manhattan,New York County,2024-04-30,3410.7436072396827
10075,Manhattan,New York County,2024-05-31,3438.124244545296
10075,Manhattan,New York County,2024-06-30,3452.2997847275597
10075,Manhattan,New York County,2024-07-31,3467.1303368015774
10075,Manhattan,New York County,2024-08-31,3494.9537411985743
10075,Manhattan,New York County,2024-09-30,3501.1360802327026
10075,Manhattan,New York County,2024-10-31,3495.637832410981
10075,Manhattan,New York County,2024-11-30,3506.305295182491
10075,Manhattan,New York County,2024-12-31,3491.5233547983685
10075,Manhattan,New York County,2025-01-31,3494.4263934246533
10075,Manhattan,New York County,2025-02-28,3474.1436418965104
10075,Manhattan,New York County,2025-03-31,3503.019153134382
10075,Manhattan,New York County,2025-04-30,3553.7503880275085
10075,Manhattan,New York County,2025-05-31,3591.7730554871423
10075,Manhattan,New York County,2025-06-30,3661.240274338999
10075,Manhattan,New York County,2025-07-31,3711.1575661684833
10075,Manhattan,New York County,2025-08-31,3798.9428077379894
10075,Manhattan,New York County,2025-09-30,3821.1946280397265
10075,Manhattan,New York County,2025-10-31,3812.4459254024273
10075,Manhattan,New York County,2025-11-30,3786.324648719879
10075,Manhattan,New York County,2025-12-31,3734.388417969691
10075,Manhattan,New York County,2026-01-31,3698.378231528044
10075,Manhattan,New York County,2026-02-28,3699.1290344672248
10075,Manhattan,New York County,2026-03-31,3759.5734867196275
10075,Manhattan,New York County,2026-04-30,3875.3870788700638
10075,Manhattan,New York County,2026-05-31,3928.1930805278867
10075,Manhattan,New York County,2026-06-30,3992.262025231804
10075,Manhattan,New York County,2026-07-31,3991.0361832611834
11416,Queens,Queens County,2026-07-31,2600.0
10036,Manhattan,New York County,2015-01-31,3317.9634323713385
10036,Manhattan,New York County,2015-02-28,3334.6064627048654
10036,Manhattan,New York County,2015-03-31,3360.5284876746036
10036,Manhattan,New York County,2015-04-30,3383.1834906494305
10036,Manhattan,New York County,2015-05-31,3383.166344630318
10036,Manhattan,New York County,2015-06-30,3397.6462380614153
10036,Manhattan,New York County,2015-07-31,3399.7824819414045
10036,Manhattan,New York County,2015-08-31,3408.9120873945503
10036,Manhattan,New York County,2015-09-30,3412.3917666772704
10036,Manhattan,New York County,2015-10-31,3400.828311107052
10036,Manhattan,New York County,2015-11-30,3386.977037850563
10036,Manhattan,New York County,2015-12-31,3354.54812213744
10036,Manhattan,New York County,2016-01-31,3353.800962936074
10036,Manhattan,New York County,2016-02-29,3344.9917278612497
10036,Manhattan,New York County,2016-03-31,3331.597699304177
10036,Manhattan,New York County,2016-04-30,3331.8274170485033
10036,Manhattan,New York County,2016-05-31,3357.3275452909124
10036,Manhattan,New York County,2016-06-30,3395.3896735428793
10036,Manhattan,New York County,2016-07-31,3410.677149446922
10036,Manhattan,New York County,2016-08-31,3403.987879763994
10036,Manhattan,New York County,2016-09-30,3385.928677963836
10036,Manhattan,New York County,2016-10-31,3371.765345137731
10036,Manhattan,New York County,2016-11-30,3351.315993508188
10036,Manhattan,New York County,2016-12-31,3332.762837031664
10036,Manhattan,New York County,2017-01-31,3335.486184226641
10036,Manhattan,New York County,2017-02-28,3344.222833940011
10036,Manhattan,New York County,2017-03-31,3348.316076556684
10036,Manhattan,New York County,2017-04-30,3346.187403215556
10036,Manhattan,New York County,2017-05-31,3380.5256924985088
10036,Manhattan,New York County,2017-06-30,3433.378098326036
10036,Manhattan,New York County,2017-07-31,3450.720600424996
10036,Manhattan,New York County,2017-08-31,3429.975713239354
10036,Manhattan,New York County,2017-09-30,3397.3884321183555
10036,Manhattan,New York County,2017-10-31,3359.919340986146
10036,Manhattan,New York County,2017-11-30,3318.4007464052734
10036,Manhattan,New York County,2017-12-31,3310.1460822349904
10036,Manhattan,New York County,2018-01-31,3312.5008676543703
10036,Manhattan,New York County,2018-02-28,3332.615235327976
10036,Manhattan,New York County,2018-03-31,3336.9146087959093
10036,Manhattan,New York County,2018-04-30,3347.6645183575106
10036,Manhattan,New York County,2018-05-31,3378.686119547339
10036,Manhattan,New York County,2018-06-30,3405.501852029545
10036,Manhattan,New York County,2018-07-31,3441.526336471729
10036,Manhattan,New York County,2018-08-31,3455.4387591179175
10036,Manhattan,New York County,2018-09-30,3448.3372403574294
10036,Manhattan,New York County,2018-10-31,3415.3298424449977
10036,Manhattan,New York County,2018-11-30,3375.2127827287136
10036,Manhattan,New York County,2018-12-31,3339.546470205106
10036,Manhattan,New York County,2019-01-31,3330.318287448047
10036,Manhattan,New York County,2019-02-28,3353.7781385369512
10036,Manhattan,New York County,2019-03-31,3396.648308100279
10036,Manhattan,New York County,2019-04-30,3441.867647999767
10036,Manhattan,New York County,2019-05-31,3474.653088545287
10036,Manhattan,New York County,2019-06-30,3501.0894246396265
10036,Manhattan,New York County,2019-07-31,3526.279757561084
10036,Manhattan,New York County,2019-08-31,3537.7018661269904
10036,Manhattan,New York County,2019-09-30,3531.520518734459
10036,Manhattan,New York County,2019-10-31,3501.7912994994626
10036,Manhattan,New York County,2019-11-30,3465.015862226898
10036,Manhattan,New York County,2019-12-31,3450.760300163631
10036,Manhattan,New York County,2020-01-31,3451.661239469196
10036,Manhattan,New York County,2020-02-29,3483.478616331333
10036,Manhattan,New York County,2020-03-31,3517.5145379178894
10036,Manhattan,New York County,2020-04-30,3500.0190356431963
10036,Manhattan,New York County,2020-05-31,3418.7135487291876
10036,Manhattan,New York County,2020-06-30,3351.316591338216
10036,Manhattan,New York County,2020-07-31,3296.875364754146
10036,Manhattan,New York County,2020-08-31,3214.3915603340793
10036,Manhattan,New York County,2020-09-30,3075.791943197108
10036,Manhattan,New York County,2020-10-31,2967.3660643690864
10036,Manhattan,New York County,2020-11-30,2878.5118723167634
10036,Manhattan,New York County,2020-12-31,2837.4699401262624
10036,Manhattan,New York County,2021-01-31,2811.712181444018
10036,Manhattan,New York County,2021-02-28,2828.9081714836857
10036,Manhattan,New York County,2021-03-31,2890.137058217294
10036,Manhattan,New York County,2021-04-30,2948.99634604954
10036,Manhattan,New York County,2021-05-31,3072.377828309606
10036,Manhattan,New York County,2021-06-30,3200.275224294991
10036,Manhattan,New York County,2021-07-31,3363.358126711478
10036,Manhattan,New York County,2021-08-31,3497.115244931315
10036,Manhattan,New York County,2021-09-30,3576.9918550396146
10036,Manhattan,New York County,2021-10-31,3651.78989953858
10036,Manhattan,New York County,2021-11-30,3706.106405427438
10036,Manhattan,New York County,2021-12-31,3744.2619304321593
10036,Manhattan,New York County,2022-01-31,3759.334605275435
10036,Manhattan,New York County,2022-02-28,3778.626238956786
10036,Manhattan,New York County,2022-03-31,3843.717009562244
10036,Manhattan,New York County,2022-04-30,3924.338901428802
10036,Manhattan,New York County,2022-05-31,4018.598951741151
10036,Manhattan,New York County,2022-06-30,4088.2694644295975
10036,Manhattan,New York County,2022-07-31,4154.112061040856
10036,Manhattan,New York County,2022-08-31,4165.764238023341
10036,Manhattan,New York County,2022-09-30,4184.427148565544
10036,Manhattan,New York County,2022-10-31,4139.651331549276
10036,Manhattan,New York County,2022-11-30,4067.491817410563
10036,Manhattan,New York County,2022-12-31,3970.8722052879984
10036,Manhattan,New York County,2023-01-31,3964.168599405601
10036,Manhattan,New York County,2023-02-28,3998.849895359589
10036,Manhattan,New York County,2023-03-31,4065.6443665926618
10036,Manhattan,New York County,2023-04-30,4096.854400292122
10036,Manhattan,New York County,2023-05-31,4154.336495141655
10036,Manhattan,New York County,2023-06-30,4191.763477085595
10036,Manhattan,New York County,2023-07-31,4224.93473831698
10036,Manhattan,New York County,2023-08-31,4231.752359419682
10036,Manhattan,New York County,2023-09-30,4241.8598377603885
10036,Manhattan,New York County,2023-10-31,4204.856167127584
10036,Manhattan,New York County,2023-11-30,4143.906337546955
10036,Manhattan,New York County,2023-12-31,4084.157535646749
10036,Manhattan,New York County,2024-01-31,4093.2566488213247
10036,Manhattan,New York County,2024-02-29,4112.435610023893
10036,Manhattan,New York County,2024-03-31,4151.977554221465
10036,Manhattan,New York County,2024-04-30,4182.649829710182
10036,Manhattan,New York County,2024-05-31,4261.392549209256
10036,Manhattan,New York County,2024-06-30,4309.52148401201
10036,Manhattan,New York County,2024-07-31,4342.041661354019
10036,Manhattan,New York County,2024-08-31,4331.610571357181
10036,Manhattan,New York County,2024-09-30,4302.952078192555
10036,Manhattan,New York County,2024-10-31,4266.198000685443
10036,Manhattan,New York County,2024-11-30,4198.29064621247
10036,Manhattan,New York County,2024-12-31,4196.3334812582025
10036,Manhattan,New York County,2025-01-31,4220.610525509942
10036,Manhattan,New York County,2025-02-28,4287.570664621598
10036,Manhattan,New York County,2025-03-31,4320.3691388271145
10036,Manhattan,New York County,2025-04-30,4351.224794661961
10036,Manhattan,New York County,2025-05-31,4404.711893037573
10036,Manhattan,New York County,2025-06-30,4489.660127180772
10036,Manhattan,New York County,2025-07-31,4545.983041080743
10036,Manhattan,New York County,2025-08-31,4559.059203633585
10036,Manhattan,New York County,2025-09-30,4502.618058547441
10036,Manhattan,New York County,2025-10-31,4468.66085047638
10036,Manhattan,New York County,2025-11-30,4447.094451642764
10036,Manhattan,New York County,2025-12-31,4401.524924521218
10036,Manhattan,New York County,2026-01-31,4383.308375563343
10036,Manhattan,New York County,2026-02-28,4414.303433727398
10036,Manhattan,New York County,2026-03-31,4494.205873432656
10036,Manhattan,New York County,2026-04-30,4548.151040864793
10036,Manhattan,New York County,2026-05-31,4608.303948104334
10036,Manhattan,New York County,2026-06-30,4686.173213069143
10036,Manhattan,New York County,2026-07-31,4730.624643874645
10001,Manhattan,New York County,2015-01-31,3907.735442193217
10001,Manhattan,New York County,2015-02-28,3940.4945061972744
10001,Manhattan,New York County,2015-03-31,3946.7379970065813
10001,Manhattan,New York County,2015-04-30,4020.695339290006
10001,Manhattan,New York County,2015-05-31,4089.5270339495005
10001,Manhattan,New York County,2015-06-30,4129.320491642756
10001,Manhattan,New York County,2015-07-31,4123.1758590735335
10001,Manhattan,New York County,2015-08-31,4123.479549924889
10001,Manhattan,New York County,2015-09-30,4094.5741514150645
10001,Manhattan,New York County,2015-10-31,4080.0299592688407
10001,Manhattan,New York County,2015-11-30,4028.4599802103894
10001,Manhattan,New York County,2015-12-31,4020.111452663532
10001,Manhattan,New York County,2016-01-31,3994.3628420896757
10001,Manhattan,New York County,2016-02-29,3986.671323458952
10001,Manhattan,New York County,2016-03-31,4004.242074020543
10001,Manhattan,New York County,2016-04-30,4038.0361120705675
10001,Manhattan,New York County,2016-05-31,4088.6894394788774
10001,Manhattan,New York County,2016-06-30,4098.742460483247
10001,Manhattan,New York County,2016-07-31,4122.335181445207
10001,Manhattan,New York County,2016-08-31,4127.800846174376
10001,Manhattan,New York County,2016-09-30,4128.728921694367
10001,Manhattan,New York County,2016-10-31,4109.516119616242
10001,Manhattan,New York County,2016-11-30,4064.2711572088033
10001,Manhattan,New York County,2016-12-31,3997.542296295963
10001,Manhattan,New York County,2017-01-31,3968.679926912387
10001,Manhattan,New York County,2017-02-28,3912.336747997551
10001,Manhattan,New York County,2017-03-31,3920.108405635813
10001,Manhattan,New York County,2017-04-30,3940.698249243067
10001,Manhattan,New York County,2017-05-31,4007.4474182298486
10001,Manhattan,New York County,2017-06-30,4034.7809619383847
10001,Manhattan,New York County,2017-07-31,4042.8097512698573
10001,Manhattan,New York County,2017-08-31,4049.007517530301
10001,Manhattan,New York County,2017-09-30,4050.3025192624677
10001,Manhattan,New York County,2017-10-31,4029.33500088362
10001,Manhattan,New York County,2017-11-30,3947.8180656105205
10001,Manhattan,New York County,2017-12-31,3889.101473483655
10001,Manhattan,New York County,2018-01-31,3838.5647859815112
10001,Manhattan,New York County,2018-02-28,3852.217968590085
10001,Manhattan,New York County,2018-03-31,3906.57398797906
10001,Manhattan,New York County,2018-04-30,3974.881850935759
10001,Manhattan,New York County,2018-05-31,4069.670100466351
10001,Manhattan,New York County,2018-06-30,4123.687960478947
10001,Manhattan,New York County,2018-07-31,4138.749053192015
10001,Manhattan,New York County,2018-08-31,4154.61671955794
10001,Manhattan,New York County,2018-09-30,4121.8929765164985
10001,Manhattan,New York County,2018-10-31,4132.861872872768
10001,Manhattan,New York County,2018-11-30,4096.873040568868
10001,Manhattan,New York County,2018-12-31,4077.8594233203607
10001,Manhattan,New York County,2019-01-31,4038.0050041814266
10001,Manhattan,New York County,2019-02-28,4028.25214008376
10001,Manhattan,New York County,2019-03-31,4063.1601283530176
10001,Manhattan,New York County,2019-04-30,4118.887003976705
10001,Manhattan,New York County,2019-05-31,4187.409951905478
10001,Manhattan,New York County,2019-06-30,4242.485704782484
10001,Manhattan,New York County,2019-07-31,4261.79293718118
10001,Manhattan,New York County,2019-08-31,4313.191319097298
10001,Manhattan,New York County,2019-09-30,4299.115813992956
10001,Manhattan,New York County,2019-10-31,4293.349478177678
10001,Manhattan,New York County,2019-11-30,4242.42107503901
10001,Manhattan,New York County,2019-12-31,4182.477348971814
10001,Manhattan,New York County,2020-01-31,4162.076662618207
10001,Manhattan,New York County,2020-02-29,4155.025745649069
10001,Manhattan,New York County,2020-03-31,4184.391887771435
10001,Manhattan,New York County,2020-04-30,4175.154720676267
10001,Manhattan,New York County,2020-05-31,4118.866639032051
10001,Manhattan,New York County,2020-06-30,4044.090642056317
10001,Manhattan,New York County,2020-07-31,3889.387690744099
10001,Manhattan,New York County,2020-08-31,3722.042684784781
10001,Manhattan,New York County,2020-09-30,3571.967355272514
10001,Manhattan,New York County,2020-10-31,3494.783743120219
10001,Manhattan,New York County,2020-11-30,3444.547995146585
10001,Manhattan,New York County,2020-12-31,3427.9910095581176
10001,Manhattan,New York County,2021-01-31,3443.604508659164
10001,Manhattan,New York County,2021-02-28,3482.4012345056262
10001,Manhattan,New York County,2021-03-31,3551.554964738841
10001,Manhattan,New York County,2021-04-30,3663.287459097834
10001,Manhattan,New York County,2021-05-31,3823.5112967501
10001,Manhattan,New York County,2021-06-30,4017.5829004460443
10001,Manhattan,New York County,2021-07-31,4228.898704360149
10001,Manhattan,New York County,2021-08-31,4395.375880784885
10001,Manhattan,New York County,2021-09-30,4525.433690741345
10001,Manhattan,New York County,2021-10-31,4557.268771397044
10001,Manhattan,New York County,2021-11-30,4582.38731497565
10001,Manhattan,New York County,2021-12-31,4599.703491720146
10001,Manhattan,New York County,2022-01-31,4617.372608723964
10001,Manhattan,New York County,2022-02-28,4699.8708477584
10001,Manhattan,New York County,2022-03-31,4716.505307764808
10001,Manhattan,New York County,2022-04-30,4759.126144089129
10001,Manhattan,New York County,2022-05-31,4791.665018121335
10001,Manhattan,New York County,2022-06-30,4885.206189245974
10001,Manhattan,New York County,2022-07-31,4993.033343264004
10001,Manhattan,New York County,2022-08-31,5048.730286727131
10001,Manhattan,New York County,2022-09-30,5051.664266422235
10001,Manhattan,New York County,2022-10-31,4992.697343293463
10001,Manhattan,New York County,2022-11-30,4884.828055559937
10001,Manhattan,New York County,2022-12-31,4782.267031415978
10001,Manhattan,New York County,2023-01-31,4744.519631185505
10001,Manhattan,New York County,2023-02-28,4781.270849312503
10001,Manhattan,New York County,2023-03-31,4820.360567640272
10001,Manhattan,New York County,2023-04-30,4905.16654427476
10001,Manhattan,New York County,2023-05-31,4960.808608814779
10001,Manhattan,New York County,2023-06-30,5052.1690022058965
10001,Manhattan,New York County,2023-07-31,5093.451599524451
10001,Manhattan,New York County,2023-08-31,5141.613173358895
10001,Manhattan,New York County,2023-09-30,5129.076499232065
10001,Manhattan,New York County,2023-10-31,5056.157842651665
10001,Manhattan,New York County,2023-11-30,4968.048991684354
10001,Manhattan,New York County,2023-12-31,4900.534793101893
10001,Manhattan,New York County,2024-01-31,4892.928784936711
10001,Manhattan,New York County,2024-02-29,4929.170063157116
10001,Manhattan,New York County,2024-03-31,4987.515148825755
10001,Manhattan,New York County,2024-04-30,5077.200523259884
10001,Manhattan,New York County,2024-05-31,5142.9948373959405
10001,Manhattan,New York County,2024-06-30,5199.868360533433
10001,Manhattan,New York County,2024-07-31,5209.316923521535
10001,Manhattan,New York County,2024-08-31,5210.549279062888
10001,Manhattan,New York County,2024-09-30,5209.044290831638
10001,Manhattan,New York County,2024-10-31,5189.419650192501
10001,Manhattan,New York County,2024-11-30,5166.390049847939
10001,Manhattan,New York County,2024-12-31,5121.738323391299
10001,Manhattan,New York County,2025-01-31,5107.628340556149
10001,Manhattan,New York County,2025-02-28,5153.6796485933855
10001,Manhattan,New York County,2025-03-31,5255.686573652599
10001,Manhattan,New York County,2025-04-30,5352.935779666881
10001,Manhattan,New York County,2025-05-31,5398.333390525065
10001,Manhattan,New York County,2025-06-30,5435.519700333472
10001,Manhattan,New York County,2025-07-31,5463.23453803068
10001,Manhattan,New York County,2025-08-31,5481.894429508068
10001,Manhattan,New York County,2025-09-30,5471.458278460863
10001,Manhattan,New York County,2025-10-31,5446.568890720884
10001,Manhattan,New York County,2025-11-30,5374.694743534476
10001,Manhattan,New York County,2025-12-31,5331.109194101117
10001,Manhattan,New York County,2026-01-31,5340.438423959323
10001,Manhattan,New York County,2026-02-28,5431.691752393831
10001,Manhattan,New York County,2026-03-31,5493.980932979542
10001,Manhattan,New York County,2026-04-30,5547.811707139511
10001,Manhattan,New York County,2026-05-31,5582.136144251131
10001,Manhattan,New York County,2026-06-30,5658.871029815681
10001,Manhattan,New York County,2026-07-31,5708.446184149988
30904,Staten Island,Richmond County,2016-04-30,708.0787443988664
30904,Staten Island,Richmond County,2016-05-31,708.7573777072474
30904,Staten Island,Richmond County,2016-06-30,720.7743428627538
30904,Staten Island,Richmond County,2016-07-31,731.3960903129083
30904,Staten Island,Richmond County,2016-08-31,732.8652750113208
30904,Staten Island,Richmond County,2016-09-30,741.261964334319
30904,Staten Island,Richmond County,2016-10-31,743.9947732721249
30904,Staten Island,Richmond County,2016-11-30,738.9792937568593
30904,Staten Island,Richmond County,2016-12-31,726.6078599814823
30904,Staten Island,Richmond County,2017-01-31,717.7302278267698
30904,Staten Island,Richmond County,2017-02-28,733.0575135255191
30904,Staten Island,Richmond County,2017-03-31,747.7499599174236
30904,Staten Island,Richmond County,2017-04-30,751.3469349466884
30904,Staten Island,Richmond County,2017-05-31,754.1559783730441
30904,Staten Island,Richmond County,2017-06-30,754.9214110870512
30904,Staten Island,Richmond County,2017-07-31,760.1514204303261
30904,Staten Island,Richmond County,2017-08-31,757.9079413904263
30904,Staten Island,Richmond County,2017-09-30,756.2985026502441
30904,Staten Island,Richmond County,2017-10-31,758.1531336051218
30904,Staten Island,Richmond County,2017-11-30,763.6683918545702
30904,Staten Island,Richmond County,2017-12-31,776.5727019251168
30904,Staten Island,Richmond County,2018-01-31,781.9705421889125
30904,Staten Island,Richmond County,2018-02-28,777.6472751900629
30904,Staten Island,Richmond County,2018-03-31,772.5883102327815
30904,Staten Island,Richmond County,2018-04-30,775.4027240677458
30904,Staten Island,Richmond County,2018-05-31,794.5477186414072
30904,Staten Island,Richmond County,2018-06-30,807.2628659384239
30904,Staten Island,Richmond County,2018-07-31,818.8662759779888
30904,Staten Island,Richmond County,2018-08-31,809.8111621363117
30904,Staten Island,Richmond County,2018-09-30,803.7688313761169
30904,Staten Island,Richmond County,2018-10-31,798.6021926485031
30904,Staten Island,Richmond County,2018-11-30,804.9299698508103
30904,Staten Island,Richmond County,2018-12-31,806.6057663506897
30904,Staten Island,Richmond County,2019-01-31,800.2831741505045
30904,Staten Island,Richmond County,2019-02-28,808.4055419506386
30904,Staten Island,Richmond County,2019-03-31,822.268138950626
30904,Staten Island,Richmond County,2019-04-30,828.3769839757941
30904,Staten Island,Richmond County,2019-05-31,836.4675118205606
30904,Staten Island,Richmond County,2019-06-30,841.6989169531133
30904,Staten Island,Richmond County,2019-07-31,862.0600850848311
30904,Staten Island,Richmond County,2019-08-31,866.6320440675377
30904,Staten Island,Richmond County,2019-09-30,869.5996906505613
30904,Staten Island,Richmond County,2019-10-31,862.1362525529985
30904,Staten Island,Richmond County,2019-11-30,855.2529163652847
30904,Staten Island,Richmond County,2019-12-31,855.9896519768969
30904,Staten Island,Richmond County,2020-01-31,864.0620375560328
30904,Staten Island,Richmond County,2020-02-29,873.3186325142476
30904,Staten Island,Richmond County,2020-03-31,874.7409444143791
30904,Staten Island,Richmond County,2020-04-30,880.5951889667424
30904,Staten Island,Richmond County,2020-05-31,885.3689765252125
30904,Staten Island,Richmond County,2020-06-30,907.3876743591594
30904,Staten Island,Richmond County,2020-07-31,916.656425480581
30904,Staten Island,Richmond County,2020-08-31,933.4121683897009
30904,Staten Island,Richmond County,2020-09-30,948.4444471585272
30904,Staten Island,Richmond County,2020-10-31,954.5649707781713
30904,Staten Island,Richmond County,2020-11-30,934.2614062640826
30904,Staten Island,Richmond County,2020-12-31,940.6307316523339
30904,Staten Island,Richmond County,2021-01-31,944.7942409614889
30904,Staten Island,Richmond County,2021-02-28,967.4703847306711
30904,Staten Island,Richmond County,2021-03-31,967.1364636851621
30904,Staten Island,Richmond County,2021-04-30,990.6992529663415
30904,Staten Island,Richmond County,2021-05-31,1021.828073362136
30904,Staten Island,Richmond County,2021-06-30,1029.807166368143
30904,Staten Island,Richmond County,2021-07-31,1053.247821810405
30904,Staten Island,Richmond County,2021-08-31,1068.6700213186693
30904,Staten Island,Richmond County,2021-09-30,1094.2678231377693
30904,Staten Island,Richmond County,2021-10-31,1097.5032418804592
30904,Staten Island,Richmond County,2021-11-30,1098.145625940731
30904,Staten Island,Richmond County,2021-12-31,1084.8169028140017
30904,Staten Island,Richmond County,2022-01-31,1066.5088971770294
30904,Staten Island,Richmond County,2022-02-28,1086.9732285423725
30904,Staten Island,Richmond County,2022-03-31,1119.4277750921312
30904,Staten Island,Richmond County,2022-04-30,1150.522856325917
30904,Staten Island,Richmond County,2022-05-31,1155.2621616268734
30904,Staten Island,Richmond County,2022-06-30,1162.5766421824555
30904,Staten Island,Richmond County,2022-07-31,1172.0876724093077
30904,Staten Island,Richmond County,2022-08-31,1165.674120127587
30904,Staten Island,Richmond County,2022-09-30,1162.452333180571
30904,Staten Island,Richmond County,2022-10-31,1164.4766587217036
30904,Staten Island,Richmond County,2022-11-30,1165.1125364709685
30904,Staten Island,Richmond County,2022-12-31,1172.975880520695
30904,Staten Island,Richmond County,2023-01-31,1186.9667231208
30904,Staten Island,Richmond County,2023-02-28,1201.7308827046147
30904,Staten Island,Richmond County,2023-03-31,1220.494856494536
30904,Staten Island,Richmond County,2023-04-30,1245.2260843862366
30904,Staten Island,Richmond County,2023-05-31,1261.9692462436096
30904,Staten Island,Richmond County,2023-06-30,1269.2210580567476
30904,Staten Island,Richmond County,2023-07-31,1273.6240307214632
30904,Staten Island,Richmond County,2023-08-31,1281.263006819679
30904,Staten Island,Richmond County,2023-09-30,1292.0621895791608
30904,Staten Island,Richmond County,2023-10-31,1274.816849735173
30904,Staten Island,Richmond County,2023-11-30,1280.0608240570873
30904,Staten Island,Richmond County,2023-12-31,1279.395264437188
30904,Staten Island,Richmond County,2024-01-31,1273.5058292887024
30904,Staten Island,Richmond County,2024-02-29,1286.9853046958367
30904,Staten Island,Richmond County,2024-03-31,1293.5049592250098
30904,Staten Island,Richmond County,2024-04-30,1321.8219244635295
30904,Staten Island,Richmond County,2024-05-31,1331.6801393017188
30904,Staten Island,Richmond County,2024-06-30,1334.253544202889
30904,Staten Island,Richmond County,2024-07-31,1334.5357104911113
30904,Staten Island,Richmond County,2024-08-31,1311.8041055286203
30904,Staten Island,Richmond County,2024-09-30,1316.1848680128016
30904,Staten Island,Richmond County,2024-10-31,1319.43317524904
30904,Staten Island,Richmond County,2024-11-30,1338.2043601341463
30904,Staten Island,Richmond County,2024-12-31,1340.9814943702047
30904,Staten Island,Richmond County,2025-01-31,1336.385357928782
30904,Staten Island,Richmond County,2025-02-28,1345.2760893451537
30904,Staten Island,Richmond County,2025-03-31,1347.2810371762919
30904,Staten Island,Richmond County,2025-04-30,1383.2351205525824
30904,Staten Island,Richmond County,2025-05-31,1399.1834052921604
30904,Staten Island,Richmond County,2025-06-30,1410.2298535208495
30904,Staten Island,Richmond County,2025-07-31,1403.6694274378976
30904,Staten Island,Richmond County,2025-08-31,1401.889775372862
30904,Staten Island,Richmond County,2025-09-30,1396.9981818926697
30904,Staten Island,Richmond County,2025-10-31,1395.968441624205
30904,Staten Island,Richmond County,2025-11-30,1395.1314192538987
30904,Staten Island,Richmond County,2025-12-31,1394.7355984230003
30904,Staten Island,Richmond County,2026-01-31,1387.909071025291
30904,Staten Island,Richmond County,2026-02-28,1388.8638885238531
30904,Staten Island,Richmond County,2026-03-31,1390.4780309304836
30904,Staten Island,Richmond County,2026-04-30,1410.4770236181976
30904,Staten Island,Richmond County,2026-05-31,1401.808300496623
30904,Staten Island,Richmond County,2026-06-30,1426.8473355907795
30904,Staten Island,Richmond County,2026-07-31,1420.7296037296037
11104,Queens,Queens County,2020-05-31,2003.8703243649127
11104,Queens,Queens County,2020-06-30,1943.444758174699
11104,Queens,Queens County,2020-07-31,1953.7430848174479
11104,Queens,Queens County,2020-08-31,1927.1974305946712
11104,Queens,Queens County,2020-09-30,1949.4596837328631
11104,Queens,Queens County,2020-10-31,1935.8045745374975
11104,Queens,Queens County,2020-11-30,1904.8791692118907
11104,Queens,Queens County,2020-12-31,1870.114720580322
11104,Queens,Queens County,2021-01-31,1849.5931489516038
11104,Queens,Queens County,2021-02-28,1850.744805505103
11104,Queens,Queens County,2021-03-31,1822.510108850716
11104,Queens,Queens County,2021-04-30,1821.7623920074127
11104,Queens,Queens County,2021-05-31,1834.0760523641618
11104,Queens,Queens County,2021-06-30,1869.591818600575
11104,Queens,Queens County,2021-07-31,1882.000500493141
11104,Queens,Queens County,2021-08-31,1899.8438533688686
11104,Queens,Queens County,2021-09-30,1930.785824674299
11104,Queens,Queens County,2021-10-31,1959.5605535019251
11104,Queens,Queens County,2021-11-30,2003.4933487155108
11104,Queens,Queens County,2021-12-31,1998.0519006175116
11104,Queens,Queens County,2022-01-31,2030.655168508083
11104,Queens,Queens County,2022-02-28,2022.8401459316924
11104,Queens,Queens County,2022-03-31,2049.2014540614373
11104,Queens,Queens County,2022-04-30,2063.1719650893306
11104,Queens,Queens County,2022-05-31,2107.5575437652283
11104,Queens,Queens County,2022-06-30,2140.884344585136
11104,Queens,Queens County,2022-07-31,2165.1676215923612
11104,Queens,Queens County,2022-08-31,2177.772627286334
11104,Queens,Queens County,2022-09-30,2199.889750251037
11104,Queens,Queens County,2022-10-31,2232.9655103289574
11104,Queens,Queens County,2022-11-30,2218.484764420494
11104,Queens,Queens County,2022-12-31,2251.6321344100015
11104,Queens,Queens County,2023-01-31,2244.8387126460043
11104,Queens,Queens County,2023-02-28,2248.583850646008
11104,Queens,Queens County,2023-03-31,2248.4630140859927
11104,Queens,Queens County,2023-04-30,2262.5364897935146
11104,Queens,Queens County,2023-05-31,2308.4425751999765
11104,Queens,Queens County,2023-06-30,2301.0865389968585
11104,Queens,Queens County,2023-07-31,2297.54714422354
11104,Queens,Queens County,2023-08-31,2352.8730993322934
11104,Queens,Queens County,2023-09-30,2384.892301508711
11104,Queens,Queens County,2023-10-31,2386.288438192272
11104,Queens,Queens County,2023-11-30,2362.718656691238
11104,Queens,Queens County,2023-12-31,2370.082087739698
11104,Queens,Queens County,2024-01-31,2441.864868863588
11104,Queens,Queens County,2024-02-29,2414.6017855829164
11104,Queens,Queens County,2024-03-31,2419.5450482841125
11104,Queens,Queens County,2024-04-30,2370.7592951687984
11104,Queens,Queens County,2024-05-31,2401.8485621403825
11104,Queens,Queens County,2024-06-30,2427.5096616548485
11104,Queens,Queens County,2024-07-31,2482.35721751373
11104,Queens,Queens County,2024-08-31,2524.798016984577
11104,Queens,Queens County,2024-09-30,2540.9972783470544
11104,Queens,Queens County,2024-10-31,2543.981251371131
11104,Queens,Queens County,2024-11-30,2535.9597682100566
11104,Queens,Queens County,2024-12-31,2473.1852130616076
11104,Queens,Queens County,2025-01-31,2458.9992784466917
11104,Queens,Queens County,2025-02-28,2431.0236628674425
11104,Queens,Queens County,2025-03-31,2485.2997163158516
11104,Queens,Queens County,2025-04-30,2471.7130990209725
11104,Queens,Queens County,2025-05-31,2495.697287483712
11104,Queens,Queens County,2025-06-30,2543.5846604166186
11104,Queens,Queens County,2025-07-31,2698.054092269146
11104,Queens,Queens County,2025-08-31,2806.883043439613
11104,Queens,Queens County,2025-09-30,2790.22141394392
11104,Queens,Queens County,2025-10-31,2719.217977060186
11104,Queens,Queens County,2025-11-30,2706.23504011519
11104,Queens,Queens County,2025-12-31,2751.1746290164438
11104,Queens,Queens County,2026-01-31,2734.795544734768
11104,Queens,Queens County,2026-02-28,2644.2450675421023
11104,Queens,Queens County,2026-03-31,2640.5440720573483
11104,Queens,Queens County,2026-04-30,2678.9792334290482
11104,Queens,Queens County,2026-05-31,2750.737719370212
11104,Queens,Queens County,2026-06-30,2772.6589596154595
11104,Queens,Queens County,2026-07-31,2832.5833333333335
11356,Queens,Queens County,2024-10-31,2417.543929008589
11356,Queens,Queens County,2024-11-30,2548.698802012957
11356,Queens,Queens County,2025-01-31,2345.018113030301
11356,Queens,Queens County,2025-02-28,2409.146590162791
11356,Queens,Queens County,2025-03-31,2427.1889287428166
11356,Queens,Queens County,2025-04-30,2479.5567039802327
11356,Queens,Queens County,2025-05-31,2475.4717054620564
11356,Queens,Queens County,2025-06-30,2498.480287335118
11356,Queens,Queens County,2025-07-31,2410.455812655564
11356,Queens,Queens County,2025-08-31,2375.4952495709554
11356,Queens,Queens County,2025-09-30,2285.10271223599
11356,Queens,Queens County,2025-10-31,2349.7069418925075
11356,Queens,Queens County,2025-11-30,2430.653841005818
11356,Queens,Queens County,2025-12-31,2576.6644561321186
11356,Queens,Queens County,2026-01-31,2656.612599199717
11356,Queens,Queens County,2026-02-28,2595.2830178145005
11356,Queens,Queens County,2026-03-31,2699.464617113742
11356,Queens,Queens County,2026-04-30,2702.168711317645
11356,Queens,Queens County,2026-05-31,2733.515727597012
11356,Queens,Queens County,2026-06-30,2767.009650780207
11356,Queens,Queens County,2026-07-31,2724.1666666666665
10039,Manhattan,New York County,2020-05-31,2602.3916154230733
10039,Manhattan,New York County,2020-06-30,2558.3100694116056
10039,Manhattan,New York County,2020-07-31,2502.5342009138362
10039,Manhattan,New York County,2020-08-31,2466.50663590568
10039,Manhattan,New York County,2020-09-30,2443.060160315464
10039,Manhattan,New York County,2020-10-31,2418.066248466029
10039,Manhattan,New York County,2020-11-30,2356.737997028063
10039,Manhattan,New York County,2020-12-31,2303.7567051669803
10039,Manhattan,New York County,2021-01-31,2287.865567483918
10039,Manhattan,New York County,2021-02-28,2276.2857158404145
10039,Manhattan,New York County,2021-03-31,2305.3205910450242
10039,Manhattan,New York County,2021-04-30,2303.0937073079153
10039,Manhattan,New York County,2021-05-31,2375.9097934880715
10039,Manhattan,New York County,2021-06-30,2354.165053547085
10039,Manhattan,New York County,2021-07-31,2366.7302486874937
10039,Manhattan,New York County,2021-08-31,2399.6694726016285
10039,Manhattan,New York County,2021-09-30,2425.539762507716
10039,Manhattan,New York County,2021-10-31,2437.1846589763722
10039,Manhattan,New York County,2021-11-30,2405.8007842110196
10039,Manhattan,New York County,2021-12-31,2405.063373000118
10039,Manhattan,New York County,2022-01-31,2420.543476408495
10039,Manhattan,New York County,2022-02-28,2507.3830746335366
10039,Manhattan,New York County,2022-03-31,2571.6136873986798
10039,Manhattan,New York County,2022-04-30,2603.4374559806975
10039,Manhattan,New York County,2022-05-31,2594.73679122149
10039,Manhattan,New York County,2022-06-30,2671.695277547367
10039,Manhattan,New York County,2022-07-31,2785.4467125073047
10039,Manhattan,New York County,2022-08-31,2884.6092963484593
10039,Manhattan,New York County,2022-09-30,2868.6137787458583
10039,Manhattan,New York County,2022-10-31,2840.6300914606286
10039,Manhattan,New York County,2022-11-30,2796.689746896013
10039,Manhattan,New York County,2022-12-31,2797.0652917173993
10039,Manhattan,New York County,2023-01-31,2767.2085853943727
10039,Manhattan,New York County,2023-02-28,2808.0111373272694
10039,Manhattan,New York County,2023-03-31,2814.9594126307825
10039,Manhattan,New York County,2023-04-30,2906.2025118978163
10039,Manhattan,New York County,2023-05-31,2882.436843144768
10039,Manhattan,New York County,2023-06-30,2903.5286461247883
10039,Manhattan,New York County,2023-07-31,2880.884142466592
10039,Manhattan,New York County,2023-08-31,2929.2807168822965
10039,Manhattan,New York County,2023-09-30,2941.6960331481077
10039,Manhattan,New York County,2023-10-31,2905.7749747583484
10039,Manhattan,New York County,2023-11-30,2882.8284646384427
10039,Manhattan,New York County,2023-12-31,2879.307058203235
10039,Manhattan,New York County,2024-01-31,2934.513441445241
10039,Manhattan,New York County,2024-02-29,2960.765332545156
10039,Manhattan,New York County,2024-03-31,2952.5705763106257
10039,Manhattan,New York County,2024-04-30,2922.7403056824533
10039,Manhattan,New York County,2024-05-31,2933.7384058635485
10039,Manhattan,New York County,2024-06-30,3039.4024716873632
10039,Manhattan,New York County,2024-07-31,3143.743281497931
10039,Manhattan,New York County,2024-08-31,3065.5402640059233
10039,Manhattan,New York County,2024-09-30,3019.6210335370047
10039,Manhattan,New York County,2024-10-31,2949.632352237452
10039,Manhattan,New York County,2024-11-30,3011.468928955147
10039,Manhattan,New York County,2024-12-31,3006.1923627962046
10039,Manhattan,New York County,2025-01-31,2986.7972466287233
10039,Manhattan,New York County,2025-02-28,2903.4184929701464
10039,Manhattan,New York County,2025-03-31,2919.543785774182
10039,Manhattan,New York County,2025-04-30,2935.2710994161685
10039,Manhattan,New York County,2025-05-31,3077.4190484054384
10039,Manhattan,New York County,2025-06-30,3058.544744865061
10039,Manhattan,New York County,2025-07-31,3143.2843611321046
10039,Manhattan,New York County,2025-08-31,3062.0424433778517
10039,Manhattan,New York County,2025-09-30,3131.9138784661177
10039,Manhattan,New York County,2025-10-31,3120.0408588006903
10039,Manhattan,New York County,2025-11-30,3205.336834965988
10039,Manhattan,New York County,2025-12-31,3124.6488433626387
10039,Manhattan,New York County,2026-01-31,3059.1324695898047
10039,Manhattan,New York County,2026-02-28,3003.826424339661
10039,Manhattan,New York County,2026-03-31,3082.600278417838
10039,Manhattan,New York County,2026-04-30,3196.536084104866
10039,Manhattan,New York County,2026-05-31,3266.053993187131
10039,Manhattan,New York County,2026-06-30,3257.7190516734713
10039,Manhattan,New York County,2026-07-31,3225.3222222222225
10310,Staten Island,Richmond County,2026-04-30,2694.8317784702253
10310,Staten Island,Richmond County,2026-06-30,2869.5638802248554
10310,Staten Island,Richmond County,2026-07-31,2932.3333333333335
10038,Manhattan,New York County,2015-01-31,3165.299828531561
10038,Manhattan,New York County,2015-02-28,3192.6246461330397
10038,Manhattan,New York County,2015-03-31,3274.5234309315797
10038,Manhattan,New York County,2015-04-30,3419.1468327620414
10038,Manhattan,New York County,2015-05-31,3455.9731723688433
10038,Manhattan,New York County,2015-06-30,3418.026323707831
10038,Manhattan,New York County,2015-07-31,3341.9433824656003
10038,Manhattan,New York County,2015-08-31,3375.933884063574
10038,Manhattan,New York County,2015-09-30,3402.924077655121
10038,Manhattan,New York County,2015-10-31,3391.424950326845
10038,Manhattan,New York County,2015-11-30,3341.0793336671018
10038,Manhattan,New York County,2015-12-31,3275.2736936911847
10038,Manhattan,New York County,2016-01-31,3234.5881982819856
10038,Manhattan,New York County,2016-02-29,3232.4860565293925
10038,Manhattan,New York County,2016-03-31,3255.737841341451
10038,Manhattan,New York County,2016-04-30,3288.4727996778215
10038,Manhattan,New York County,2016-05-31,3331.648003985554
10038,Manhattan,New York County,2016-06-30,3349.5431495057974
10038,Manhattan,New York County,2016-07-31,3370.6577047359515
10038,Manhattan,New York County,2016-08-31,3370.530438544901
10038,Manhattan,New York County,2016-09-30,3406.845100541171
10038,Manhattan,New York County,2016-10-31,3387.788403578991
10038,Manhattan,New York County,2016-11-30,3327.85519791407
10038,Manhattan,New York County,2016-12-31,3254.077231917557
10038,Manhattan,New York County,2017-01-31,3215.158078051163
10038,Manhattan,New York County,2017-02-28,3223.0265515544484
10038,Manhattan,New York County,2017-03-31,3226.801916108027
10038,Manhattan,New York County,2017-04-30,3247.056855219529
10038,Manhattan,New York County,2017-05-31,3308.910532487962
10038,Manhattan,New York County,2017-06-30,3388.451529827439
10038,Manhattan,New York County,2017-07-31,3455.4767467713496
10038,Manhattan,New York County,2017-08-31,3462.1672240805447
10038,Manhattan,New York County,2017-09-30,3437.6948415041143
10038,Manhattan,New York County,2017-10-31,3380.8549390442927
10038,Manhattan,New York County,2017-11-30,3329.6105988013546
10038,Manhattan,New York County,2017-12-31,3290.299464412059
10038,Manhattan,New York County,2018-01-31,3236.2831665328727
10038,Manhattan,New York County,2018-02-28,3243.30159399528
10038,Manhattan,New York County,2018-03-31,3257.7323909029806
10038,Manhattan,New York County,2018-04-30,3333.3700667728094
10038,Manhattan,New York County,2018-05-31,3381.8751437130322
10038,Manhattan,New York County,2018-06-30,3413.501302954142
10038,Manhattan,New York County,2018-07-31,3446.114895359708
10038,Manhattan,New York County,2018-08-31,3470.986969736915
10038,Manhattan,New York County,2018-09-30,3487.583981800499
10038,Manhattan,New York County,2018-10-31,3444.419995227217
10038,Manhattan,New York County,2018-11-30,3404.9755757264993
10038,Manhattan,New York County,2018-12-31,3387.3960213307396
10038,Manhattan,New York County,2019-01-31,3412.003805970154
10038,Manhattan,New York County,2019-02-28,3427.1558166570444
10038,Manhattan,New York County,2019-03-31,3465.2536301025452
10038,Manhattan,New York County,2019-04-30,3511.0315755385636
10038,Manhattan,New York County,2019-05-31,3555.477423148693
10038,Manhattan,New York County,2019-06-30,3600.3052418618367
10038,Manhattan,New York County,2019-07-31,3628.9426817551016
10038,Manhattan,New York County,2019-08-31,3641.3652358232325
10038,Manhattan,New York County,2019-09-30,3632.880669880289
10038,Manhattan,New York County,2019-10-31,3598.2760623145778
10038,Manhattan,New York County,2019-11-30,3535.332706989339
10038,Manhattan,New York County,2019-12-31,3483.3455265557473
10038,Manhattan,New York County,2020-01-31,3486.719761086488
10038,Manhattan,New York County,2020-02-29,3538.249424520515
10038,Manhattan,New York County,2020-03-31,3575.088079158587
10038,Manhattan,New York County,2020-04-30,3545.545224763824
10038,Manhattan,New York County,2020-05-31,3496.8278830819645
10038,Manhattan,New York County,2020-06-30,3414.192489739066
10038,Manhattan,New York County,2020-07-31,3325.980707991725
10038,Manhattan,New York County,2020-08-31,3189.3163389170404
10038,Manhattan,New York County,2020-09-30,3052.1064352047642
10038,Manhattan,New York County,2020-10-31,2969.1354604521407
10038,Manhattan,New York County,2020-11-30,2903.13745352141
10038,Manhattan,New York County,2020-12-31,2845.3720851814187
10038,Manhattan,New York County,2021-01-31,2801.223871443176
10038,Manhattan,New York County,2021-02-28,2855.598461777998
10038,Manhattan,New York County,2021-03-31,2959.6077386631287
10038,Manhattan,New York County,2021-04-30,3061.3975502110998
10038,Manhattan,New York County,2021-05-31,3144.536030187776
10038,Manhattan,New York County,2021-06-30,3270.9449981778844
10038,Manhattan,New York County,2021-07-31,3463.5883968887733
10038,Manhattan,New York County,2021-08-31,3656.7140766411226
10038,Manhattan,New York County,2021-09-30,3792.3556929006263
10038,Manhattan,New York County,2021-10-31,3852.0378557089266
10038,Manhattan,New York County,2021-11-30,3884.4002394697327
10038,Manhattan,New York County,2021-12-31,3904.954806589143
10038,Manhattan,New York County,2022-01-31,3938.2353863238345
10038,Manhattan,New York County,2022-02-28,4014.854017527216
10038,Manhattan,New York County,2022-03-31,4064.916304207385
10038,Manhattan,New York County,2022-04-30,4122.810502975352
10038,Manhattan,New York County,2022-05-31,4147.107294563602
10038,Manhattan,New York County,2022-06-30,4235.632014548877
10038,Manhattan,New York County,2022-07-31,4314.248296752881
10038,Manhattan,New York County,2022-08-31,4337.236738595211
10038,Manhattan,New York County,2022-09-30,4332.40347716578
10038,Manhattan,New York County,2022-10-31,4256.443221415245
10038,Manhattan,New York County,2022-11-30,4213.426436782887
10038,Manhattan,New York County,2022-12-31,4138.014049670097
10038,Manhattan,New York County,2023-01-31,4156.006118227706
10038,Manhattan,New York County,2023-02-28,4177.606997983067
10038,Manhattan,New York County,2023-03-31,4277.127916695667
10038,Manhattan,New York County,2023-04-30,4308.183375413235
10038,Manhattan,New York County,2023-05-31,4342.399619739667
10038,Manhattan,New York County,2023-06-30,4353.66994696356
10038,Manhattan,New York County,2023-07-31,4380.255568324306
10038,Manhattan,New York County,2023-08-31,4409.464402199549
10038,Manhattan,New York County,2023-09-30,4380.694548520308
10038,Manhattan,New York County,2023-10-31,4337.600183792568
10038,Manhattan,New York County,2023-11-30,4278.286386892561
10038,Manhattan,New York County,2023-12-31,4269.685361410029
10038,Manhattan,New York County,2024-01-31,4295.358268385885
10038,Manhattan,New York County,2024-02-29,4311.288872334841
10038,Manhattan,New York County,2024-03-31,4350.9137732869485
10038,Manhattan,New York County,2024-04-30,4395.44505026574
10038,Manhattan,New York County,2024-05-31,4449.742945117787
10038,Manhattan,New York County,2024-06-30,4509.938205189258
10038,Manhattan,New York County,2024-07-31,4550.397521906995
10038,Manhattan,New York County,2024-08-31,4589.309963511014
10038,Manhattan,New York County,2024-09-30,4573.14459841661
10038,Manhattan,New York County,2024-10-31,4543.25288379735
10038,Manhattan,New York County,2024-11-30,4477.526344261081
10038,Manhattan,New York County,2024-12-31,4426.108121474673
10038,Manhattan,New York County,2025-01-31,4423.372374741775
10038,Manhattan,New York County,2025-02-28,4475.824172716768
10038,Manhattan,New York County,2025-03-31,4522.187538435507
10038,Manhattan,New York County,2025-04-30,4564.026309337336
10038,Manhattan,New York County,2025-05-31,4627.097197775881
10038,Manhattan,New York County,2025-06-30,4692.978053099788
10038,Manhattan,New York County,2025-07-31,4751.477803936629
10038,Manhattan,New York County,2025-08-31,4778.780268422188
10038,Manhattan,New York County,2025-09-30,4777.851647002158
10038,Manhattan,New York County,2025-10-31,4722.408569499159
10038,Manhattan,New York County,2025-11-30,4677.991599570239
10038,Manhattan,New York County,2025-12-31,4656.35068251865
10038,Manhattan,New York County,2026-01-31,4666.647335211153
10038,Manhattan,New York County,2026-02-28,4657.781315297895
10038,Manhattan,New York County,2026-03-31,4705.985387341269
10038,Manhattan,New York County,2026-04-30,4776.038518280563
10038,Manhattan,New York County,2026-05-31,4898.184402824701
10038,Manhattan,New York County,2026-06-30,4984.7726393233015
10038,Manhattan,New York County,2026-07-31,5081.532384175517
10012,Manhattan,New York County,2015-01-31,3213.273444187613
10012,Manhattan,New York County,2015-02-28,3194.170353104655
10012,Manhattan,New York County,2015-03-31,3256.448116582783
10012,Manhattan,New York County,2015-04-30,3280.0335992853757
10012,Manhattan,New York County,2015-05-31,3323.0545212387533
10012,Manhattan,New York County,2015-06-30,3325.219078155322
10012,Manhattan,New York County,2015-07-31,3369.7306657534477
10012,Manhattan,New York County,2015-08-31,3365.6830646685457
10012,Manhattan,New York County,2015-09-30,3369.472230789568
10012,Manhattan,New York County,2015-10-31,3338.0355363695326
10012,Manhattan,New York County,2015-11-30,3359.531436119526
10012,Manhattan,New York County,2015-12-31,3357.9737309668635
10012,Manhattan,New York County,2016-01-31,3367.5258812156744
10012,Manhattan,New York County,2016-02-29,3339.353422145974
10012,Manhattan,New York County,2016-03-31,3332.6967871239713
10012,Manhattan,New York County,2016-04-30,3347.864900393159
10012,Manhattan,New York County,2016-05-31,3381.9615636162684
10012,Manhattan,New York County,2016-06-30,3394.41739203764
10012,Manhattan,New York County,2016-07-31,3408.8463928405163
10012,Manhattan,New York County,2016-08-31,3395.7993339620753
10012,Manhattan,New York County,2016-09-30,3397.4360858009795
10012,Manhattan,New York County,2016-10-31,3381.9783648958564
10012,Manhattan,New York County,2016-11-30,3361.4011718175316
10012,Manhattan,New York County,2016-12-31,3307.7070529775146
10012,Manhattan,New York County,2017-01-31,3291.4634177248263
10012,Manhattan,New York County,2017-02-28,3306.6875311031167
10012,Manhattan,New York County,2017-03-31,3368.824484619281
10012,Manhattan,New York County,2017-04-30,3390.174002198284
10012,Manhattan,New York County,2017-05-31,3415.2989159064828
10012,Manhattan,New York County,2017-06-30,3428.0633653391224
10012,Manhattan,New York County,2017-07-31,3435.1736818408685
10012,Manhattan,New York County,2017-08-31,3412.8304769110473
10012,Manhattan,New York County,2017-09-30,3402.8592818455204
10012,Manhattan,New York County,2017-10-31,3370.2449624400533
10012,Manhattan,New York County,2017-11-30,3372.3782124545505
10012,Manhattan,New York County,2017-12-31,3328.94395367689
10012,Manhattan,New York County,2018-01-31,3327.459676118752
10012,Manhattan,New York County,2018-02-28,3317.2418160800803
10012,Manhattan,New York County,2018-03-31,3385.6740022670233
10012,Manhattan,New York County,2018-04-30,3436.5122009759284
10012,Manhattan,New York County,2018-05-31,3478.175873999786
10012,Manhattan,New York County,2018-06-30,3472.0657776970716
10012,Manhattan,New York County,2018-07-31,3481.806196446827
10012,Manhattan,New York County,2018-08-31,3497.329062813286
10012,Manhattan,New York County,2018-09-30,3505.3747996941192
10012,Manhattan,New York County,2018-10-31,3459.0174917851155
10012,Manhattan,New York County,2018-11-30,3436.3708778679334
10012,Manhattan,New York County,2018-12-31,3418.7050022344188
10012,Manhattan,New York County,2019-01-31,3446.4611545641765
10012,Manhattan,New York County,2019-02-28,3446.8008495377735
10012,Manhattan,New York County,2019-03-31,3473.7496673715336
10012,Manhattan,New York County,2019-04-30,3495.639239971634
10012,Manhattan,New York County,2019-05-31,3543.0931333439785
10012,Manhattan,New York County,2019-06-30,3568.957351329115
10012,Manhattan,New York County,2019-07-31,3581.759523368328
10012,Manhattan,New York County,2019-08-31,3586.754238634512
10012,Manhattan,New York County,2019-09-30,3589.3146599275997
10012,Manhattan,New York County,2019-10-31,3605.7061595687974
10012,Manhattan,New York County,2019-11-30,3630.0976500199354
10012,Manhattan,New York County,2019-12-31,3615.2902970288146
10012,Manhattan,New York County,2020-01-31,3590.200614779342
10012,Manhattan,New York County,2020-02-29,3573.5477642663814
10012,Manhattan,New York County,2020-03-31,3612.6198510929903
10012,Manhattan,New York County,2020-04-30,3601.3767107382982
10012,Manhattan,New York County,2020-05-31,3551.5736663789394
10012,Manhattan,New York County,2020-06-30,3464.6710877606142
10012,Manhattan,New York County,2020-07-31,3384.7919634860086
10012,Manhattan,New York County,2020-08-31,3263.2680663765977
10012,Manhattan,New York County,2020-09-30,3133.3811389255975
10012,Manhattan,New York County,2020-10-31,3034.4141934046934
10012,Manhattan,New York County,2020-11-30,2959.1116672958465
10012,Manhattan,New York County,2020-12-31,2929.3369493194696
10012,Manhattan,New York County,2021-01-31,2903.6857900377286
10012,Manhattan,New York County,2021-02-28,2909.7032421969666
10012,Manhattan,New York County,2021-03-31,2919.574911637193
10012,Manhattan,New York County,2021-04-30,3003.087117964117
10012,Manhattan,New York County,2021-05-31,3117.7308797501455
10012,Manhattan,New York County,2021-06-30,3301.2583218988316
10012,Manhattan,New York County,2021-07-31,3451.7901010807295
10012,Manhattan,New York County,2021-08-31,3619.974027589429
10012,Manhattan,New York County,2021-09-30,3729.371700318312
10012,Manhattan,New York County,2021-10-31,3801.2043828027404
10012,Manhattan,New York County,2021-11-30,3846.5180737929936
10012,Manhattan,New York County,2021-12-31,3864.2720716018634
10012,Manhattan,New York County,2022-01-31,3918.7517452841325
10012,Manhattan,New York County,2022-02-28,3896.0082549667236
10012,Manhattan,New York County,2022-03-31,3935.5213991310684
10012,Manhattan,New York County,2022-04-30,3975.2110254673858
10012,Manhattan,New York County,2022-05-31,4110.770534905711
10012,Manhattan,New York County,2022-06-30,4212.938660859498
10012,Manhattan,New York County,2022-07-31,4284.947004885245
10012,Manhattan,New York County,2022-08-31,4311.55230363714
10012,Manhattan,New York County,2022-09-30,4314.103333482275
10012,Manhattan,New York County,2022-10-31,4270.713811654935
10012,Manhattan,New York County,2022-11-30,4209.244024260246
10012,Manhattan,New York County,2022-12-31,4143.109208052395
10012,Manhattan,New York County,2023-01-31,4177.170466749589
10012,Manhattan,New York County,2023-02-28,4200.9566167218245
10012,Manhattan,New York County,2023-03-31,4254.877069578083
10012,Manhattan,New York County,2023-04-30,4263.739907508205
10012,Manhattan,New York County,2023-05-31,4334.216674267094
10012,Manhattan,New York County,2023-06-30,4397.229527957515
10012,Manhattan,New York County,2023-07-31,4454.975149329277
10012,Manhattan,New York County,2023-08-31,4465.247750025934
10012,Manhattan,New York County,2023-09-30,4444.628503717532
10012,Manhattan,New York County,2023-10-31,4396.069595539887
10012,Manhattan,New York County,2023-11-30,4354.381978605796
10012,Manhattan,New York County,2023-12-31,4293.709050338215
10012,Manhattan,New York County,2024-01-31,4316.92142125505
10012,Manhattan,New York County,2024-02-29,4346.983328329671
10012,Manhattan,New York County,2024-03-31,4423.130042783839
10012,Manhattan,New York County,2024-04-30,4484.353849652248
10012,Manhattan,New York County,2024-05-31,4561.832843143979
10012,Manhattan,New York County,2024-06-30,4616.140790436044
10012,Manhattan,New York County,2024-07-31,4637.1415816202625
10012,Manhattan,New York County,2024-08-31,4604.9811161588805
10012,Manhattan,New York County,2024-09-30,4594.003140911867
10012,Manhattan,New York County,2024-10-31,4535.764480263525
10012,Manhattan,New York County,2024-11-30,4488.088799926983
10012,Manhattan,New York County,2024-12-31,4500.432798795511
10012,Manhattan,New York County,2025-01-31,4525.408940328452
10012,Manhattan,New York County,2025-02-28,4608.778064896733
10012,Manhattan,New York County,2025-03-31,4627.260408170274
10012,Manhattan,New York County,2025-04-30,4681.652796401218
10012,Manhattan,New York County,2025-05-31,4729.891850552536
10012,Manhattan,New York County,2025-06-30,4830.229823560687
10012,Manhattan,New York County,2025-07-31,4948.073399354735
10012,Manhattan,New York County,2025-08-31,4998.089487109551
10012,Manhattan,New York County,2025-09-30,4982.53747114793
10012,Manhattan,New York County,2025-10-31,4912.249038311157
10012,Manhattan,New York County,2025-11-30,4876.43007994975
10012,Manhattan,New York County,2025-12-31,4927.761718031754
10012,Manhattan,New York County,2026-01-31,4921.0429959204785
10012,Manhattan,New York County,2026-02-28,4992.570468270705
10012,Manhattan,New York County,2026-03-31,4998.37247027785
10012,Manhattan,New York County,2026-04-30,5097.015047989232
10012,Manhattan,New York County,2026-05-31,5199.872569968007
10012,Manhattan,New York County,2026-06-30,5299.124006041968
10012,Manhattan,New York County,2026-07-31,5394.5013979076475
10471,Bronx,Bronx County,2026-07-31,2889.875
11370,Queens,Queens County,2025-12-31,2837.889198271969
11370,Queens,Queens County,2026-01-31,2856.5093931789966
11370,Queens,Queens County,2026-02-28,2815.4498615764596
11370,Queens,Queens County,2026-03-31,2830.732246605379
11370,Queens,Queens County,2026-04-30,2765.865398731764
11370,Queens,Queens County,2026-06-30,3034.1044462948644
11370,Queens,Queens County,2026-07-31,3133.0
11428,Queens,Queens County,2026-06-30,1874.8949226098093
11428,Queens,Queens County,2026-07-31,2237.0
11694,Queens,Queens County,2026-01-31,2233.8547008030955
11694,Queens,Queens County,2026-02-28,2204.1183719588107
11694,Queens,Queens County,2026-05-31,2669.527781470933
11694,Queens,Queens County,2026-06-30,2512.2916305633757
11694,Queens,Queens County,2026-07-31,2517.9
11692,Queens,Queens County,2026-03-31,3540.522308577545
11692,Queens,Queens County,2026-04-30,3656.0819779426565
11692,Queens,Queens County,2026-05-31,3525.4181433799677
11692,Queens,Queens County,2026-06-30,3409.1381588778113
11692,Queens,Queens County,2026-07-31,3344.3333333333335
11360,Queens,Queens County,2025-09-30,3033.269364176436
11360,Queens,Queens County,2025-10-31,3082.4123621249873
11360,Queens,Queens County,2025-11-30,2946.3532767226366
11360,Queens,Queens County,2025-12-31,3023.838841263924
11360,Queens,Queens County,2026-01-31,3012.7457596094614
11360,Queens,Queens County,2026-02-28,3132.411133859655
11360,Queens,Queens County,2026-03-31,3050.982376758941
11360,Queens,Queens County,2026-04-30,3120.490702723647
11360,Queens,Queens County,2026-05-31,3120.3680461463896
11360,Queens,Queens County,2026-06-30,3203.9473962772895
11360,Queens,Queens County,2026-07-31,3235.4166666666665
10037,Manhattan,New York County,2016-05-31,2080.5037767445674
10037,Manhattan,New York County,2016-06-30,2106.690135373141
10037,Manhattan,New York County,2016-07-31,2124.5834806458956
10037,Manhattan,New York County,2016-08-31,2127.3835712441937
10037,Manhattan,New York County,2016-09-30,2128.9687867577645
10037,Manhattan,New York County,2016-10-31,2135.4432861142172
10037,Manhattan,New York County,2016-11-30,2136.0881801018377
10037,Manhattan,New York County,2016-12-31,2147.753332966456
10037,Manhattan,New York County,2017-01-31,2127.2808738724175
10037,Manhattan,New York County,2017-02-28,2111.0506428959766
10037,Manhattan,New York County,2017-03-31,2086.581791562833
10037,Manhattan,New York County,2017-04-30,2090.673899810137
10037,Manhattan,New York County,2017-05-31,2134.505868197706
10037,Manhattan,New York County,2017-06-30,2198.419143610641
10037,Manhattan,New York County,2017-07-31,2238.6236918193613
10037,Manhattan,New York County,2017-08-31,2247.792382497614
10037,Manhattan,New York County,2017-09-30,2246.804581723344
10037,Manhattan,New York County,2017-10-31,2220.21575985191
10037,Manhattan,New York County,2017-11-30,2198.389855869998
10037,Manhattan,New York County,2017-12-31,2143.032146081507
10037,Manhattan,New York County,2018-01-31,2157.2546412584256
10037,Manhattan,New York County,2018-02-28,2182.554379444927
10037,Manhattan,New York County,2018-03-31,2260.502332469388
10037,Manhattan,New York County,2018-04-30,2259.4532133698126
10037,Manhattan,New York County,2018-05-31,2280.639991742843
10037,Manhattan,New York County,2018-06-30,2287.0990962735855
10037,Manhattan,New York County,2018-07-31,2312.480698615959
10037,Manhattan,New York County,2018-08-31,2265.070181845765
10037,Manhattan,New York County,2018-09-30,2222.871245955498
10037,Manhattan,New York County,2018-10-31,2207.9291537521217
10037,Manhattan,New York County,2018-11-30,2221.313189219396
10037,Manhattan,New York County,2018-12-31,2219.519468227021
10037,Manhattan,New York County,2019-01-31,2244.185618205428
10037,Manhattan,New York County,2019-02-28,2257.770710108972
10037,Manhattan,New York County,2019-03-31,2292.3447736857297
10037,Manhattan,New York County,2019-04-30,2313.14022474003
10037,Manhattan,New York County,2019-05-31,2336.9788954064393
10037,Manhattan,New York County,2019-06-30,2338.583468247494
10037,Manhattan,New York County,2019-07-31,2314.989760016612
10037,Manhattan,New York County,2019-08-31,2327.265032502284
10037,Manhattan,New York County,2019-09-30,2290.9150228454237
10037,Manhattan,New York County,2019-10-31,2303.157723273589
10037,Manhattan,New York County,2019-11-30,2262.2054580774047
10037,Manhattan,New York County,2019-12-31,2278.8432907778933
10037,Manhattan,New York County,2020-01-31,2265.7580604581517
10037,Manhattan,New York County,2020-02-29,2304.97875535414
10037,Manhattan,New York County,2020-03-31,2325.7206285935563
10037,Manhattan,New York County,2020-04-30,2337.316730177362
10037,Manhattan,New York County,2020-05-31,2324.2928875635866
10037,Manhattan,New York County,2020-06-30,2318.887385774095
10037,Manhattan,New York County,2020-07-31,2303.2624542059143
10037,Manhattan,New York County,2020-08-31,2279.7342979153295
10037,Manhattan,New York County,2020-09-30,2249.857395288687
10037,Manhattan,New York County,2020-10-31,2170.058396859691
10037,Manhattan,New York County,2020-11-30,2137.5391847978503
10037,Manhattan,New York County,2020-12-31,2104.698526065082
10037,Manhattan,New York County,2021-01-31,2127.8083879878204
10037,Manhattan,New York County,2021-02-28,2148.2585191569124
10037,Manhattan,New York County,2021-03-31,2157.4941378031745
10037,Manhattan,New York County,2021-04-30,2157.592569385938
10037,Manhattan,New York County,2021-05-31,2149.7044632122434
10037,Manhattan,New York County,2021-06-30,2182.7227020319715
10037,Manhattan,New York County,2021-07-31,2211.028253896097
10037,Manhattan,New York County,2021-08-31,2219.5460658415836
10037,Manhattan,New York County,2021-09-30,2236.245465218397
10037,Manhattan,New York County,2021-10-31,2241.0869460104745
10037,Manhattan,New York County,2021-11-30,2257.093996286096
10037,Manhattan,New York County,2021-12-31,2255.2739786319726
10037,Manhattan,New York County,2022-01-31,2305.997492763382
10037,Manhattan,New York County,2022-02-28,2339.7790515480315
10037,Manhattan,New York County,2022-03-31,2387.103177684213
10037,Manhattan,New York County,2022-04-30,2417.414848105091
10037,Manhattan,New York County,2022-05-31,2478.3961591556226
10037,Manhattan,New York County,2022-06-30,2515.31229588264
10037,Manhattan,New York County,2022-07-31,2552.0301618936933
10037,Manhattan,New York County,2022-08-31,2559.973568108909
10037,Manhattan,New York County,2022-09-30,2546.727196141001
10037,Manhattan,New York County,2022-10-31,2514.4839148378774
10037,Manhattan,New York County,2022-11-30,2550.7776774023346
10037,Manhattan,New York County,2022-12-31,2549.4165861798915
10037,Manhattan,New York County,2023-01-31,2603.3356087493908
10037,Manhattan,New York County,2023-02-28,2583.141621420244
10037,Manhattan,New York County,2023-03-31,2602.00723720261
10037,Manhattan,New York County,2023-04-30,2609.7510767728213
10037,Manhattan,New York County,2023-05-31,2617.6494218564194
10037,Manhattan,New York County,2023-06-30,2653.5388096692054
10037,Manhattan,New York County,2023-07-31,2600.500143096451
10037,Manhattan,New York County,2023-08-31,2605.11956782608
10037,Manhattan,New York County,2023-09-30,2581.325894482262
10037,Manhattan,New York County,2023-10-31,2594.534152101756
10037,Manhattan,New York County,2023-11-30,2556.137785391344
10037,Manhattan,New York County,2023-12-31,2586.085482109432
10037,Manhattan,New York County,2024-01-31,2606.5821721884054
10037,Manhattan,New York County,2024-02-29,2621.0342433636565
10037,Manhattan,New York County,2024-03-31,2663.3814374727176
10037,Manhattan,New York County,2024-04-30,2691.816002848607
10037,Manhattan,New York County,2024-05-31,2720.586062941884
10037,Manhattan,New York County,2024-06-30,2710.9952830574166
10037,Manhattan,New York County,2024-07-31,2709.583850392795
10037,Manhattan,New York County,2024-08-31,2707.814112545911
10037,Manhattan,New York County,2024-09-30,2641.6057819178113
10037,Manhattan,New York County,2024-10-31,2627.008103135974
10037,Manhattan,New York County,2024-11-30,2624.068432854162
10037,Manhattan,New York County,2024-12-31,2597.8309095705804
10037,Manhattan,New York County,2025-01-31,2613.819715697141
10037,Manhattan,New York County,2025-02-28,2655.6195294198965
10037,Manhattan,New York County,2025-03-31,2745.406223272897
10037,Manhattan,New York County,2025-04-30,2764.2214944752104
10037,Manhattan,New York County,2025-05-31,2817.979118113309
10037,Manhattan,New York County,2025-06-30,2847.487336292118
10037,Manhattan,New York County,2025-07-31,2863.4071392066694
10037,Manhattan,New York County,2025-08-31,2826.7152706691154
10037,Manhattan,New York County,2025-09-30,2795.703084541174
10037,Manhattan,New York County,2025-10-31,2746.1878318611307
10037,Manhattan,New York County,2025-11-30,2735.989382353521
10037,Manhattan,New York County,2025-12-31,2717.676388649669
10037,Manhattan,New York County,2026-01-31,2734.9160194671035
10037,Manhattan,New York County,2026-03-31,2779.9122156052326
10037,Manhattan,New York County,2026-04-30,2811.653329815785
10037,Manhattan,New York County,2026-05-31,2823.117882376484
10037,Manhattan,New York County,2026-06-30,2853.714117609046
10037,Manhattan,New York County,2026-07-31,2877.472222222222
11415,Queens,Queens County,2021-01-31,1727.139693007879
11415,Queens,Queens County,2021-02-28,1741.7636504179964
11415,Queens,Queens County,2021-03-31,1729.8770368469309
11415,Queens,Queens County,2021-04-30,1705.4648464505105
11415,Queens,Queens County,2021-05-31,1668.4172162232917
11415,Queens,Queens County,2021-06-30,1668.654906721805
11415,Queens,Queens County,2021-07-31,1704.3645868354565
11415,Queens,Queens County,2021-08-31,1762.0486456849408
11415,Queens,Queens County,2021-09-30,1781.339918842664
11415,Queens,Queens County,2021-10-31,1772.3720493866147
11415,Queens,Queens County,2021-11-30,1754.5655424105414
11415,Queens,Queens County,2021-12-31,1786.3088608143375
11415,Queens,Queens County,2022-01-31,1820.981792929819
11415,Queens,Queens County,2022-02-28,1795.7579122051366
11415,Queens,Queens County,2022-03-31,1777.1119188084213
11415,Queens,Queens County,2022-04-30,1754.376082650659
11415,Queens,Queens County,2022-05-31,1823.1543821434072
11415,Queens,Queens County,2022-06-30,1886.8465145621703
11415,Queens,Queens County,2022-07-31,1936.7005080874019
11415,Queens,Queens County,2022-08-31,1963.8975765393732
11415,Queens,Queens County,2022-09-30,1969.4728239696237
11415,Queens,Queens County,2022-10-31,1983.796645900798
11415,Queens,Queens County,2022-11-30,1990.8887570658628
11415,Queens,Queens County,2022-12-31,1974.3322774528858
11415,Queens,Queens County,2023-01-31,1976.989881617751
11415,Queens,Queens County,2023-02-28,2000.6398158909542
11415,Queens,Queens County,2023-03-31,2029.7819376725063
11415,Queens,Queens County,2023-04-30,2040.78657724739
11415,Queens,Queens County,2023-05-31,1971.0589550411416
11415,Queens,Queens County,2023-06-30,1993.6245055021764
11415,Queens,Queens County,2023-07-31,2018.220955413512
11415,Queens,Queens County,2023-08-31,2084.105430528516
11415,Queens,Queens County,2023-09-30,2108.8052888223465
11415,Queens,Queens County,2023-10-31,2088.350034002908
11415,Queens,Queens County,2023-11-30,2060.11259118423
11415,Queens,Queens County,2023-12-31,2031.770718469145
11415,Queens,Queens County,2024-01-31,2044.6247673944354
11415,Queens,Queens County,2024-02-29,2102.625363986522
11415,Queens,Queens County,2024-03-31,2146.7431448980533
11415,Queens,Queens County,2024-04-30,2234.03912587344
11415,Queens,Queens County,2024-05-31,2226.606875762681
11415,Queens,Queens County,2024-06-30,2210.914967958506
11415,Queens,Queens County,2024-07-31,2185.837224813388
11415,Queens,Queens County,2024-08-31,2237.5252007173117
11415,Queens,Queens County,2024-09-30,2251.144819350249
11415,Queens,Queens County,2024-10-31,2198.9572061999856
11415,Queens,Queens County,2024-11-30,2145.991960285753
11415,Queens,Queens County,2024-12-31,2175.1129403728173
11415,Queens,Queens County,2025-01-31,2235.769535509185
11415,Queens,Queens County,2025-02-28,2329.2425798879644
11415,Queens,Queens County,2025-03-31,2364.7715292171056
11415,Queens,Queens County,2025-04-30,2380.900768285226
11415,Queens,Queens County,2025-05-31,2318.607078719
11415,Queens,Queens County,2025-06-30,2348.403582463805
11415,Queens,Queens County,2025-07-31,2378.7341501101323
11415,Queens,Queens County,2025-08-31,2359.244223670011
11415,Queens,Queens County,2025-09-30,2348.926392261216
11415,Queens,Queens County,2025-10-31,2309.5828768460733
11415,Queens,Queens County,2025-11-30,2355.6283975189167
11415,Queens,Queens County,2025-12-31,2406.437473206191
11415,Queens,Queens County,2026-01-31,2384.08430742059
11415,Queens,Queens County,2026-02-28,2384.616336839679
11415,Queens,Queens County,2026-03-31,2394.5707353099488
11415,Queens,Queens County,2026-04-30,2465.8236895768146
11415,Queens,Queens County,2026-05-31,2528.239520774314
11415,Queens,Queens County,2026-06-30,2561.145140083979
11415,Queens,Queens County,2026-07-31,2634.6666666666665
11362,Queens,Queens County,2026-06-30,3262.2333928595403
11362,Queens,Queens County,2026-07-31,3150.0
10017,Manhattan,New York County,2015-01-31,3030.872447347658
10017,Manhattan,New York County,2015-02-28,3055.173421008027
10017,Manhattan,New York County,2015-03-31,3099.470042862907
10017,Manhattan,New York County,2015-04-30,3134.5711558307576
10017,Manhattan,New York County,2015-05-31,3144.6876116632407
10017,Manhattan,New York County,2015-06-30,3133.197041971323
10017,Manhattan,New York County,2015-07-31,3143.7091000279784
10017,Manhattan,New York County,2015-08-31,3178.816537704677
10017,Manhattan,New York County,2015-09-30,3188.932541457211
10017,Manhattan,New York County,2015-10-31,3167.6795956305054
10017,Manhattan,New York County,2015-11-30,3123.1267212731686
10017,Manhattan,New York County,2015-12-31,3114.0385631466825
10017,Manhattan,New York County,2016-01-31,3125.746684222084
10017,Manhattan,New York County,2016-02-29,3149.873334667118
10017,Manhattan,New York County,2016-03-31,3179.2898331764063
10017,Manhattan,New York County,2016-04-30,3214.0699994602137
10017,Manhattan,New York County,2016-05-31,3230.3078010774134
10017,Manhattan,New York County,2016-06-30,3226.782424102613
10017,Manhattan,New York County,2016-07-31,3213.906861284157
10017,Manhattan,New York County,2016-08-31,3234.512388603865
10017,Manhattan,New York County,2016-09-30,3219.100196002189
10017,Manhattan,New York County,2016-10-31,3235.2751393378685
10017,Manhattan,New York County,2016-11-30,3199.106538448227
10017,Manhattan,New York County,2016-12-31,3195.710719249966
10017,Manhattan,New York County,2017-01-31,3149.8952262022435
10017,Manhattan,New York County,2017-02-28,3146.8859090398996
10017,Manhattan,New York County,2017-03-31,3148.0575092437616
10017,Manhattan,New York County,2017-04-30,3202.755202701327
10017,Manhattan,New York County,2017-05-31,3229.7292915812573
10017,Manhattan,New York County,2017-06-30,3270.4358516418856
10017,Manhattan,New York County,2017-07-31,3242.6175306016835
10017,Manhattan,New York County,2017-08-31,3247.867767684791
10017,Manhattan,New York County,2017-09-30,3221.7028820948453
10017,Manhattan,New York County,2017-10-31,3204.6790956771847
10017,Manhattan,New York County,2017-11-30,3147.881539756981
10017,Manhattan,New York County,2017-12-31,3097.9752007157977
10017,Manhattan,New York County,2018-01-31,3075.630641317017
10017,Manhattan,New York County,2018-02-28,3092.217356252955
10017,Manhattan,New York County,2018-03-31,3106.829444921937
10017,Manhattan,New York County,2018-04-30,3143.9515239063608
10017,Manhattan,New York County,2018-05-31,3186.904193360394
10017,Manhattan,New York County,2018-06-30,3252.2324395691326
10017,Manhattan,New York County,2018-07-31,3269.6366127147085
10017,Manhattan,New York County,2018-08-31,3272.5651771945954
10017,Manhattan,New York County,2018-09-30,3259.7471014988723
10017,Manhattan,New York County,2018-10-31,3223.9272532665127
10017,Manhattan,New York County,2018-11-30,3187.841558679273
10017,Manhattan,New York County,2018-12-31,3146.5254752523792
10017,Manhattan,New York County,2019-01-31,3161.646219787259
10017,Manhattan,New York County,2019-02-28,3173.44476804864
10017,Manhattan,New York County,2019-03-31,3223.1046805939995
10017,Manhattan,New York County,2019-04-30,3234.9362292735927
10017,Manhattan,New York County,2019-05-31,3258.357668760226
10017,Manhattan,New York County,2019-06-30,3258.958763785539
10017,Manhattan,New York County,2019-07-31,3285.081718670736
10017,Manhattan,New York County,2019-08-31,3305.4670736835783
10017,Manhattan,New York County,2019-09-30,3317.469108303679
10017,Manhattan,New York County,2019-10-31,3327.6492147795093
10017,Manhattan,New York County,2019-11-30,3289.440959334828
10017,Manhattan,New York County,2019-12-31,3291.812162045113
10017,Manhattan,New York County,2020-01-31,3234.2063885445937
10017,Manhattan,New York County,2020-02-29,3283.4472679829582
10017,Manhattan,New York County,2020-03-31,3304.19926274043
10017,Manhattan,New York County,2020-04-30,3312.5494462273546
10017,Manhattan,New York County,2020-05-31,3275.841812869276
10017,Manhattan,New York County,2020-06-30,3181.683115318747
10017,Manhattan,New York County,2020-07-31,3120.1201276992147
10017,Manhattan,New York County,2020-08-31,2962.0719273379887
10017,Manhattan,New York County,2020-09-30,2869.8495980752136
10017,Manhattan,New York County,2020-10-31,2780.2469480744967
10017,Manhattan,New York County,2020-11-30,2752.1475306319016
10017,Manhattan,New York County,2020-12-31,2717.596547544702
10017,Manhattan,New York County,2021-01-31,2722.3670882505185
10017,Manhattan,New York County,2021-02-28,2747.2510004248315
10017,Manhattan,New York County,2021-03-31,2796.3283900429287
10017,Manhattan,New York County,2021-04-30,2845.037041217032
10017,Manhattan,New York County,2021-05-31,2908.104073745181
10017,Manhattan,New York County,2021-06-30,3004.097161404626
10017,Manhattan,New York County,2021-07-31,3136.0632390416035
10017,Manhattan,New York County,2021-08-31,3279.598100179602
10017,Manhattan,New York County,2021-09-30,3392.267693940656
10017,Manhattan,New York County,2021-10-31,3446.5779415811135
10017,Manhattan,New York County,2021-11-30,3497.323589766639
10017,Manhattan,New York County,2021-12-31,3506.589147060111
10017,Manhattan,New York County,2022-01-31,3540.49462049046
10017,Manhattan,New York County,2022-02-28,3583.5313817259603
10017,Manhattan,New York County,2022-03-31,3660.6452037804734
10017,Manhattan,New York County,2022-04-30,3721.4152612647663
10017,Manhattan,New York County,2022-05-31,3779.4608784805905
10017,Manhattan,New York County,2022-06-30,3828.419722197121
10017,Manhattan,New York County,2022-07-31,3897.5956002627745
10017,Manhattan,New York County,2022-08-31,3930.93453253678
10017,Manhattan,New York County,2022-09-30,3942.552235003909
10017,Manhattan,New York County,2022-10-31,3935.8331735589845
10017,Manhattan,New York County,2022-11-30,3881.0721818383913
10017,Manhattan,New York County,2022-12-31,3841.410863055283
10017,Manhattan,New York County,2023-01-31,3809.3503949739124
10017,Manhattan,New York County,2023-02-28,3836.038312455721
10017,Manhattan,New York County,2023-03-31,3845.868224862822
10017,Manhattan,New York County,2023-04-30,3885.652684173041
10017,Manhattan,New York County,2023-05-31,3929.5214210399104
10017,Manhattan,New York County,2023-06-30,3996.5852604492425
10017,Manhattan,New York County,2023-07-31,4018.5002190641326
10017,Manhattan,New York County,2023-08-31,4022.5130312304796
10017,Manhattan,New York County,2023-09-30,3999.149986839339
10017,Manhattan,New York County,2023-10-31,3968.7569969206634
10017,Manhattan,New York County,2023-11-30,3941.4386842126387
10017,Manhattan,New York County,2023-12-31,3899.527950531979
10017,Manhattan,New York County,2024-01-31,3888.0336766807563
10017,Manhattan,New York County,2024-02-29,3895.768671478184
10017,Manhattan,New York County,2024-03-31,3939.4304214205986
10017,Manhattan,New York County,2024-04-30,3970.977512534501
10017,Manhattan,New York County,2024-05-31,4026.4109887188797
10017,Manhattan,New York County,2024-06-30,4098.378552209555
10017,Manhattan,New York County,2024-07-31,4149.781422014721
10017,Manhattan,New York County,2024-08-31,4162.417303695444
10017,Manhattan,New York County,2024-09-30,4132.574243563656
10017,Manhattan,New York County,2024-10-31,4095.3614899590684
10017,Manhattan,New York County,2024-11-30,4073.859201764888
10017,Manhattan,New York County,2024-12-31,4093.93231302316
10017,Manhattan,New York County,2025-01-31,4093.8258389970906
10017,Manhattan,New York County,2025-02-28,4119.373987633574
10017,Manhattan,New York County,2025-03-31,4113.447791449017
10017,Manhattan,New York County,2025-04-30,4173.921558073039
10017,Manhattan,New York County,2025-05-31,4217.688658008465
10017,Manhattan,New York County,2025-06-30,4290.965468147161
10017,Manhattan,New York County,2025-07-31,4335.1856050369615
10017,Manhattan,New York County,2025-08-31,4339.803682097347
10017,Manhattan,New York County,2025-09-30,4330.876374619784
10017,Manhattan,New York County,2025-10-31,4336.711019583455
10017,Manhattan,New York County,2025-11-30,4323.281353416343
10017,Manhattan,New York County,2025-12-31,4291.4136471829515
10017,Manhattan,New York County,2026-01-31,4271.300154898516
10017,Manhattan,New York County,2026-02-28,4326.844199067627
10017,Manhattan,New York County,2026-03-31,4363.833147109865
10017,Manhattan,New York County,2026-04-30,4419.014936360629
10017,Manhattan,New York County,2026-05-31,4402.985414210587
10017,Manhattan,New York County,2026-06-30,4487.858124638472
10017,Manhattan,New York County,2026-07-31,4526.137628384688
30901,Staten Island,Richmond County,2021-11-30,1004.6203570576125
30901,Staten Island,Richmond County,2021-12-31,1045.736193120499
30901,Staten Island,Richmond County,2022-01-31,1039.2217349695597
30901,Staten Island,Richmond County,2022-02-28,1035.4564055595354
30901,Staten Island,Richmond County,2022-03-31,1016.0403924580528
30901,Staten Island,Richmond County,2022-04-30,1017.4321514968985
30901,Staten Island,Richmond County,2022-05-31,1024.0814995711278
30901,Staten Island,Richmond County,2022-06-30,1041.7407991916884
30901,Staten Island,Richmond County,2022-07-31,1057.9735945864236
30901,Staten Island,Richmond County,2022-08-31,1070.8546762449214
30901,Staten Island,Richmond County,2022-09-30,1067.8925370429376
30901,Staten Island,Richmond County,2022-10-31,1053.7650526264385
30901,Staten Island,Richmond County,2022-11-30,1061.3442150673282
30901,Staten Island,Richmond County,2022-12-31,1044.3848318286152
30901,Staten Island,Richmond County,2023-01-31,1033.0249033747584
30901,Staten Island,Richmond County,2023-02-28,1024.1832185910193
30901,Staten Island,Richmond County,2023-03-31,1069.408371535572
30901,Staten Island,Richmond County,2023-04-30,1098.1880978128527
30901,Staten Island,Richmond County,2023-05-31,1107.9976652588202
30901,Staten Island,Richmond County,2023-06-30,1095.5647514063626
30901,Staten Island,Richmond County,2023-07-31,1099.904997533151
30901,Staten Island,Richmond County,2023-08-31,1103.0884249890564
30901,Staten Island,Richmond County,2023-09-30,1087.4950185799776
30901,Staten Island,Richmond County,2023-10-31,1062.0067850681148
30901,Staten Island,Richmond County,2023-11-30,1049.3296630706975
30901,Staten Island,Richmond County,2023-12-31,1066.9158934583934
30901,Staten Island,Richmond County,2024-01-31,1076.2087192492013
30901,Staten Island,Richmond County,2024-02-29,1090.8389831313377
30901,Staten Island,Richmond County,2024-03-31,1109.7910547808901
30901,Staten Island,Richmond County,2024-04-30,1143.1594759103104
30901,Staten Island,Richmond County,2024-05-31,1150.4285929042744
30901,Staten Island,Richmond County,2024-06-30,1147.0610412483366
30901,Staten Island,Richmond County,2024-07-31,1135.8336629194214
30901,Staten Island,Richmond County,2024-08-31,1139.0273098134817
30901,Staten Island,Richmond County,2024-09-30,1126.3761987561966
30901,Staten Island,Richmond County,2024-10-31,1131.323537834223
30901,Staten Island,Richmond County,2024-11-30,1093.6546869994343
30901,Staten Island,Richmond County,2024-12-31,1118.14792213538
30901,Staten Island,Richmond County,2025-01-31,1138.1928646210401
30901,Staten Island,Richmond County,2025-02-28,1193.9361821384866
30901,Staten Island,Richmond County,2025-03-31,1186.1293443866946
30901,Staten Island,Richmond County,2025-04-30,1170.520773672467
30901,Staten Island,Richmond County,2025-05-31,1152.2915795816052
30901,Staten Island,Richmond County,2025-06-30,1161.749245636593
30901,Staten Island,Richmond County,2025-07-31,1205.029353119884
30901,Staten Island,Richmond County,2025-08-31,1232.591263535239
30901,Staten Island,Richmond County,2025-09-30,1243.2185557947166
30901,Staten Island,Richmond County,2025-10-31,1206.7401807468427
30901,Staten Island,Richmond County,2025-11-30,1204.32006168858
30901,Staten Island,Richmond County,2025-12-31,1203.8470087961805
30901,Staten Island,Richmond County,2026-01-31,1224.328291155381
30901,Staten Island,Richmond County,2026-02-28,1204.9325886000418
30901,Staten Island,Richmond County,2026-03-31,1186.5153428270376
30901,Staten Island,Richmond County,2026-04-30,1189.1729919075617
30901,Staten Island,Richmond County,2026-05-31,1194.7282746257372
30901,Staten Island,Richmond County,2026-06-30,1236.5451450498485
30901,Staten Island,Richmond County,2026-07-31,1230.8636363636363
11693,Queens,Queens County,2026-07-31,2800.0
11366,Queens,Queens County,2026-06-30,2939.5922810285806
11366,Queens,Queens County,2026-07-31,2850.0
10044,Manhattan,New York County,2023-12-31,4008.055618546535
10044,Manhattan,New York County,2024-01-31,3933.1405453872057
10044,Manhattan,New York County,2024-02-29,3861.490342807424
10044,Manhattan,New York County,2024-03-31,3849.6691378230003
10044,Manhattan,New York County,2024-04-30,4012.012629591683
10044,Manhattan,New York County,2024-05-31,4128.8588942806655
10044,Manhattan,New York County,2024-06-30,4246.363391502001
10044,Manhattan,New York County,2024-07-31,4286.185172058773
10044,Manhattan,New York County,2024-08-31,4297.3741429032325
10044,Manhattan,New York County,2024-09-30,4206.986039807148
10044,Manhattan,New York County,2024-10-31,4129.670121932234
10044,Manhattan,New York County,2024-11-30,4104.748056084892
10044,Manhattan,New York County,2024-12-31,4121.960106607576
10044,Manhattan,New York County,2025-01-31,4072.087090720485
10044,Manhattan,New York County,2025-02-28,4098.2389748447185
10044,Manhattan,New York County,2025-03-31,4117.666036553901
10044,Manhattan,New York County,2025-04-30,4183.532414260064
10044,Manhattan,New York County,2025-05-31,4179.733677825101
10044,Manhattan,New York County,2025-06-30,4201.943335767286
10044,Manhattan,New York County,2025-07-31,4244.086509529116
10044,Manhattan,New York County,2025-08-31,4275.9058585053135
10044,Manhattan,New York County,2025-09-30,4312.98650031598
10044,Manhattan,New York County,2025-10-31,4222.74777869905
10044,Manhattan,New York County,2025-11-30,4236.45294043223
10044,Manhattan,New York County,2025-12-31,4251.952740040701
10044,Manhattan,New York County,2026-01-31,4369.466231907511
10044,Manhattan,New York County,2026-02-28,4328.178858961185
10044,Manhattan,New York County,2026-03-31,4263.419652565946
10044,Manhattan,New York County,2026-04-30,4285.342788685524
10044,Manhattan,New York County,2026-05-31,4359.093495717281
10044,Manhattan,New York County,2026-06-30,4342.323994202705
10044,Manhattan,New York County,2026-07-31,4395.037037037037
10005,Manhattan,New York County,2015-01-31,3214.465806419522
10005,Manhattan,New York County,2015-02-28,3219.1392095782817
10005,Manhattan,New York County,2015-03-31,3241.643374571537
10005,Manhattan,New York County,2015-04-30,3329.4650067945327
10005,Manhattan,New York County,2015-05-31,3350.904555332926
10005,Manhattan,New York County,2015-06-30,3332.177522496346
10005,Manhattan,New York County,2015-07-31,3310.2895077697804
10005,Manhattan,New York County,2015-08-31,3310.678648540215
10005,Manhattan,New York County,2015-09-30,3334.4565393036587
10005,Manhattan,New York County,2015-10-31,3316.1576044510493
10005,Manhattan,New York County,2015-11-30,3282.6498953182363
10005,Manhattan,New York County,2015-12-31,3207.579640778272
10005,Manhattan,New York County,2016-01-31,3191.351689190007
10005,Manhattan,New York County,2016-02-29,3233.489658804726
10005,Manhattan,New York County,2016-03-31,3285.431375921194
10005,Manhattan,New York County,2016-04-30,3307.224269444944
10005,Manhattan,New York County,2016-05-31,3300.6008964293096
10005,Manhattan,New York County,2016-06-30,3320.358245296334
10005,Manhattan,New York County,2016-07-31,3353.678427530337
10005,Manhattan,New York County,2016-08-31,3378.822229597511
10005,Manhattan,New York County,2016-09-30,3355.5698471692576
10005,Manhattan,New York County,2016-10-31,3299.9627434753224
10005,Manhattan,New York County,2016-11-30,3263.3893473578305
10005,Manhattan,New York County,2016-12-31,3201.056500350435
10005,Manhattan,New York County,2017-01-31,3203.275248046659
10005,Manhattan,New York County,2017-02-28,3185.003852692258
10005,Manhattan,New York County,2017-03-31,3190.9374046451126
10005,Manhattan,New York County,2017-04-30,3195.578296808032
10005,Manhattan,New York County,2017-05-31,3225.2540939786636
10005,Manhattan,New York County,2017-06-30,3293.97302157616
10005,Manhattan,New York County,2017-07-31,3340.06107369103
10005,Manhattan,New York County,2017-08-31,3356.009200976027
10005,Manhattan,New York County,2017-09-30,3364.43375906124
10005,Manhattan,New York County,2017-10-31,3341.125861791251
10005,Manhattan,New York County,2017-11-30,3305.183055705796
10005,Manhattan,New York County,2017-12-31,3236.187326835386
10005,Manhattan,New York County,2018-01-31,3226.1449526530837
10005,Manhattan,New York County,2018-02-28,3236.306665957111
10005,Manhattan,New York County,2018-03-31,3275.856480712882
10005,Manhattan,New York County,2018-04-30,3302.0058846517477
10005,Manhattan,New York County,2018-05-31,3326.684102533904
10005,Manhattan,New York County,2018-06-30,3373.6782654956264
10005,Manhattan,New York County,2018-07-31,3415.5845595427095
10005,Manhattan,New York County,2018-08-31,3488.466306962692
10005,Manhattan,New York County,2018-09-30,3497.2100190362257
10005,Manhattan,New York County,2018-10-31,3501.900259070185
10005,Manhattan,New York County,2018-11-30,3451.8614717971573
10005,Manhattan,New York County,2018-12-31,3426.0532898818933
10005,Manhattan,New York County,2019-01-31,3391.067477912234
10005,Manhattan,New York County,2019-02-28,3403.6112550965886
10005,Manhattan,New York County,2019-03-31,3431.341490366638
10005,Manhattan,New York County,2019-04-30,3474.0247918248615
10005,Manhattan,New York County,2019-05-31,3501.9073781662705
10005,Manhattan,New York County,2019-06-30,3528.7554116785227
10005,Manhattan,New York County,2019-07-31,3546.8789903176526
10005,Manhattan,New York County,2019-08-31,3544.778553866775
10005,Manhattan,New York County,2019-09-30,3535.342683235146
10005,Manhattan,New York County,2019-10-31,3495.7376419102807
10005,Manhattan,New York County,2019-11-30,3467.630687964929
10005,Manhattan,New York County,2019-12-31,3471.1696080853453
10005,Manhattan,New York County,2020-01-31,3515.0468578946106
10005,Manhattan,New York County,2020-02-29,3540.0047589103797
10005,Manhattan,New York County,2020-03-31,3577.7017293411573
10005,Manhattan,New York County,2020-04-30,3562.7215532192236
10005,Manhattan,New York County,2020-05-31,3548.013903798395
10005,Manhattan,New York County,2020-06-30,3462.4269727173264
10005,Manhattan,New York County,2020-07-31,3366.7240782665726
10005,Manhattan,New York County,2020-08-31,3245.8264114213675
10005,Manhattan,New York County,2020-09-30,3058.994244649439
10005,Manhattan,New York County,2020-10-31,2996.250020724425
10005,Manhattan,New York County,2020-11-30,2962.908237154464
10005,Manhattan,New York County,2020-12-31,3019.693730307411
10005,Manhattan,New York County,2021-01-31,3017.336999211562
10005,Manhattan,New York County,2021-02-28,3011.5816599032087
10005,Manhattan,New York County,2021-03-31,3064.1162957583347
10005,Manhattan,New York County,2021-04-30,3103.3673577138834
10005,Manhattan,New York County,2021-05-31,3195.4026674895913
10005,Manhattan,New York County,2021-06-30,3257.2962737517896
10005,Manhattan,New York County,2021-07-31,3384.7483373786636
10005,Manhattan,New York County,2021-08-31,3534.5348358567426
10005,Manhattan,New York County,2021-09-30,3663.3996613027452
10005,Manhattan,New York County,2021-10-31,3708.3495265492124
10005,Manhattan,New York County,2021-11-30,3715.468603582835
10005,Manhattan,New York County,2021-12-31,3705.9760895371396
10005,Manhattan,New York County,2022-01-31,3823.952200569145
10005,Manhattan,New York County,2022-02-28,3870.6870066614442
10005,Manhattan,New York County,2022-03-31,3960.673721349361
10005,Manhattan,New York County,2022-04-30,3971.2060751722383
10005,Manhattan,New York County,2022-05-31,4068.7130136060455
10005,Manhattan,New York County,2022-06-30,4168.975341797889
10005,Manhattan,New York County,2022-07-31,4109.109350284125
10005,Manhattan,New York County,2022-08-31,4082.4882171130903
10005,Manhattan,New York County,2022-09-30,4041.848170440694
10005,Manhattan,New York County,2022-10-31,4061.769126355862
10005,Manhattan,New York County,2022-11-30,4050.3288390277567
10005,Manhattan,New York County,2022-12-31,3988.1340274680433
10005,Manhattan,New York County,2023-01-31,3992.43938523211
10005,Manhattan,New York County,2023-02-28,3975.8602546243305
10005,Manhattan,New York County,2023-03-31,4021.0514064278013
10005,Manhattan,New York County,2023-04-30,4060.4808200428934
10005,Manhattan,New York County,2023-05-31,4108.630327755844
10005,Manhattan,New York County,2023-06-30,4160.511156087785
10005,Manhattan,New York County,2023-07-31,4190.08885284362
10005,Manhattan,New York County,2023-08-31,4228.788382571878
10005,Manhattan,New York County,2023-09-30,4231.760960937603
10005,Manhattan,New York County,2023-10-31,4261.157575847613
10005,Manhattan,New York County,2023-11-30,4204.89951331653
10005,Manhattan,New York County,2023-12-31,4182.0086554114205
10005,Manhattan,New York County,2024-01-31,4140.371612013005
10005,Manhattan,New York County,2024-02-29,4137.915352005794
10005,Manhattan,New York County,2024-03-31,4121.079359139234
10005,Manhattan,New York County,2024-04-30,4160.97780672121
10005,Manhattan,New York County,2024-05-31,4242.797009000007
10005,Manhattan,New York County,2024-06-30,4311.9974745017735
10005,Manhattan,New York County,2024-07-31,4358.993473717376
10005,Manhattan,New York County,2024-08-31,4365.833321550813
10005,Manhattan,New York County,2024-09-30,4364.365929680711
10005,Manhattan,New York County,2024-10-31,4303.322092339607
10005,Manhattan,New York County,2024-11-30,4312.865469506694
10005,Manhattan,New York County,2024-12-31,4292.907316392304
10005,Manhattan,New York County,2025-01-31,4331.12883792239
10005,Manhattan,New York County,2025-02-28,4322.919331972363
10005,Manhattan,New York County,2025-03-31,4377.758162244331
10005,Manhattan,New York County,2025-04-30,4402.355450042479
10005,Manhattan,New York County,2025-05-31,4427.812129235015
10005,Manhattan,New York County,2025-06-30,4425.777467901227
10005,Manhattan,New York County,2025-07-31,4437.082332137527
10005,Manhattan,New York County,2025-08-31,4443.49113471835
10005,Manhattan,New York County,2025-09-30,4457.843222513647
10005,Manhattan,New York County,2025-10-31,4487.824472885392
10005,Manhattan,New York County,2025-11-30,4458.914429774768
10005,Manhattan,New York County,2025-12-31,4443.125718461729
10005,Manhattan,New York County,2026-01-31,4473.196929841704
10005,Manhattan,New York County,2026-02-28,4546.318315476469
10005,Manhattan,New York County,2026-03-31,4620.156678387125
10005,Manhattan,New York County,2026-04-30,4629.163020862497
10005,Manhattan,New York County,2026-05-31,4669.16580492101
10005,Manhattan,New York County,2026-06-30,4694.165984306288
10005,Manhattan,New York County,2026-07-31,4736.505659787367
10007,Manhattan,New York County,2017-01-31,5459.908615334288
10007,Manhattan,New York County,2017-02-28,5499.96728542109
10007,Manhattan,New York County,2017-03-31,5412.663870184705
10007,Manhattan,New York County,2017-04-30,5499.434435349389
10007,Manhattan,New York County,2017-05-31,5566.996054293784
10007,Manhattan,New York County,2017-06-30,5625.903779561521
10007,Manhattan,New York County,2017-07-31,5571.294039254839
10007,Manhattan,New York County,2017-08-31,5562.677190369938
10007,Manhattan,New York County,2017-09-30,5633.510062965257
10007,Manhattan,New York County,2017-10-31,5612.772394886531
10007,Manhattan,New York County,2017-11-30,5567.416375394969
10007,Manhattan,New York County,2017-12-31,5450.779198186602
10007,Manhattan,New York County,2018-01-31,5426.641412020382
10007,Manhattan,New York County,2018-02-28,5379.516392170744
10007,Manhattan,New York County,2018-03-31,5378.638686609872
10007,Manhattan,New York County,2018-04-30,5484.687479301411
10007,Manhattan,New York County,2018-05-31,5574.071059469126
10007,Manhattan,New York County,2018-06-30,5691.6276140701175
10007,Manhattan,New York County,2018-07-31,5710.733697861279
10007,Manhattan,New York County,2018-08-31,5742.638621837465
10007,Manhattan,New York County,2018-09-30,5828.663903248284
10007,Manhattan,New York County,2018-10-31,5805.6116508492205
10007,Manhattan,New York County,2018-11-30,5767.631641834919
10007,Manhattan,New York County,2018-12-31,5530.773417762425
10007,Manhattan,New York County,2019-01-31,5556.136851414972
10007,Manhattan,New York County,2019-02-28,5681.785162485448
10007,Manhattan,New York County,2019-03-31,5794.513601193562
10007,Manhattan,New York County,2019-04-30,5853.766886782476
10007,Manhattan,New York County,2019-05-31,5849.8504840254855
10007,Manhattan,New York County,2019-06-30,5966.244967900757
10007,Manhattan,New York County,2019-07-31,6006.8451115576745
10007,Manhattan,New York County,2019-08-31,6005.568396086041
10007,Manhattan,New York County,2019-09-30,6026.879698995068
10007,Manhattan,New York County,2019-10-31,5998.587511264264
10007,Manhattan,New York County,2019-11-30,5889.038482170683
10007,Manhattan,New York County,2019-12-31,5781.540351823201
10007,Manhattan,New York County,2020-01-31,5749.566087418952
10007,Manhattan,New York County,2020-02-29,5828.010697625485
10007,Manhattan,New York County,2020-03-31,5910.715229776007
10007,Manhattan,New York County,2020-04-30,5945.709375521393
10007,Manhattan,New York County,2020-05-31,5945.464193074446
10007,Manhattan,New York County,2020-06-30,5890.269122568304
10007,Manhattan,New York County,2020-07-31,5745.246055354002
10007,Manhattan,New York County,2020-08-31,5499.3656671326635
10007,Manhattan,New York County,2020-09-30,5349.397652370871
10007,Manhattan,New York County,2020-10-31,5319.320316112801
10007,Manhattan,New York County,2020-11-30,5188.170487049347
10007,Manhattan,New York County,2020-12-31,5046.429439396687
10007,Manhattan,New York County,2021-01-31,4895.761718980443
10007,Manhattan,New York County,2021-02-28,5021.979934570748
10007,Manhattan,New York County,2021-03-31,5210.471292824518
10007,Manhattan,New York County,2021-04-30,5395.580178343546
10007,Manhattan,New York County,2021-05-31,5637.987575956481
10007,Manhattan,New York County,2021-06-30,5851.6647976424565
10007,Manhattan,New York County,2021-07-31,6130.592630574634
10007,Manhattan,New York County,2021-08-31,6300.5039371465045
10007,Manhattan,New York County,2021-09-30,6435.287186313439
10007,Manhattan,New York County,2021-10-31,6494.064760794972
10007,Manhattan,New York County,2021-11-30,6493.392733121418
10007,Manhattan,New York County,2021-12-31,6483.854857994416
10007,Manhattan,New York County,2022-01-31,6447.118101846003
10007,Manhattan,New York County,2022-02-28,6534.514344956113
10007,Manhattan,New York County,2022-03-31,6596.274038038625
10007,Manhattan,New York County,2022-04-30,6697.309257085503
10007,Manhattan,New York County,2022-05-31,6719.5857167662425
10007,Manhattan,New York County,2022-06-30,6796.460310262047
10007,Manhattan,New York County,2022-07-31,6834.214842140418
10007,Manhattan,New York County,2022-08-31,6878.299505793528
10007,Manhattan,New York County,2022-09-30,6956.917624927314
10007,Manhattan,New York County,2022-10-31,6983.532309656424
10007,Manhattan,New York County,2022-11-30,6949.344646458768
10007,Manhattan,New York County,2022-12-31,6783.897990798273
10007,Manhattan,New York County,2023-01-31,6765.087019006237
10007,Manhattan,New York County,2023-02-28,6778.74065078508
10007,Manhattan,New York County,2023-03-31,6999.754051963824
10007,Manhattan,New York County,2023-04-30,7129.17693663222
10007,Manhattan,New York County,2023-05-31,7282.53821789961
10007,Manhattan,New York County,2023-06-30,7239.2738726621665
10007,Manhattan,New York County,2023-07-31,7191.764871760453
10007,Manhattan,New York County,2023-08-31,7178.337169052543
10007,Manhattan,New York County,2023-09-30,7165.489422404699
10007,Manhattan,New York County,2023-10-31,7141.254335974765
10007,Manhattan,New York County,2023-11-30,7097.608568700986
10007,Manhattan,New York County,2023-12-31,6999.345486250836
10007,Manhattan,New York County,2024-01-31,6953.398947302645
10007,Manhattan,New York County,2024-02-29,6976.334412434322
10007,Manhattan,New York County,2024-03-31,7206.0398412736195
10007,Manhattan,New York County,2024-04-30,7345.638032481799
10007,Manhattan,New York County,2024-05-31,7438.2870625525675
10007,Manhattan,New York County,2024-06-30,7476.21149146606
10007,Manhattan,New York County,2024-07-31,7490.590719332207
10007,Manhattan,New York County,2024-08-31,7546.545432645247
10007,Manhattan,New York County,2024-09-30,7561.7464267179275
10007,Manhattan,New York County,2024-10-31,7644.758042560358
10007,Manhattan,New York County,2024-11-30,7540.016152264634
10007,Manhattan,New York County,2024-12-31,7421.302425132267
10007,Manhattan,New York County,2025-01-31,7274.037236698811
10007,Manhattan,New York County,2025-02-28,7367.002744579867
10007,Manhattan,New York County,2025-03-31,7584.948880169503
10007,Manhattan,New York County,2025-04-30,7908.145596793464
10007,Manhattan,New York County,2025-05-31,8090.613100765693
10007,Manhattan,New York County,2025-06-30,8208.993563404088
10007,Manhattan,New York County,2025-07-31,8352.842613102628
10007,Manhattan,New York County,2025-08-31,8349.108847613188
10007,Manhattan,New York County,2025-09-30,8345.423786812811
10007,Manhattan,New York County,2025-10-31,8048.907469989526
10007,Manhattan,New York County,2025-11-30,7932.1906571951085
10007,Manhattan,New York County,2025-12-31,7785.734116640653
10007,Manhattan,New York County,2026-01-31,7898.044632448486
10007,Manhattan,New York County,2026-02-28,8062.816867352271
10007,Manhattan,New York County,2026-03-31,8166.8568508230655
10007,Manhattan,New York County,2026-04-30,8544.649262478335
10007,Manhattan,New York County,2026-05-31,8792.438235096943
10007,Manhattan,New York County,2026-06-30,9023.737562763146
10007,Manhattan,New York County,2026-07-31,8847.293447293447
10018,Manhattan,New York County,2015-01-31,3605.9123242380156
10018,Manhattan,New York County,2015-02-28,3656.7202555844347
10018,Manhattan,New York County,2015-03-31,3671.126119577367
10018,Manhattan,New York County,2015-04-30,3680.7928540150933
10018,Manhattan,New York County,2015-05-31,3685.4177676123545
10018,Manhattan,New York County,2015-06-30,3733.3270278142913
10018,Manhattan,New York County,2015-07-31,3717.8960259468536
10018,Manhattan,New York County,2015-08-31,3700.912540188018
10018,Manhattan,New York County,2015-09-30,3724.79862408094
10018,Manhattan,New York County,2015-10-31,3750.0098271246793
10018,Manhattan,New York County,2015-11-30,3716.7395184437505
10018,Manhattan,New York County,2015-12-31,3668.9472425220783
10018,Manhattan,New York County,2016-01-31,3638.817327950822
10018,Manhattan,New York County,2016-02-29,3654.757578744492
10018,Manhattan,New York County,2016-03-31,3659.2947404790175
10018,Manhattan,New York County,2016-04-30,3687.9555994538005
10018,Manhattan,New York County,2016-05-31,3703.5529362084667
10018,Manhattan,New York County,2016-06-30,3717.073990572756
10018,Manhattan,New York County,2016-07-31,3736.8356173830716
10018,Manhattan,New York County,2016-08-31,3742.7079945429746
10018,Manhattan,New York County,2016-09-30,3754.3530039624093
10018,Manhattan,New York County,2016-10-31,3721.807702310004
10018,Manhattan,New York County,2016-11-30,3696.785375786505
10018,Manhattan,New York County,2016-12-31,3629.76079668066
10018,Manhattan,New York County,2017-01-31,3596.618006818022
10018,Manhattan,New York County,2017-02-28,3584.0966461283683
10018,Manhattan,New York County,2017-03-31,3633.4366990623107
10018,Manhattan,New York County,2017-04-30,3701.379814710127
10018,Manhattan,New York County,2017-05-31,3757.688462455961
10018,Manhattan,New York County,2017-06-30,3731.6329211070197
10018,Manhattan,New York County,2017-07-31,3686.952602805423
10018,Manhattan,New York County,2017-08-31,3725.8059730270566
10018,Manhattan,New York County,2017-09-30,3745.5641397819077
10018,Manhattan,New York County,2017-10-31,3742.90544810085
10018,Manhattan,New York County,2017-11-30,3669.4806577262384
10018,Manhattan,New York County,2017-12-31,3682.301090955717
10018,Manhattan,New York County,2018-01-31,3657.003914623706
10018,Manhattan,New York County,2018-02-28,3640.8227873250157
10018,Manhattan,New York County,2018-03-31,3629.811763180339
10018,Manhattan,New York County,2018-04-30,3697.7039884456094
10018,Manhattan,New York County,2018-05-31,3745.4801653729646
10018,Manhattan,New York County,2018-06-30,3777.2987071111625
10018,Manhattan,New York County,2018-07-31,3774.723617601782
10018,Manhattan,New York County,2018-08-31,3787.570690036619
10018,Manhattan,New York County,2018-09-30,3805.164493230877
10018,Manhattan,New York County,2018-10-31,3798.3733826911252
10018,Manhattan,New York County,2018-11-30,3744.902803750276
10018,Manhattan,New York County,2018-12-31,3735.5970581027873
10018,Manhattan,New York County,2019-01-31,3766.3882330382967
10018,Manhattan,New York County,2019-02-28,3797.0194035027735
10018,Manhattan,New York County,2019-03-31,3781.9009689380277
10018,Manhattan,New York County,2019-04-30,3772.681814945909
10018,Manhattan,New York County,2019-05-31,3838.81733256156
10018,Manhattan,New York County,2019-06-30,3915.2203766091293
10018,Manhattan,New York County,2019-07-31,3964.2729103319166
10018,Manhattan,New York County,2019-08-31,3975.035682902188
10018,Manhattan,New York County,2019-09-30,3946.711695819141
10018,Manhattan,New York County,2019-10-31,3886.2570139869254
10018,Manhattan,New York County,2019-11-30,3841.659995105104
10018,Manhattan,New York County,2019-12-31,3796.233167706384
10018,Manhattan,New York County,2020-01-31,3779.541472886715
10018,Manhattan,New York County,2020-02-29,3782.8467762063506
10018,Manhattan,New York County,2020-03-31,3832.4133807798344
10018,Manhattan,New York County,2020-04-30,3793.6731535411427
10018,Manhattan,New York County,2020-05-31,3756.227099589043
10018,Manhattan,New York County,2020-06-30,3661.8273288458354
10018,Manhattan,New York County,2020-07-31,3609.7842891537425
10018,Manhattan,New York County,2020-08-31,3477.8657454953873
10018,Manhattan,New York County,2020-09-30,3342.2245685000316
10018,Manhattan,New York County,2020-10-31,3319.430323531592
10018,Manhattan,New York County,2020-11-30,3304.153214374307
10018,Manhattan,New York County,2020-12-31,3258.9839161109453
10018,Manhattan,New York County,2021-01-31,3201.1102695224004
10018,Manhattan,New York County,2021-02-28,3205.6878904004866
10018,Manhattan,New York County,2021-03-31,3290.5078027467785
10018,Manhattan,New York County,2021-04-30,3389.1270300193346
10018,Manhattan,New York County,2021-05-31,3505.0900940534816
10018,Manhattan,New York County,2021-06-30,3656.011178773105
10018,Manhattan,New York County,2021-07-31,3770.3844921966347
10018,Manhattan,New York County,2021-08-31,3886.8625355616023
10018,Manhattan,New York County,2021-09-30,3983.604315392677
10018,Manhattan,New York County,2021-10-31,4087.7464708274365
10018,Manhattan,New York County,2021-11-30,4165.174107810899
10018,Manhattan,New York County,2021-12-31,4169.948126033682
10018,Manhattan,New York County,2022-01-31,4174.651087294623
10018,Manhattan,New York County,2022-02-28,4152.823244611524
10018,Manhattan,New York County,2022-03-31,4204.88489361087
10018,Manhattan,New York County,2022-04-30,4291.3266102566
10018,Manhattan,New York County,2022-05-31,4406.459716266032
10018,Manhattan,New York County,2022-06-30,4489.24716886984
10018,Manhattan,New York County,2022-07-31,4530.475200989408
10018,Manhattan,New York County,2022-08-31,4541.560377150354
10018,Manhattan,New York County,2022-09-30,4513.31819149588
10018,Manhattan,New York County,2022-10-31,4473.023764286605
10018,Manhattan,New York County,2022-11-30,4427.9954001589085
10018,Manhattan,New York County,2022-12-31,4407.180953572135
10018,Manhattan,New York County,2023-01-31,4418.152964528691
10018,Manhattan,New York County,2023-02-28,4427.4407140459325
10018,Manhattan,New York County,2023-03-31,4446.481148118985
10018,Manhattan,New York County,2023-04-30,4462.039545909338
10018,Manhattan,New York County,2023-05-31,4502.813507561399
10018,Manhattan,New York County,2023-06-30,4558.392410709816
10018,Manhattan,New York County,2023-07-31,4587.471467312841
10018,Manhattan,New York County,2023-08-31,4587.472560377992
10018,Manhattan,New York County,2023-09-30,4569.779612196638
10018,Manhattan,New York County,2023-10-31,4540.468112886283
10018,Manhattan,New York County,2023-11-30,4462.6342105710355
10018,Manhattan,New York County,2023-12-31,4395.498380935654
10018,Manhattan,New York County,2024-01-31,4397.82432157248
10018,Manhattan,New York County,2024-02-29,4486.0708934450395
10018,Manhattan,New York County,2024-03-31,4570.623018125117
10018,Manhattan,New York County,2024-04-30,4598.086435176609
10018,Manhattan,New York County,2024-05-31,4650.982132088968
10018,Manhattan,New York County,2024-06-30,4690.530105278375
10018,Manhattan,New York County,2024-07-31,4706.860989098222
10018,Manhattan,New York County,2024-08-31,4681.652760605172
10018,Manhattan,New York County,2024-09-30,4661.952744771741
10018,Manhattan,New York County,2024-10-31,4653.229926132014
10018,Manhattan,New York County,2024-11-30,4648.012862050074
10018,Manhattan,New York County,2024-12-31,4651.579901833989
10018,Manhattan,New York County,2025-01-31,4629.750577879145
10018,Manhattan,New York County,2025-02-28,4692.310626410003
10018,Manhattan,New York County,2025-03-31,4709.653050039493
10018,Manhattan,New York County,2025-04-30,4793.917215482196
10018,Manhattan,New York County,2025-05-31,4792.872180406436
10018,Manhattan,New York County,2025-06-30,4875.018392058955
10018,Manhattan,New York County,2025-07-31,4927.772168889403
10018,Manhattan,New York County,2025-08-31,4948.342371786422
10018,Manhattan,New York County,2025-09-30,4892.019963507135
10018,Manhattan,New York County,2025-10-31,4827.065153425162
10018,Manhattan,New York County,2025-11-30,4730.002221058698
10018,Manhattan,New York County,2025-12-31,4704.346951367368
10018,Manhattan,New York County,2026-01-31,4670.884519051724
10018,Manhattan,New York County,2026-02-28,4743.93726600333
10018,Manhattan,New York County,2026-03-31,4832.7395447242725
10018,Manhattan,New York County,2026-04-30,4926.776046782173
10018,Manhattan,New York County,2026-05-31,5001.146469289637
10018,Manhattan,New York County,2026-06-30,5034.116705058882
10018,Manhattan,New York County,2026-07-31,5081.3945242747
10069,Manhattan,New York County,2019-11-30,4541.751559985011
10069,Manhattan,New York County,2019-12-31,4458.77979244621
10069,Manhattan,New York County,2020-01-31,4472.384060072036
10069,Manhattan,New York County,2020-02-29,4454.999197122238
10069,Manhattan,New York County,2020-03-31,4329.687309767325
10069,Manhattan,New York County,2020-04-30,4283.881702087348
10069,Manhattan,New York County,2020-05-31,4220.890822987538
10069,Manhattan,New York County,2020-06-30,4185.971967698963
10069,Manhattan,New York County,2020-07-31,4124.570879345394
10069,Manhattan,New York County,2020-08-31,4073.465201610118
10069,Manhattan,New York County,2020-09-30,3986.8721365354745
10069,Manhattan,New York County,2020-10-31,3902.603228417372
10069,Manhattan,New York County,2020-11-30,3810.13860762679
10069,Manhattan,New York County,2020-12-31,3739.3564313073707
10069,Manhattan,New York County,2021-01-31,3707.1300788876238
10069,Manhattan,New York County,2021-02-28,3757.4433889082475
10069,Manhattan,New York County,2021-03-31,3843.9211984499793
10069,Manhattan,New York County,2021-04-30,3960.025288032952
10069,Manhattan,New York County,2021-05-31,4020.734702601162
10069,Manhattan,New York County,2021-06-30,4177.432825345269
10069,Manhattan,New York County,2021-07-31,4317.802721513153
10069,Manhattan,New York County,2021-08-31,4574.423598423522
10069,Manhattan,New York County,2021-09-30,4706.511706959502
10069,Manhattan,New York County,2021-10-31,4829.746275682639
10069,Manhattan,New York County,2021-11-30,4821.62798176138
10069,Manhattan,New York County,2021-12-31,4850.782211713514
10069,Manhattan,New York County,2022-01-31,4897.276779767827
10069,Manhattan,New York County,2022-02-28,4906.919781823087
10069,Manhattan,New York County,2022-03-31,4929.424524508741
10069,Manhattan,New York County,2022-04-30,4931.76706237335
10069,Manhattan,New York County,2022-05-31,5073.264700215328
10069,Manhattan,New York County,2022-06-30,5237.850800531658
10069,Manhattan,New York County,2022-07-31,5383.224288344906
10069,Manhattan,New York County,2022-08-31,5393.617512297486
10069,Manhattan,New York County,2022-09-30,5384.203841723583
10069,Manhattan,New York County,2022-10-31,5386.865640701485
10069,Manhattan,New York County,2022-11-30,5405.673025729079
10069,Manhattan,New York County,2022-12-31,5326.693784686255
10069,Manhattan,New York County,2023-01-31,5198.073606072356
10069,Manhattan,New York County,2023-02-28,5071.4771897837945
10069,Manhattan,New York County,2023-03-31,5116.705046259301
10069,Manhattan,New York County,2023-04-30,5139.576872933668
10069,Manhattan,New York County,2023-05-31,5222.981553748898
10069,Manhattan,New York County,2023-06-30,5318.71166032503
10069,Manhattan,New York County,2023-07-31,5441.364242543563
10069,Manhattan,New York County,2023-08-31,5514.810559986277
10069,Manhattan,New York County,2023-09-30,5447.13329585155
10069,Manhattan,New York County,2023-10-31,5358.93764386707
10069,Manhattan,New York County,2023-11-30,5310.114505467251
10069,Manhattan,New York County,2023-12-31,5226.374032349302
10069,Manhattan,New York County,2024-01-31,5201.920512339178
10069,Manhattan,New York County,2024-02-29,5310.283728684634
10069,Manhattan,New York County,2024-03-31,5497.736636937098
10069,Manhattan,New York County,2024-04-30,5641.909116793899
10069,Manhattan,New York County,2024-05-31,5639.722004703074
10069,Manhattan,New York County,2024-06-30,5636.652779526036
10069,Manhattan,New York County,2024-07-31,5636.137777307298
10069,Manhattan,New York County,2024-08-31,5692.753748679625
10069,Manhattan,New York County,2024-09-30,5682.785956489339
10069,Manhattan,New York County,2024-10-31,5639.934823693172
10069,Manhattan,New York County,2024-11-30,5610.091818852268
10069,Manhattan,New York County,2024-12-31,5603.942526468108
10069,Manhattan,New York County,2025-01-31,5670.850320742646
10069,Manhattan,New York County,2025-02-28,5739.833486386371
10069,Manhattan,New York County,2025-03-31,5794.992339323229
10069,Manhattan,New York County,2025-04-30,5888.037562075388
10069,Manhattan,New York County,2025-05-31,5934.607387170372
10069,Manhattan,New York County,2025-06-30,5975.125621369955
10069,Manhattan,New York County,2025-07-31,6021.969534446424
10069,Manhattan,New York County,2025-08-31,5996.668404719749
10069,Manhattan,New York County,2025-09-30,6054.919551922015
10069,Manhattan,New York County,2025-10-31,5935.085776137636
10069,Manhattan,New York County,2025-11-30,5897.044786812071
10069,Manhattan,New York County,2025-12-31,5738.326706129433
10069,Manhattan,New York County,2026-01-31,5746.228178524795
10069,Manhattan,New York County,2026-02-28,5768.968012649153
10069,Manhattan,New York County,2026-03-31,5950.898342205295
10069,Manhattan,New York County,2026-04-30,6106.187595371306
10069,Manhattan,New York County,2026-05-31,6236.025284778398
10069,Manhattan,New York County,2026-06-30,6255.1722100265215
10069,Manhattan,New York County,2026-07-31,6281.587121212121
10280,Manhattan,New York County,2016-01-31,3463.828988248281
10280,Manhattan,New York County,2016-02-29,3458.245689097621
10280,Manhattan,New York County,2016-03-31,3492.9145475512832
10280,Manhattan,New York County,2016-04-30,3508.6550935777846
10280,Manhattan,New York County,2016-05-31,3535.7547269135675
10280,Manhattan,New York County,2016-06-30,3526.708549966596
10280,Manhattan,New York County,2016-07-31,3535.310310119219
10280,Manhattan,New York County,2016-08-31,3525.618258149852
10280,Manhattan,New York County,2016-09-30,3515.0977370178903
10280,Manhattan,New York County,2016-10-31,3526.7133163653916
10280,Manhattan,New York County,2016-11-30,3466.7793888363776
10280,Manhattan,New York County,2016-12-31,3383.0213072384463
10280,Manhattan,New York County,2017-01-31,3319.359392074751
10280,Manhattan,New York County,2017-02-28,3350.4299725787682
10280,Manhattan,New York County,2017-03-31,3425.7655622285633
10280,Manhattan,New York County,2017-04-30,3466.902251082931
10280,Manhattan,New York County,2017-05-31,3531.4059623798053
10280,Manhattan,New York County,2017-06-30,3540.355213256778
10280,Manhattan,New York County,2017-07-31,3523.9261094190274
10280,Manhattan,New York County,2017-08-31,3486.178856304703
10280,Manhattan,New York County,2017-09-30,3508.9229797139287
10280,Manhattan,New York County,2017-10-31,3497.098386366526
10280,Manhattan,New York County,2017-11-30,3463.3370779187976
10280,Manhattan,New York County,2017-12-31,3402.5439461209353
10280,Manhattan,New York County,2018-01-31,3409.260749936123
10280,Manhattan,New York County,2018-02-28,3430.2022967885755
10280,Manhattan,New York County,2018-03-31,3469.9488548931963
10280,Manhattan,New York County,2018-04-30,3511.017290767877
10280,Manhattan,New York County,2018-05-31,3534.0555006986647
10280,Manhattan,New York County,2018-06-30,3567.9852696696603
10280,Manhattan,New York County,2018-07-31,3645.1733823573677
10280,Manhattan,New York County,2018-08-31,3707.6099915129885
10280,Manhattan,New York County,2018-09-30,3714.898172475916
10280,Manhattan,New York County,2018-10-31,3643.5723226097343
10280,Manhattan,New York County,2018-11-30,3549.071537782981
10280,Manhattan,New York County,2018-12-31,3487.439403000803
10280,Manhattan,New York County,2019-01-31,3504.503807565653
10280,Manhattan,New York County,2019-02-28,3580.4378683454092
10280,Manhattan,New York County,2019-03-31,3669.07091043903
10280,Manhattan,New York County,2019-04-30,3697.2404420114185
10280,Manhattan,New York County,2019-05-31,3724.8679563379123
10280,Manhattan,New York County,2019-06-30,3738.9913485510506
10280,Manhattan,New York County,2019-07-31,3793.101052855253
10280,Manhattan,New York County,2019-08-31,3850.7912909519705
10280,Manhattan,New York County,2019-09-30,3847.5732563029333
10280,Manhattan,New York County,2019-10-31,3789.2020874070904
10280,Manhattan,New York County,2019-11-30,3766.4120219711567
10280,Manhattan,New York County,2019-12-31,3710.027780003642
10280,Manhattan,New York County,2020-01-31,3719.5331795688717
10280,Manhattan,New York County,2020-02-29,3692.2758143511824
10280,Manhattan,New York County,2020-03-31,3801.297842888023
10280,Manhattan,New York County,2020-04-30,3775.155867036568
10280,Manhattan,New York County,2020-05-31,3706.190881698342
10280,Manhattan,New York County,2020-06-30,3560.2950646499226
10280,Manhattan,New York County,2020-07-31,3470.5077505693735
10280,Manhattan,New York County,2020-08-31,3359.8033761823967
10280,Manhattan,New York County,2020-09-30,3274.270303682261
10280,Manhattan,New York County,2020-10-31,3235.6762692905777
10280,Manhattan,New York County,2020-11-30,3237.4447110745955
10280,Manhattan,New York County,2020-12-31,3228.150746526278
10280,Manhattan,New York County,2021-01-31,3235.097487328973
10280,Manhattan,New York County,2021-02-28,3207.4581604477326
10280,Manhattan,New York County,2021-03-31,3219.534400664557
10280,Manhattan,New York County,2021-04-30,3258.7465868341646
10280,Manhattan,New York County,2021-05-31,3372.733323340638
10280,Manhattan,New York County,2021-06-30,3583.5898853423573
10280,Manhattan,New York County,2021-07-31,3774.9947077468987
10280,Manhattan,New York County,2021-08-31,3958.136408281925
10280,Manhattan,New York County,2021-09-30,4063.3982306581042
10280,Manhattan,New York County,2021-10-31,4130.298119071844
10280,Manhattan,New York County,2021-11-30,4166.768646932205
10280,Manhattan,New York County,2021-12-31,4156.622079769645
10280,Manhattan,New York County,2022-01-31,4152.271410986272
10280,Manhattan,New York County,2022-02-28,4163.92080726111
10280,Manhattan,New York County,2022-03-31,4219.396242790598
10280,Manhattan,New York County,2022-04-30,4275.110552126011
10280,Manhattan,New York County,2022-05-31,4324.002345659694
10280,Manhattan,New York County,2022-06-30,4377.645702666116
10280,Manhattan,New York County,2022-07-31,4465.803785536022
10280,Manhattan,New York County,2022-08-31,4544.663952932073
10280,Manhattan,New York County,2022-09-30,4543.192235210939
10280,Manhattan,New York County,2022-10-31,4403.609339194592
10280,Manhattan,New York County,2022-11-30,4275.826642394741
10280,Manhattan,New York County,2022-12-31,4170.259026431947
10280,Manhattan,New York County,2023-01-31,4200.389481416936
10280,Manhattan,New York County,2023-02-28,4241.10780132787
10280,Manhattan,New York County,2023-03-31,4368.4689386388
10280,Manhattan,New York County,2023-04-30,4435.631115330173
10280,Manhattan,New York County,2023-05-31,4521.7965164628495
10280,Manhattan,New York County,2023-06-30,4570.991845478285
10280,Manhattan,New York County,2023-07-31,4711.208206110202
10280,Manhattan,New York County,2023-08-31,4743.23226862926
10280,Manhattan,New York County,2023-09-30,4720.213371031842
10280,Manhattan,New York County,2023-10-31,4587.162473434017
10280,Manhattan,New York County,2023-11-30,4575.714942376994
10280,Manhattan,New York County,2023-12-31,4449.254618370693
10280,Manhattan,New York County,2024-01-31,4330.795145172372
10280,Manhattan,New York County,2024-02-29,4228.056675332962
10280,Manhattan,New York County,2024-03-31,4284.2101973787
10280,Manhattan,New York County,2024-04-30,4469.958347112134
10280,Manhattan,New York County,2024-05-31,4660.882130869895
10280,Manhattan,New York County,2024-06-30,4842.002167404221
10280,Manhattan,New York County,2024-07-31,4919.769161714009
10280,Manhattan,New York County,2024-08-31,4921.191230052497
10280,Manhattan,New York County,2024-09-30,4845.985575882318
10280,Manhattan,New York County,2024-10-31,4799.586850021328
10280,Manhattan,New York County,2024-11-30,4739.9426356168315
10280,Manhattan,New York County,2024-12-31,4698.294857204642
10280,Manhattan,New York County,2025-01-31,4668.413699053099
10280,Manhattan,New York County,2025-02-28,4756.69094800648
10280,Manhattan,New York County,2025-03-31,4820.534791339905
10280,Manhattan,New York County,2025-04-30,4860.492480243062
10280,Manhattan,New York County,2025-05-31,4937.36684333532
10280,Manhattan,New York County,2025-06-30,5041.136380571997
10280,Manhattan,New York County,2025-07-31,5129.829984247378
10280,Manhattan,New York County,2025-08-31,5087.566494109476
10280,Manhattan,New York County,2025-09-30,4989.737678901914
10280,Manhattan,New York County,2025-10-31,4991.986540944617
10280,Manhattan,New York County,2025-11-30,4979.565026220339
10280,Manhattan,New York County,2025-12-31,4968.098566235529
10280,Manhattan,New York County,2026-01-31,4902.530768415076
10280,Manhattan,New York County,2026-02-28,4928.6190206523825
10280,Manhattan,New York County,2026-03-31,5032.349791880134
10280,Manhattan,New York County,2026-04-30,5127.80528902743
10280,Manhattan,New York County,2026-05-31,5170.288264048165
10280,Manhattan,New York County,2026-06-30,5251.164006732296
10280,Manhattan,New York County,2026-07-31,5279.242311661506
11363,Queens,Queens County,2026-07-31,2991.416666666667
10282,Manhattan,New York County,2021-10-31,5220.179929897208
10282,Manhattan,New York County,2021-11-30,5400.765388080209
10282,Manhattan,New York County,2021-12-31,5383.015634309308
10282,Manhattan,New York County,2022-01-31,5379.861208878628
10282,Manhattan,New York County,2022-02-28,5396.085297409653
10282,Manhattan,New York County,2022-03-31,5633.552543451907
10282,Manhattan,New York County,2022-04-30,5870.054004823507
10282,Manhattan,New York County,2022-05-31,6004.160966620852
10282,Manhattan,New York County,2022-06-30,6099.7063846793835
10282,Manhattan,New York County,2022-07-31,6111.599728788413
10282,Manhattan,New York County,2022-08-31,6172.736901174209
10282,Manhattan,New York County,2022-09-30,6186.603037681169
10282,Manhattan,New York County,2022-10-31,6112.535044525081
10282,Manhattan,New York County,2022-11-30,6049.370751328828
10282,Manhattan,New York County,2022-12-31,5966.669510710119
10282,Manhattan,New York County,2023-01-31,5951.060295434442
10282,Manhattan,New York County,2023-02-28,6192.715543380245
10282,Manhattan,New York County,2023-03-31,6282.326452451432
10282,Manhattan,New York County,2023-04-30,6447.847415708482
10282,Manhattan,New York County,2023-05-31,6402.889307346507
10282,Manhattan,New York County,2023-06-30,6495.90171920744
10282,Manhattan,New York County,2023-07-31,6470.073922640456
10282,Manhattan,New York County,2023-08-31,6373.524861504019
10282,Manhattan,New York County,2023-09-30,6292.04632565935
10282,Manhattan,New York County,2023-10-31,6254.812441800976
10282,Manhattan,New York County,2023-11-30,6313.86558361719
10282,Manhattan,New York County,2023-12-31,6221.1426500555435
10282,Manhattan,New York County,2024-01-31,6255.746512273734
10282,Manhattan,New York County,2024-02-29,6205.939083125048
10282,Manhattan,New York County,2024-03-31,6344.10337343916
10282,Manhattan,New York County,2024-04-30,6405.580643413156
10282,Manhattan,New York County,2024-05-31,6561.588631027353
10282,Manhattan,New York County,2024-06-30,6591.101981256168
10282,Manhattan,New York County,2024-07-31,6683.1247023380065
10282,Manhattan,New York County,2024-08-31,6733.8868383844
10282,Manhattan,New York County,2024-09-30,6842.710200331347
10282,Manhattan,New York County,2024-10-31,6890.479183757179
10282,Manhattan,New York County,2024-11-30,6773.814028857417
10282,Manhattan,New York County,2024-12-31,6790.047765485617
10282,Manhattan,New York County,2025-01-31,6793.045575755329
10282,Manhattan,New York County,2025-02-28,6845.795279621964
10282,Manhattan,New York County,2025-03-31,6860.6862863642655
10282,Manhattan,New York County,2025-04-30,6920.9234798372745
10282,Manhattan,New York County,2025-05-31,6968.271851485854
10282,Manhattan,New York County,2025-06-30,6954.209456866624
10282,Manhattan,New York County,2025-07-31,6947.4129488720555
10282,Manhattan,New York County,2025-08-31,7037.741109604876
10282,Manhattan,New York County,2025-09-30,7193.8656974882515
10282,Manhattan,New York County,2025-10-31,7300.727169617347
10282,Manhattan,New York County,2025-11-30,7289.890824695831
10282,Manhattan,New York County,2025-12-31,7078.426224034145
10282,Manhattan,New York County,2026-01-31,7299.310980956988
10282,Manhattan,New York County,2026-02-28,7346.724081824508
10282,Manhattan,New York County,2026-03-31,7702.883299442841
10282,Manhattan,New York County,2026-04-30,7492.286470022739
10282,Manhattan,New York County,2026-05-31,7616.497758514231
10282,Manhattan,New York County,2026-06-30,7640.707930592465
10282,Manhattan,New York County,2026-07-31,7716.0
11109,Queens,Queens County,2016-05-31,3026.374769646731
11109,Queens,Queens County,2016-06-30,3046.7938527196516
11109,Queens,Queens County,2016-07-31,3060.863231549818
11109,Queens,Queens County,2016-08-31,3089.59000755232
11109,Queens,Queens County,2016-09-30,3064.3286693088876
11109,Queens,Queens County,2016-10-31,3024.0622554203183
11109,Queens,Queens County,2016-11-30,2969.880878846257
11109,Queens,Queens County,2016-12-31,2922.677931961904
11109,Queens,Queens County,2017-01-31,2918.073398442256
11109,Queens,Queens County,2017-02-28,2936.8991764470297
11109,Queens,Queens County,2017-03-31,2996.3381981136113
11109,Queens,Queens County,2017-04-30,3051.6610866431865
11109,Queens,Queens County,2017-05-31,3078.678423210555
11109,Queens,Queens County,2017-06-30,3118.733217420896
11109,Queens,Queens County,2017-07-31,3118.771572735628
11109,Queens,Queens County,2017-08-31,3125.745621029583
11109,Queens,Queens County,2017-09-30,3091.1216762030713
11109,Queens,Queens County,2017-10-31,2966.3835888286367
11109,Queens,Queens County,2017-11-30,2839.870444893497
11109,Queens,Queens County,2017-12-31,2714.2651059222417
11109,Queens,Queens County,2018-01-31,2727.794949377712
11109,Queens,Queens County,2018-02-28,2737.7820324973072
11109,Queens,Queens County,2018-03-31,2823.3295027974063
11109,Queens,Queens County,2018-04-30,2879.0405422780505
11109,Queens,Queens County,2018-05-31,2964.3363040775153
11109,Queens,Queens County,2018-06-30,3040.785148427911
11109,Queens,Queens County,2018-07-31,3122.880950171185
11109,Queens,Queens County,2018-08-31,3181.8245434408436
11109,Queens,Queens County,2018-09-30,3141.4337721259535
11109,Queens,Queens County,2018-10-31,3072.063754982094
11109,Queens,Queens County,2018-11-30,3019.161749142689
11109,Queens,Queens County,2018-12-31,2989.2105466502044
11109,Queens,Queens County,2019-01-31,2978.665887166096
11109,Queens,Queens County,2019-02-28,2982.093725815448
11109,Queens,Queens County,2019-03-31,3037.5485703095956
11109,Queens,Queens County,2019-04-30,3119.5194895590857
11109,Queens,Queens County,2019-05-31,3205.0060408742447
11109,Queens,Queens County,2019-06-30,3287.683320664525
11109,Queens,Queens County,2019-07-31,3296.430053270634
11109,Queens,Queens County,2019-08-31,3331.9862948213968
11109,Queens,Queens County,2019-09-30,3284.4299466671864
11109,Queens,Queens County,2019-10-31,3288.4571955040155
11109,Queens,Queens County,2019-11-30,3243.9269581907624
11109,Queens,Queens County,2019-12-31,3206.0671647927925
11109,Queens,Queens County,2020-01-31,3203.7509101991714
11109,Queens,Queens County,2020-02-29,3205.720246555542
11109,Queens,Queens County,2020-03-31,3251.424588236932
11109,Queens,Queens County,2020-04-30,3245.0902240208875
11109,Queens,Queens County,2020-05-31,3205.1809982950267
11109,Queens,Queens County,2020-06-30,3179.9093262261063
11109,Queens,Queens County,2020-07-31,3141.302168268306
11109,Queens,Queens County,2020-08-31,3059.905870506908
11109,Queens,Queens County,2020-09-30,2964.4793261450704
11109,Queens,Queens County,2020-10-31,3031.2015452569185
11109,Queens,Queens County,2020-11-30,3145.3124128335453
11109,Queens,Queens County,2020-12-31,3260.7207703507456
11109,Queens,Queens County,2021-01-31,3203.932106067472
11109,Queens,Queens County,2021-02-28,3101.37984201986
11109,Queens,Queens County,2021-03-31,2949.4763243555167
11109,Queens,Queens County,2021-04-30,2916.4614751160852
11109,Queens,Queens County,2021-05-31,3015.9427092999804
11109,Queens,Queens County,2021-06-30,3186.2917634122973
11109,Queens,Queens County,2021-07-31,3336.559424219104
11109,Queens,Queens County,2021-08-31,3447.9820722264867
11109,Queens,Queens County,2021-09-30,3546.8012226368373
11109,Queens,Queens County,2021-10-31,3584.6170017013765
11109,Queens,Queens County,2021-11-30,3587.991443994651
11109,Queens,Queens County,2021-12-31,3584.301060947764
11109,Queens,Queens County,2022-01-31,3581.1174815235545
11109,Queens,Queens County,2022-02-28,3619.678455580694
11109,Queens,Queens County,2022-03-31,3676.886671172032
11109,Queens,Queens County,2022-04-30,3757.2749497194295
11109,Queens,Queens County,2022-05-31,3845.761213795215
11109,Queens,Queens County,2022-06-30,3916.812035587816
11109,Queens,Queens County,2022-07-31,4026.0503806681168
11109,Queens,Queens County,2022-08-31,4039.9453509703594
11109,Queens,Queens County,2022-09-30,4063.173356912826
11109,Queens,Queens County,2022-10-31,4012.668856986748
11109,Queens,Queens County,2022-11-30,4002.6242650696017
11109,Queens,Queens County,2022-12-31,3959.993349382887
11109,Queens,Queens County,2023-01-31,3913.366474961216
11109,Queens,Queens County,2023-02-28,3915.6962944818792
11109,Queens,Queens County,2023-03-31,3953.890402634865
11109,Queens,Queens County,2023-04-30,4021.7307319508154
11109,Queens,Queens County,2023-05-31,4069.907185021158
11109,Queens,Queens County,2023-06-30,4111.414745282922
11109,Queens,Queens County,2023-07-31,4205.366938583897
11109,Queens,Queens County,2023-08-31,4246.958493629867
11109,Queens,Queens County,2023-09-30,4272.262314750875
11109,Queens,Queens County,2023-10-31,4201.812944934463
11109,Queens,Queens County,2023-11-30,4128.9655019504735
11109,Queens,Queens County,2023-12-31,4061.4356550083303
11109,Queens,Queens County,2024-01-31,4051.0092055797213
11109,Queens,Queens County,2024-02-29,4084.603829092154
11109,Queens,Queens County,2024-03-31,4132.7924007474885
11109,Queens,Queens County,2024-04-30,4176.625671091106
11109,Queens,Queens County,2024-05-31,4233.773062165611
11109,Queens,Queens County,2024-06-30,4279.025047369533
11109,Queens,Queens County,2024-07-31,4324.367890668892
11109,Queens,Queens County,2024-08-31,4324.704257806352
11109,Queens,Queens County,2024-09-30,4350.187865807196
11109,Queens,Queens County,2024-10-31,4293.175884909471
11109,Queens,Queens County,2024-11-30,4250.381612666966
11109,Queens,Queens County,2024-12-31,4183.714284290872
11109,Queens,Queens County,2025-01-31,4205.18391314469
11109,Queens,Queens County,2025-02-28,4208.7280757102
11109,Queens,Queens County,2025-03-31,4235.0268781319655
11109,Queens,Queens County,2025-04-30,4242.157069086315
11109,Queens,Queens County,2025-05-31,4285.891204520215
11109,Queens,Queens County,2025-06-30,4331.124900022203
11109,Queens,Queens County,2025-07-31,4358.04295756785
11109,Queens,Queens County,2025-08-31,4361.751308685896
11109,Queens,Queens County,2025-09-30,4346.787676725428
11109,Queens,Queens County,2025-10-31,4360.521620898822
11109,Queens,Queens County,2025-11-30,4360.8918955066165
11109,Queens,Queens County,2025-12-31,4328.812682320983
11109,Queens,Queens County,2026-01-31,4287.867419171646
11109,Queens,Queens County,2026-02-28,4273.69566828316
11109,Queens,Queens County,2026-03-31,4301.474015169972
11109,Queens,Queens County,2026-04-30,4325.62761954796
11109,Queens,Queens County,2026-05-31,4368.450622072343
11109,Queens,Queens County,2026-06-30,4424.3326973714165
11109,Queens,Queens County,2026-07-31,4459.809523809524
10006,Manhattan,New York County,2020-05-31,3637.159959671658
10006,Manhattan,New York County,2020-06-30,3544.7727517880185
10006,Manhattan,New York County,2020-07-31,3504.5541642062994
10006,Manhattan,New York County,2020-08-31,3395.2738301068207
10006,Manhattan,New York County,2020-09-30,3217.1944684277887
10006,Manhattan,New York County,2020-10-31,3063.532600426136
10006,Manhattan,New York County,2020-11-30,2962.3351415129296
10006,Manhattan,New York County,2020-12-31,2928.684968427264
10006,Manhattan,New York County,2021-01-31,2883.696560803346
10006,Manhattan,New York County,2021-02-28,2932.8996879915726
10006,Manhattan,New York County,2021-03-31,2985.520454441483
10006,Manhattan,New York County,2021-04-30,3110.797993118395
10006,Manhattan,New York County,2021-05-31,3179.476527865952
10006,Manhattan,New York County,2021-06-30,3294.168285118007
10006,Manhattan,New York County,2021-07-31,3465.961653984982
10006,Manhattan,New York County,2021-08-31,3647.853352617561
10006,Manhattan,New York County,2021-09-30,3789.877973534806
10006,Manhattan,New York County,2021-10-31,3838.8573095406664
10006,Manhattan,New York County,2021-11-30,3852.989233000865
10006,Manhattan,New York County,2021-12-31,3854.8943875667533
10006,Manhattan,New York County,2022-01-31,3874.9061409004257
10006,Manhattan,New York County,2022-02-28,3934.3742303070103
10006,Manhattan,New York County,2022-03-31,4032.5553594601
10006,Manhattan,New York County,2022-04-30,4098.115277566311
10006,Manhattan,New York County,2022-05-31,4180.233286487096
10006,Manhattan,New York County,2022-06-30,4233.308397234127
10006,Manhattan,New York County,2022-07-31,4305.265591918223
10006,Manhattan,New York County,2022-08-31,4287.587045602212
10006,Manhattan,New York County,2022-09-30,4288.0576933369875
10006,Manhattan,New York County,2022-10-31,4332.273145037223
10006,Manhattan,New York County,2022-11-30,4281.737390088241
10006,Manhattan,New York County,2022-12-31,4177.736056942685
10006,Manhattan,New York County,2023-01-31,4043.6839536564107
10006,Manhattan,New York County,2023-02-28,4065.1071335618312
10006,Manhattan,New York County,2023-03-31,4167.411313965401
10006,Manhattan,New York County,2023-04-30,4271.478505476341
10006,Manhattan,New York County,2023-05-31,4358.922612754321
10006,Manhattan,New York County,2023-06-30,4407.561720154583
10006,Manhattan,New York County,2023-07-31,4410.878317622255
10006,Manhattan,New York County,2023-08-31,4385.987152009563
10006,Manhattan,New York County,2023-09-30,4391.912328146897
10006,Manhattan,New York County,2023-10-31,4390.148813765773
10006,Manhattan,New York County,2023-11-30,4377.607153548961
10006,Manhattan,New York County,2023-12-31,4291.559019435033
10006,Manhattan,New York County,2024-01-31,4292.286757875207
10006,Manhattan,New York County,2024-02-29,4329.19330416139
10006,Manhattan,New York County,2024-03-31,4382.257362637471
10006,Manhattan,New York County,2024-04-30,4439.190388053938
10006,Manhattan,New York County,2024-05-31,4452.512952174565
10006,Manhattan,New York County,2024-06-30,4545.125027132231
10006,Manhattan,New York County,2024-07-31,4572.987748848365
10006,Manhattan,New York County,2024-08-31,4588.016754245114
10006,Manhattan,New York County,2024-09-30,4561.1255153389875
10006,Manhattan,New York County,2024-10-31,4511.365260252848
10006,Manhattan,New York County,2024-11-30,4445.281186018822
10006,Manhattan,New York County,2024-12-31,4384.806278053009
10006,Manhattan,New York County,2025-01-31,4380.6930402644
10006,Manhattan,New York County,2025-02-28,4490.782055902153
10006,Manhattan,New York County,2025-03-31,4540.328465026194
10006,Manhattan,New York County,2025-04-30,4564.830253684681
10006,Manhattan,New York County,2025-05-31,4591.097112610727
10006,Manhattan,New York County,2025-06-30,4644.778541085695
10006,Manhattan,New York County,2025-07-31,4704.005303944442
10006,Manhattan,New York County,2025-08-31,4668.466021159951
10006,Manhattan,New York County,2025-09-30,4669.997500237611
10006,Manhattan,New York County,2025-10-31,4650.416390812695
10006,Manhattan,New York County,2025-11-30,4704.1399290227855
10006,Manhattan,New York County,2025-12-31,4694.481371803564
10006,Manhattan,New York County,2026-01-31,4771.885891890705
10006,Manhattan,New York County,2026-02-28,4718.87794831818
10006,Manhattan,New York County,2026-03-31,4793.734901732919
10006,Manhattan,New York County,2026-04-30,4788.337204116015
10006,Manhattan,New York County,2026-05-31,4864.800366121068
10006,Manhattan,New York County,2026-06-30,4907.210754746166
10006,Manhattan,New York County,2026-07-31,4958.273504273504
10162,Manhattan,New York County,2026-07-31,7545.0
10004,Manhattan,New York County,2017-01-31,3306.0787444021416
10004,Manhattan,New York County,2017-02-28,3296.6095193594547
10004,Manhattan,New York County,2017-03-31,3256.706393328793
10004,Manhattan,New York County,2017-04-30,3228.4783392896766
10004,Manhattan,New York County,2017-05-31,3261.2062261297083
10004,Manhattan,New York County,2017-06-30,3260.171487283052
10004,Manhattan,New York County,2017-07-31,3317.904458928632
10004,Manhattan,New York County,2017-08-31,3338.4230130490755
10004,Manhattan,New York County,2017-09-30,3370.4445750448735
10004,Manhattan,New York County,2017-10-31,3281.240370467734
10004,Manhattan,New York County,2017-11-30,3244.578209602587
10004,Manhattan,New York County,2017-12-31,3215.7989634769306
10004,Manhattan,New York County,2018-01-31,3249.587573694056
10004,Manhattan,New York County,2018-02-28,3281.6111236276793
10004,Manhattan,New York County,2018-03-31,3234.64105118583
10004,Manhattan,New York County,2018-04-30,3261.721229409931
10004,Manhattan,New York County,2018-05-31,3253.10088453599
10004,Manhattan,New York County,2018-06-30,3334.625882593768
10004,Manhattan,New York County,2018-07-31,3388.52768247647
10004,Manhattan,New York County,2018-08-31,3383.641000878778
10004,Manhattan,New York County,2018-09-30,3394.0227192328825
10004,Manhattan,New York County,2018-10-31,3365.7904817496546
10004,Manhattan,New York County,2018-11-30,3322.949278810978
10004,Manhattan,New York County,2018-12-31,3277.0223129157594
10004,Manhattan,New York County,2019-01-31,3273.0886663577744
10004,Manhattan,New York County,2019-02-28,3322.1821919607823
10004,Manhattan,New York County,2019-03-31,3346.113197330732
10004,Manhattan,New York County,2019-04-30,3390.721567565375
10004,Manhattan,New York County,2019-05-31,3424.9895631484637
10004,Manhattan,New York County,2019-06-30,3465.0756753314863
10004,Manhattan,New York County,2019-07-31,3507.055199960114
10004,Manhattan,New York County,2019-08-31,3522.8092174001063
10004,Manhattan,New York County,2019-09-30,3529.4704935710697
10004,Manhattan,New York County,2019-10-31,3520.5301893023507
10004,Manhattan,New York County,2019-11-30,3456.252200637677
10004,Manhattan,New York County,2019-12-31,3422.8927479727395
10004,Manhattan,New York County,2020-01-31,3377.382939751769
10004,Manhattan,New York County,2020-02-29,3425.162808507324
10004,Manhattan,New York County,2020-03-31,3417.01063444634
10004,Manhattan,New York County,2020-04-30,3391.18991343307
10004,Manhattan,New York County,2020-05-31,3325.745620055963
10004,Manhattan,New York County,2020-06-30,3301.3817308245343
10004,Manhattan,New York County,2020-07-31,3249.7679991478212
10004,Manhattan,New York County,2020-08-31,3143.1458257687646
10004,Manhattan,New York County,2020-09-30,2989.44169909163
10004,Manhattan,New York County,2020-10-31,2809.2494213368086
10004,Manhattan,New York County,2020-11-30,2702.0626208241565
10004,Manhattan,New York County,2020-12-31,2672.0453414545786
10004,Manhattan,New York County,2021-01-31,2634.850720310215
10004,Manhattan,New York County,2021-02-28,2681.4285804229426
10004,Manhattan,New York County,2021-03-31,2766.2304067220703
10004,Manhattan,New York County,2021-04-30,2914.1864971090095
10004,Manhattan,New York County,2021-05-31,3059.122435663611
10004,Manhattan,New York County,2021-06-30,3187.5214751776725
10004,Manhattan,New York County,2021-07-31,3393.398104398351
10004,Manhattan,New York County,2021-08-31,3516.3577784558347
10004,Manhattan,New York County,2021-09-30,3685.3677072634728
10004,Manhattan,New York County,2021-10-31,3710.646917721542
10004,Manhattan,New York County,2021-11-30,3750.206354995416
10004,Manhattan,New York County,2021-12-31,3698.066404015043
10004,Manhattan,New York County,2022-01-31,3767.1585058408573
10004,Manhattan,New York County,2022-02-28,3825.2781253576286
10004,Manhattan,New York County,2022-03-31,3945.8459174562795
10004,Manhattan,New York County,2022-04-30,3975.2082324650005
10004,Manhattan,New York County,2022-05-31,4059.929980955196
10004,Manhattan,New York County,2022-06-30,4084.7279976564664
10004,Manhattan,New York County,2022-07-31,4138.8653933996775
10004,Manhattan,New York County,2022-08-31,4162.643482631096
10004,Manhattan,New York County,2022-09-30,4174.001938919761
10004,Manhattan,New York County,2022-10-31,4094.8394034576118
10004,Manhattan,New York County,2022-11-30,3985.1729330760877
10004,Manhattan,New York County,2022-12-31,3844.061973746142
10004,Manhattan,New York County,2023-01-31,3812.5317043280584
10004,Manhattan,New York County,2023-02-28,3850.6401297472316
10004,Manhattan,New York County,2023-03-31,3944.1245481866054
10004,Manhattan,New York County,2023-04-30,4090.7870071727193
10004,Manhattan,New York County,2023-05-31,4162.558703006273
10004,Manhattan,New York County,2023-06-30,4207.038435222026
10004,Manhattan,New York County,2023-07-31,4183.728767693824
10004,Manhattan,New York County,2023-08-31,4188.462578219713
10004,Manhattan,New York County,2023-09-30,4185.310393015092
10004,Manhattan,New York County,2023-10-31,4214.743438282773
10004,Manhattan,New York County,2023-11-30,4134.6354782702565
10004,Manhattan,New York County,2023-12-31,4012.679038417916
10004,Manhattan,New York County,2024-01-31,3991.2897815858655
10004,Manhattan,New York County,2024-02-29,4027.876559365729
10004,Manhattan,New York County,2024-03-31,4203.311525772959
10004,Manhattan,New York County,2024-04-30,4259.353795197247
10004,Manhattan,New York County,2024-05-31,4373.794518986663
10004,Manhattan,New York County,2024-06-30,4431.681592830744
10004,Manhattan,New York County,2024-07-31,4452.160583958519
10004,Manhattan,New York County,2024-08-31,4430.512333537955
10004,Manhattan,New York County,2024-09-30,4357.706339419671
10004,Manhattan,New York County,2024-10-31,4298.441040586054
10004,Manhattan,New York County,2024-11-30,4264.405652823634
10004,Manhattan,New York County,2024-12-31,4221.307213391135
10004,Manhattan,New York County,2025-01-31,4235.551795348576
10004,Manhattan,New York County,2025-02-28,4296.439124305095
10004,Manhattan,New York County,2025-03-31,4351.419787996977
10004,Manhattan,New York County,2025-04-30,4411.042314562072
10004,Manhattan,New York County,2025-05-31,4442.903457673681
10004,Manhattan,New York County,2025-06-30,4523.107013910148
10004,Manhattan,New York County,2025-07-31,4546.5135099226245
10004,Manhattan,New York County,2025-08-31,4587.3042533969765
10004,Manhattan,New York County,2025-09-30,4636.033329032722
10004,Manhattan,New York County,2025-10-31,4632.80035481285
10004,Manhattan,New York County,2025-11-30,4593.012742480122
10004,Manhattan,New York County,2025-12-31,4510.773425858078
10004,Manhattan,New York County,2026-01-31,4553.5477597783765
10004,Manhattan,New York County,2026-02-28,4590.150520578705
10004,Manhattan,New York County,2026-03-31,4694.533056101767
10004,Manhattan,New York County,2026-04-30,4743.194169787572
10004,Manhattan,New York County,2026-05-31,4815.622650199242
10004,Manhattan,New York County,2026-06-30,4847.2945587716395
10004,Manhattan,New York County,2026-07-31,4865.747474747474
